architecture,method,batch_size,throughput_img_per_sec,speedup_vs_clean,top1_accuracy,top1_drop,level_c7_passed
deit_tiny,Clean,64,11250.689981567115,1.0,72.2,0.0,False
deit_tiny,Attention_Pruning,64,14683.928434620411,1.3051580355229981,70.23506652593613,1.9649334740638693,False
deit_tiny,ToMe,64,14655.235567538022,1.3026077148644963,70.8609342250824,1.3390657749176,False
deit_tiny,Hybrid_Group_Mean,64,6856.192782497148,0.6094019827877388,71.16035265922547,1.0396473407745361,False
deit_tiny,Full_Amortized_Operator,64,2868.3859045252375,0.254951999319574,71.23799405670167,0.9620059432983368,False
deit_tiny,Restricted_Carrier_Operator,64,4070.152466888818,0.361769142475463,71.36709442138672,0.8329055786132784,False
deit_tiny,Selective_Restricted_Operator_30pct,64,6735.131140088172,0.5986416078589726,71.28482772827148,0.9151722717285224,False
deit_small,Clean,64,5552.005225409581,1.0,79.8,0.0,False
deit_small,Attention_Pruning,64,7332.655067344277,1.3207219319220533,73.88269335508346,5.917306644916536,False
deit_small,ToMe,64,7306.069514311279,1.3159334722658331,75.76746510124207,4.03253489875793,False
deit_small,Hybrid_Group_Mean,64,4199.938053864555,0.7564722804371493,76.66914992332458,3.130850076675415,False
deit_small,Full_Amortized_Operator,64,2378.131888370195,0.42833747300638686,76.90185009670257,2.8981499032974227,False
deit_small,Restricted_Carrier_Operator,64,2352.5398615074023,0.42372796241989336,77.2907793045044,2.5092206954956,False
deit_small,Selective_Restricted_Operator_30pct,64,4357.802850223252,0.7849061146915202,77.04287322998047,2.757126770019525,False
vit_base,Clean,64,2564.001893585037,1.0,81.8,0.0,False
vit_base,Attention_Pruning,64,3608.22630594566,1.4072635105977118,73.01674673557281,8.783253264427188,False
vit_base,ToMe,64,3545.4248329528928,1.3827699744775193,75.8143755531311,5.985624446868897,False
vit_base,Hybrid_Group_Mean,64,2609.1877096185476,1.0176231601648043,77.15277605056762,4.647223949432373,False
vit_base,Full_Amortized_Operator,64,1746.3477225652864,0.6811023529017404,77.50624176597594,4.293758234024054,False
vit_base,Restricted_Carrier_Operator,64,1251.4368711998761,0.4880795425038056,78.08246040344238,3.7175395965576143,False
vit_base,Selective_Restricted_Operator_30pct,64,2495.2583597633056,0.9731889691681885,77.71067707061768,4.08932292938232,False
dinov2,Clean,64,3179.384868964104,1.0,84.5,0.0,False
dinov2,Attention_Pruning,64,4108.583003024607,1.2922572045715406,84.15885068967938,0.3411493103206169,False
dinov2,ToMe,64,4024.6256805923276,1.265850422790625,84.26751306259632,0.23248693740367798,False
dinov2,Hybrid_Group_Mean,64,2953.405415125104,0.9289235298170655,84.31949771940708,0.1805022805929184,False
dinov2,Full_Amortized_Operator,64,1920.5757889813553,0.6040715006633062,84.33623862588405,0.16376137411594982,False
dinov2,Restricted_Carrier_Operator,64,1663.736641125422,0.5232888466464567,84.35821526050567,0.14178473949432657,False
dinov2,Selective_Restricted_Operator_30pct,64,2808.334670156313,0.8832949724238056,84.34198760151862,0.15801239848137527,False
