architecture,depth,budget_tokens,budget_percent,basis_type,q_dimension,restricted_je,recovered_gain,oracle_recovery_pct
deit_tiny,8,98,50,group_residual,16,2.7831941652297973,1.3753957962989811,367.68241839421864
deit_tiny,8,98,50,feature_pca,16,2.5811255526542665,1.577464408874512,421.70110621721466
deit_tiny,8,98,50,group_statistics,16,3.136717268228531,1.0218726933002475,273.1756372781398
deit_tiny,8,98,50,hybrid_semantic,16,3.0419873332977296,1.1166026282310488,298.4996434030739
deit_tiny,8,98,50,random_control,16,3.2516974222660067,0.9068925392627718,242.43817158455633
deit_tiny,8,49,25,group_residual,16,4.067223023176194,2.1963580453395837,381.07141734499703
deit_tiny,8,49,25,feature_pca,16,3.674795722961426,2.5887853455543515,449.15814292010293
deit_tiny,8,49,25,group_statistics,16,4.239041390419007,2.0245396780967706,351.2606727489361
deit_tiny,8,49,25,hybrid_semantic,16,4.658291127681732,1.6052899408340453,278.5202140886438
deit_tiny,8,49,25,random_control,16,4.603490273952485,1.6600907945632928,288.028244460391
deit_tiny,8,32,16,group_residual,16,4.960289568901062,2.623316268920899,374.65314813683216
deit_tiny,8,32,16,feature_pca,16,4.354030241966248,3.229575595855713,461.2370526833007
deit_tiny,8,32,16,group_statistics,16,4.661170680522918,2.9224351572990424,417.37229509053117
deit_tiny,8,32,16,hybrid_semantic,16,5.762870354652405,1.820735483169556,260.0312774999525
deit_tiny,8,32,16,random_control,16,5.387939114570617,2.1956667232513434,313.57768785682117
deit_small,8,98,50,group_residual,16,7.525466270446778,4.997936391830445,431.0747103093636
deit_small,8,98,50,feature_pca,16,6.447018520832062,6.0763841414451605,524.0914105636634
deit_small,8,98,50,group_statistics,16,7.579647183418274,4.943755478858948,426.40157733358944
deit_small,8,98,50,hybrid_semantic,16,8.028175444602967,4.495227217674255,387.7157728139881
deit_small,8,98,50,random_control,16,10.113838896751403,2.409563765525819,207.82617479762834
deit_small,8,49,25,group_residual,16,11.139533228874207,7.967685170173645,428.17678026750355
deit_small,8,49,25,feature_pca,16,9.024089632034302,10.08312876701355,541.8589613259547
deit_small,8,49,25,group_statistics,16,9.19572319984436,9.911495199203491,532.6355160113939
deit_small,8,49,25,hybrid_semantic,16,12.30297622203827,6.8042421770095824,365.65432058214947
deit_small,8,49,25,random_control,16,14.28706609249115,4.820152306556702,259.03097963086935
deit_small,8,32,16,group_residual,16,12.822413177490235,9.622750186920166,421.67603356073505
deit_small,8,32,16,feature_pca,16,9.816001143455505,12.629162220954896,553.4192334916869
deit_small,8,32,16,group_statistics,16,9.480459833145142,12.96470353126526,568.1229019938337
deit_small,8,32,16,hybrid_semantic,16,14.570301523208618,7.874861841201783,345.08227289848736
deit_small,8,32,16,random_control,16,15.907598795890808,6.537564568519594,286.4809168742283
vit_base,7,98,50,group_residual,16,11.781759395599366,6.807137346267698,403.15790969567837
vit_base,7,98,50,feature_pca,16,11.829259691238404,6.75963705062866,400.34466839825376
vit_base,7,98,50,group_statistics,16,13.72170253276825,4.867194209098814,288.2632953629287
vit_base,7,98,50,hybrid_semantic,16,13.969259395599366,4.619637346267698,273.6015510388577
vit_base,7,98,50,random_control,16,15.970028753280639,2.618867988586425,155.1044573276203
vit_base,7,49,25,group_residual,16,16.570930228233337,10.027246012687684,406.3280238441608
vit_base,7,49,25,feature_pca,16,16.27471113204956,10.32346510887146,418.3315310708669
vit_base,7,49,25,group_statistics,16,18.05711396217346,8.54106227874756,346.1042995117641
vit_base,7,49,25,hybrid_semantic,16,19.721491241455077,6.876684999465944,278.6597459458194
vit_base,7,49,25,random_control,16,20.65495217323303,5.943224067687989,240.83367333673613
vit_base,7,32,16,group_residual,16,17.745040092468262,11.930333118438721,428.39390832297244
vit_base,7,32,16,feature_pca,16,17.562649641036987,12.112723569869996,434.943177111509
vit_base,7,32,16,group_statistics,16,18.998894176483155,10.676479034423828,383.37056771836785
vit_base,7,32,16,hybrid_semantic,16,21.715798845291136,7.959574365615847,285.8120672090461
vit_base,7,32,16,random_control,16,22.162280893325807,7.513092317581176,269.7798082893012
dinov2,8,128,50,group_residual,16,0.4781509330868721,0.24385815382003778,371.2451299302311
dinov2,8,128,50,feature_pca,16,0.4540940546989441,0.2679150322079658,407.8688753450881
dinov2,8,128,50,group_statistics,16,0.5635383823513984,0.1584707045555115,241.2528610639057
dinov2,8,128,50,hybrid_semantic,16,0.5439440861344338,0.1780650007724761,271.0828541603299
dinov2,8,128,50,random_control,16,0.6076065844297409,0.11440250247716899,174.16424766269316
dinov2,8,64,25,group_residual,16,0.6834781500697136,0.40157106965780254,386.1929679054799
dinov2,8,64,25,feature_pca,16,0.6274537593126297,0.4575954604148864,440.07191331858405
dinov2,8,64,25,group_statistics,16,0.786499742269516,0.2985494774580001,287.11657158068135
dinov2,8,64,25,hybrid_semantic,16,0.8136744517087936,0.2713747680187225,260.9825134194033
dinov2,8,64,25,random_control,16,0.8261640810966492,0.25888513863086693,248.97117244943323
dinov2,8,42,16,group_residual,16,0.8002039906382561,0.49798929899930955,381.49622339528275
dinov2,8,42,16,feature_pca,16,0.720298091173172,0.5778951984643936,442.7099862897642
dinov2,8,42,16,group_statistics,16,0.8668488794565201,0.4313444101810455,330.4413644980005
dinov2,8,42,16,hybrid_semantic,16,0.9762200844287873,0.32197320520877837,246.65502264496175
dinov2,8,42,16,random_control,16,0.921951556801796,0.37624173283576967,288.22868372668
