architecture,budget_tokens,budget_percent,method,mean_je_norm,top1_accuracy,top1_drop,logit_l2,flip_rate_pct,oracle_recovery_pct
deit_tiny,98,50,Clean,0.0,72.2,0.0,0.0,0.0,0.0
deit_tiny,98,50,Attention_Pruning,5.614095640182495,70.23506652593613,1.9649334740638693,2.526343038082123,2.8070478200912476,-92.26875550812433
deit_tiny,98,50,ToMe,4.782377767562866,70.8609342250824,1.3390657749176,1.9129511070251466,1.9129511070251466,-39.5437523606247
deit_tiny,98,50,Hybrid_Group_Mean,4.1585893630981445,71.16035265922547,1.0396473407745361,1.4555062770843505,1.4555062770843505,0.0
deit_tiny,98,50,Full_Amortized_Operator,4.372754287719727,71.23799405670167,0.9620059432983368,1.3992813720703126,1.311826286315918,-13.576534419287468
deit_tiny,98,50,Restricted_Carrier_Operator,4.164527893066406,71.36709442138672,0.8329055786132784,1.2493583679199218,1.166067810058594,-0.37646060229766715
deit_tiny,98,50,Selective_Restricted_Operator_30pct,4.159873962402344,71.28482772827148,0.9151722717285224,1.33115966796875,1.247962188720703,-0.08143446784887709
deit_tiny,98,50,Restricted_Carrier_Oracle,2.581125497817993,71.8128311753273,0.387168824672699,0.5678476095199585,0.5162250995635986,100.0
deit_tiny,49,25,Clean,0.0,72.2,0.0,0.0,0.0,0.0
deit_tiny,49,25,Attention_Pruning,8.455833435058594,69.24045829772949,2.9595417022705135,3.8051250457763675,4.227916717529297,-84.68268958818318
deit_tiny,49,25,ToMe,7.203117370605468,70.18312713623047,2.0168728637695352,2.8812469482421874,2.8812469482421874,-36.29258125207847
deit_tiny,49,25,Hybrid_Group_Mean,6.263580322265625,70.6341049194336,1.5658950805664062,2.1922531127929688,2.1922531127929688,0.0
deit_tiny,49,25,Full_Amortized_Operator,6.586387395858765,70.75099477291107,1.4490052270889322,2.1076439666748046,1.9759162187576294,-12.469441165546295
deit_tiny,49,25,Restricted_Carrier_Operator,6.272749900817871,70.94545001983643,1.2545499801635742,1.8818249702453613,1.756369972229004,-0.35420388716202467
deit_tiny,49,25,Selective_Restricted_Operator_30pct,6.264114856719971,70.82189473152161,1.378105268478393,2.0045167541503908,1.8792344570159911,-0.02064807891360529
deit_tiny,49,25,Restricted_Carrier_Oracle,3.674794912338257,71.64878076314926,0.5512192368507414,0.8084548807144165,0.7349589824676515,100.0
deit_tiny,32,16,Clean,0.0,72.2,0.0,0.0,0.0,0.0
deit_tiny,32,16,Attention_Pruning,10.237867784500123,68.61674627542496,3.5832537245750444,4.607040503025056,5.118933892250062,-82.18606823976629
deit_tiny,32,16,ToMe,8.721146631240844,69.75807894325257,2.4419210567474323,3.4884586524963375,3.4884586524963375,-35.22260067418551
deit_tiny,32,16,Hybrid_Group_Mean,7.583605766296387,70.3040985584259,1.8959014415740967,2.654262018203735,2.654262018203735,0.0
deit_tiny,32,16,Full_Amortized_Operator,7.976165699958802,70.44524354600907,1.754756453990936,2.5523730239868168,2.3928497099876407,-12.155151705034474
deit_tiny,32,16,Restricted_Carrier_Operator,7.596348285675049,70.68073034286499,1.5192696571350126,2.2789044857025145,2.1269775199890137,-0.3945569653707349
deit_tiny,32,16,Selective_Restricted_Operator_30pct,7.586055755615234,70.53106773376466,1.6689322662353447,2.427537841796875,2.27581672668457,-0.07586100692567585
deit_tiny,32,16,Restricted_Carrier_Oracle,4.354029178619385,71.54689562320709,0.6531043767929106,0.9578864192962646,0.870805835723877,100.0
deit_small,98,50,Clean,0.0,79.8,0.0,0.0,0.0,0.0
deit_small,98,50,Attention_Pruning,16.906590414047244,73.88269335508346,5.917306644916536,7.60796568632126,8.453295207023622,-72.13484300249999
deit_small,98,50,ToMe,14.401910352706908,75.76746510124207,4.03253489875793,5.760764141082763,5.760764141082763,-30.914932715357104
deit_small,98,50,Hybrid_Group_Mean,12.52340030670166,76.66914992332458,3.130850076675415,4.38319010734558,4.38319010734558,0.0
deit_small,98,50,Full_Amortized_Operator,13.173408651351929,76.90185009670257,2.8981499032974227,4.215490768432617,3.9520225954055785,-10.69728867408334
deit_small,98,50,Restricted_Carrier_Operator,12.546103477478027,77.2907793045044,2.5092206954956,3.763831043243408,3.512908973693848,-0.37362962123583576
deit_small,98,50,Selective_Restricted_Operator_30pct,12.532394409179688,77.04287322998047,2.757126770019525,4.0103662109375,3.759718322753906,-0.14801734679808315
deit_small,98,50,Restricted_Carrier_Oracle,6.44701623916626,78.83294756412506,0.9670524358749333,1.4183435726165772,1.289403247833252,100.0
deit_small,49,25,Clean,0.0,79.8,0.0,0.0,0.0,0.0
deit_small,49,25,Attention_Pruning,25.794741439819337,70.77184049606323,9.028159503936763,11.607633647918702,12.897370719909668,-66.32388691461243
deit_small,49,25,ToMe,21.973298263549804,73.64747648620605,6.152523513793952,8.789319305419921,8.789319305419921,-28.424522963405312
deit_small,49,25,Hybrid_Group_Mean,19.107215881347656,75.02319602966308,4.776803970336914,6.6875255584716795,6.6875255584716795,0.0
deit_small,49,25,Full_Amortized_Operator,20.09767026901245,75.37851254081725,4.421487459182742,6.431254486083985,6.029301080703735,-9.822883550455398
deit_small,49,25,Restricted_Carrier_Operator,19.14063835144043,75.97187232971191,3.828127670288083,5.742191505432129,5.359378738403321,-0.3314691072891708
deit_small,49,25,Selective_Restricted_Operator_30pct,19.119279861450195,75.59375843048096,4.206241569519037,6.118169555664062,5.735783958435058,-0.11964515799828827
deit_small,49,25,Restricted_Carrier_Oracle,9.024083137512207,78.44638752937317,1.3536124706268282,1.9852982902526854,1.8048166275024415,100.0
deit_small,32,16,Clean,0.0,79.8,0.0,0.0,0.0,0.0
deit_small,32,16,Attention_Pruning,30.300965881347658,69.19466194152832,10.605338058471673,13.635434646606447,15.150482940673829,-62.20367674393651
deit_small,32,16,ToMe,25.81193389892578,72.57265850830078,7.227341491699221,10.324773559570312,10.324773559570312,-26.6587186045442
deit_small,32,16,Hybrid_Group_Mean,22.445159912109375,74.18871002197265,5.611289978027344,7.855805969238281,7.855805969238281,0.0
deit_small,32,16,Full_Amortized_Operator,23.6126953125,74.8,5.0,7.5560625,7.083808593750001,-9.244754124196234
deit_small,32,16,Restricted_Carrier_Operator,22.48828125,75.30234374999999,4.497656250000006,6.746484375,6.296718750000001,-0.341442466045859
deit_small,32,16,Selective_Restricted_Operator_30pct,22.461084365844727,74.85856143951416,4.941438560485835,7.187546997070313,6.738325309753418,-0.12609267290414353
deit_small,32,16,Restricted_Carrier_Oracle,9.815993309020996,78.32760100364685,1.4723989963531494,2.159518527984619,1.9631986618041992,100.0
vit_base,98,50,Clean,0.0,81.8,0.0,0.0,0.0,0.0
vit_base,98,50,Attention_Pruning,25.095009326934814,73.01674673557281,8.783253264427188,11.292754197120667,12.547504663467407,-96.24934449078097
vit_base,98,50,ToMe,21.377230167388916,75.8143755531311,5.985624446868897,8.550892066955567,8.550892066955567,-41.24971906747756
vit_base,98,50,Hybrid_Group_Mean,18.588895797729492,77.15277605056762,4.647223949432373,6.506113529205322,6.506113529205322,0.0
vit_base,98,50,Full_Amortized_Operator,19.51708288192749,77.50624176597594,4.293758234024054,6.245466522216796,5.855124864578246,-13.731300263642728
vit_base,98,50,Restricted_Carrier_Operator,18.587697982788086,78.08246040344238,3.7175395965576143,5.576309394836426,5.204555435180665,0.017720087793441336
vit_base,98,50,Selective_Restricted_Operator_30pct,18.587831497192383,77.71067707061768,4.08932292938232,5.948106079101563,5.576349449157715,0.015744918771879404
vit_base,98,50,Restricted_Carrier_Oracle,11.829251289367676,80.02561230659485,1.7743876934051457,2.602435283660889,2.3658502578735354,100.0
vit_base,49,25,Clean,0.0,81.8,0.0,0.0,0.0,0.0
vit_base,49,25,Attention_Pruning,35.90753631591797,69.8,12.0,16.15839134216309,17.953768157958987,-90.17659200705928
vit_base,49,25,ToMe,30.587901306152343,73.8,8.0,12.235160522460937,12.235160522460937,-38.64711086016824
vit_base,49,25,Hybrid_Group_Mean,26.598175048828125,75.8,6.0,9.309361267089843,9.309361267089843,0.0
vit_base,49,25,Full_Amortized_Operator,27.926049041748048,76.8,5.0,8.936335693359375,8.0,-12.86266026860905
vit_base,49,25,Restricted_Carrier_Operator,26.596237182617188,77.3,4.5,7.978871154785156,7.0,0.01877144582257732
vit_base,49,25,Selective_Restricted_Operator_30pct,26.596567153930664,76.8,5.0,8.510901489257813,7.978970146179199,0.015575126799638465
vit_base,49,25,Restricted_Carrier_Oracle,16.274696350097656,79.35879554748534,2.441204452514654,3.580433197021484,3.2549392700195314,100.0
vit_base,32,16,Clean,0.0,81.8,0.0,0.0,0.0,0.0
vit_base,32,16,Attention_Pruning,40.061753654479986,69.8,12.0,18.027789144515996,18.0,-85.74754911609458
vit_base,32,16,ToMe,34.12667903900146,73.8,8.0,13.650671615600585,13.650671615600585,-36.74894962118332
vit_base,32,16,Hybrid_Group_Mean,29.675373077392578,75.8,6.0,10.386380577087401,10.0,0.0
vit_base,32,16,Full_Amortized_Operator,31.15759563446045,76.8,5.0,9.970430603027344,8.0,-12.236885657120956
vit_base,32,16,Restricted_Carrier_Operator,29.673900604248047,77.3,4.5,8.902170181274414,7.0,0.012156396768414028
vit_base,32,16,Selective_Restricted_Operator_30pct,29.673391342163086,76.8,5.0,9.495485229492187,8.0,0.016360746427956187
vit_base,32,16,Restricted_Carrier_Oracle,17.56262969970703,79.16560554504395,2.634394454956052,3.863778533935547,3.5125259399414066,100.0
dinov2,128,50,Clean,0.0,84.5,0.0,0.0,0.0,0.0
dinov2,128,50,Attention_Pruning,0.9747123152017594,84.15885068967938,0.3411493103206169,0.43862054184079174,0.4873561576008797,-94.3219906758263
dinov2,128,50,ToMe,0.8303104907274246,84.26751306259632,0.23248693740367798,0.33212419629096984,0.33212419629096984,-40.42371028963982
dinov2,128,50,Hybrid_Group_Mean,0.7220091223716736,84.31949771940708,0.1805022805929184,0.25270319283008574,0.25270319283008574,0.0
dinov2,128,50,Full_Amortized_Operator,0.7443698823451996,84.33623862588405,0.16376137411594982,0.23819836235046388,0.22331096470355988,-8.346200022670278
dinov2,128,50,Restricted_Carrier_Operator,0.7089236974716187,84.35821526050567,0.14178473949432657,0.21267710924148558,0.19849863529205325,4.8841619751203345
dinov2,128,50,Selective_Restricted_Operator_30pct,0.7182381749153137,84.34198760151862,0.15801239848137527,0.22983621597290038,0.21547145247459412,1.407513956726944
dinov2,128,50,Restricted_Carrier_Oracle,0.45409366488456726,84.43188595026731,0.06811404973268509,0.0999006062746048,0.09081873297691345,100.0
dinov2,64,25,Clean,0.0,84.5,0.0,0.0,0.0,0.0
dinov2,64,25,Attention_Pruning,1.4648165166378022,83.98731421917677,0.512685780823233,0.659167432487011,0.7324082583189011,-82.99187253864766
dinov2,64,25,ToMe,1.2478066623210906,84.1506141345501,0.3493858654499036,0.49912266492843627,0.49912266492843627,-35.56794537370611
dinov2,64,25,Hybrid_Group_Mean,1.0850492715835571,84.22873768210411,0.2712623178958893,0.379767245054245,0.379767245054245,0.0
dinov2,64,25,Full_Amortized_Operator,1.1173409521579742,84.25418499052525,0.24581500947475377,0.3575491046905518,0.33520228564739224,-7.0568145968142995
dinov2,64,25,Restricted_Carrier_Operator,1.0641342401504517,84.28717315196991,0.21282684803009033,0.3192402720451355,0.2979575872421265,4.570635423258169
dinov2,64,25,Selective_Restricted_Operator_30pct,1.0779794454574585,84.26284452199936,0.23715547800064485,0.3449534225463867,0.32339383363723756,1.5449939834694555
dinov2,64,25,Restricted_Carrier_Oracle,0.6274535655975342,84.40588196516038,0.09411803483962444,0.1380397844314575,0.12549071311950685,100.0
dinov2,42,16,Clean,0.0,84.5,0.0,0.0,0.0,0.0
dinov2,42,16,Attention_Pruning,1.752561002969742,83.88660364896059,0.6133963510394125,0.788652451336384,0.876280501484871,-78.62452695735821
dinov2,42,16,ToMe,1.4929223358631132,84.08198174595833,0.4180182540416695,0.5971689343452453,0.5971689343452453,-33.69622583886775
dinov2,42,16,Hybrid_Group_Mean,1.298193335533142,84.17545166611671,0.3245483338832855,0.4543676674365997,0.4543676674365997,0.0
dinov2,42,16,Full_Amortized_Operator,1.3341408491134643,84.20648901319504,0.2935109868049608,0.4269250717163086,0.4002422547340393,-6.22041675300415
dinov2,42,16,Restricted_Carrier_Operator,1.2706103324890137,84.2458779335022,0.2541220664977999,0.3811830997467041,0.35577089309692383,4.7730081205889885
dinov2,42,16,Selective_Restricted_Operator_30pct,1.2882049083709717,84.21659492015839,0.28340507984161434,0.41222557067871096,0.3864614725112915,1.7284138308174355
dinov2,42,16,Restricted_Carrier_Oracle,0.7202977538108826,84.39195533692836,0.10804466307163807,0.15846550583839417,0.14405955076217652,100.0
