architecture,batch_size,budget_tokens,prefix_ms,grouping_ms,gate_ms,basis_construction_ms,predictor_ms,restricted_solve_ms,operator_total_batch_ms,operator_overhead_per_image_ms,suffix_and_head_ms,total_pipeline_batch_ms,throughput_img_per_sec,level_c3_no_ambient_tensor,level_c4_overhead_lt_0_25ms
deit_tiny,1,98,0.8805066657563051,5.375806669083734,0.255926667402188,0.5818733324607213,0.1804333257799347,0.04408666864037514,1.062319994283219,1.062319994283219,0.3650966643666228,7.68372999348988,130.1451249389633,True,False
deit_tiny,8,98,0.7013266673311591,4.540863338237008,0.24919333712508282,0.3686766683434447,0.1492699996257822,0.04390999674797058,0.8110500018422804,0.10138125023028505,0.2778566675260663,6.331096674936514,1263.6041448664532,True,True
deit_tiny,16,98,1.0592466685920954,4.382299996602039,0.22229666355997324,0.39123999886214733,0.14851000159978867,0.03610999944309393,0.7981566634650031,0.049884791466562696,0.24892999790608883,6.4886333265652265,2465.8505412062846,True,True
deit_tiny,32,98,1.9178200047463179,4.227459997249146,0.255883337619404,2.8150066655750074,0.19461334062119326,0.12716333537052077,3.3926666791861253,0.10602083372456642,0.32550666170815623,9.863453342889745,3244.299829640072,True,True
deit_tiny,64,98,3.7529466673731804,4.695160003999869,0.280753329085807,6.114886670062939,0.16279333115865788,0.24412333344419795,6.802556663751601,0.10628994787111877,0.5602333384255568,15.810896673550209,4047.8412655156085,True,True
deit_small,1,98,0.5759733341013392,4.854693333618343,0.2506466660027703,0.430270005017519,0.2159599990894397,0.04293333428601424,0.9398100043957432,0.9398100043957432,0.37616666716833913,6.7466433392837635,148.22185636778627,True,False
deit_small,8,98,1.0203366711114845,4.781616665422916,0.23076999932527542,0.44640999597807723,0.1821933314204216,0.030760001391172413,0.8901333281149466,0.11126666601436833,0.2548633376136422,6.94695000226299,1151.5845079342698,True,True
deit_small,16,98,1.791613339446485,4.782429997188349,0.28223666207244,2.8178366677214703,0.16713999987890324,0.11961666556696098,3.3868299952397747,0.21167687470248592,0.3210199996829033,10.281893331557512,1556.133630650718,True,True
deit_small,32,98,3.401966664629678,4.685653334793945,0.27177333055684966,6.260803334104518,0.1680233282968402,0.25028000430514413,6.950879997263352,0.21721499991447976,0.5670499987900257,15.605549995477002,2050.5525283809056,True,True
deit_small,64,98,7.725673331879079,4.626863333396614,0.5438966676592827,12.285376666113734,0.21136666958530745,0.4614500018457572,13.502090005204082,0.21097015633131377,1.1002333369106054,26.95486000739038,2374.3399143031247,True,True
vit_base,1,98,0.513666666423281,4.7498000009606285,0.23931999846051136,0.47498000009606284,0.25744333397597075,0.03738333471119404,1.0091266672437391,1.0091266672437391,0.43619333300739527,6.708786667635044,149.05824995513177,True,False
vit_base,8,98,1.6800833322728674,4.820863336014251,0.36358666451026994,2.8428100049495697,0.15738666988909245,0.11545666493475437,3.4792400042836866,0.43490500053546083,0.4086199992646774,10.388806671835484,770.0595701418099,True,False
vit_base,16,98,3.1370799988508224,4.6264666675900425,0.33039667177945375,6.328063334027926,0.28154999793817603,0.23126333641509214,7.171273340160648,0.4482045837600405,0.6908999988809228,15.625720005482435,1023.9528158949634,True,False
vit_base,32,98,6.735469998481373,4.369316661419968,0.5313799949362874,12.254066664415102,0.2093566736827294,0.4572266712784767,13.452030004312595,0.4203759376347686,1.3387099994967382,25.895526663710676,1235.7346662828825,True,False
vit_base,64,98,14.615869995517036,4.630849999375641,1.3669366715475917,24.73108666793754,0.1706266620506843,0.9055566663543383,27.174206667890154,0.42459697918578365,3.1877033334846296,49.60862999626746,1290.098114074413,True,False
dinov2,1,128,0.5710799945518374,5.831909994594753,0.2740466656784216,0.45214333416273195,0.16734666811923185,0.03973666268090407,0.9332733306412895,0.9332733306412895,0.34594666212797165,7.682209981915851,130.1708756144429,True,False
dinov2,8,128,1.590176671743393,5.593613333379229,0.2370800046871106,0.49324332891652983,0.1466433284804225,0.040443334728479385,0.9174099968125423,0.11467624960156779,0.407833334368964,8.509033336304128,940.1773014412439,True,True
dinov2,16,128,2.960346662439406,5.538649996742606,0.2122633314381043,3.9037766633555293,0.14612666176011163,0.1571666682139039,4.419333324767649,0.2762083327979781,0.5724266714726886,13.49075665542235,1185.9972282258245,True,False
dinov2,32,128,6.087746665192147,5.506919999606907,0.373563333414495,8.175686661464473,0.16204999604572853,0.3012700006365776,9.012569991561275,0.28164281223628984,1.0534333375593026,21.66066999391963,1477.3319573670956,True,False
dinov2,64,128,13.284686673432589,5.476716665240625,0.8061899958799282,16.150470000381272,0.17810666467994452,0.6008966670682032,17.73566332800935,0.27711973950014607,2.16000333117942,38.657069997861974,1655.5833125360944,True,False
