architecture,activation_rate,invocations_per_image,mean_je_norm,functional_gain,gain_retention_pct,logit_l2,margin_damage,top1_accuracy,flip_rate_pct,level_c5_passed
deit_tiny,0.0,0.0,4.1585893630981445,0.0,0.0,1.8713652133941652,1.1644050216674806,71.16035265922547,1.6634357452392579,False
deit_tiny,0.05,0.05,4.069978713989258,0.08860992640256882,5.6172395,1.8314904212951661,1.1395940399169924,71.18250532150269,1.6279914855957032,False
deit_tiny,0.1,0.1,3.98030424118042,0.17828500270843506,11.302002,1.791136908531189,1.1144851875305177,71.2049239397049,1.592121696472168,False
deit_tiny,0.2,0.2,3.827608108520508,0.3309812545776367,20.98186,1.7224236488342286,1.0717302703857423,71.24309797286988,1.5310432434082033,False
deit_tiny,0.3,0.3,3.627899169921875,0.5306901335716248,33.641983,1.6325546264648438,1.015811767578125,71.29302520751953,1.4511596679687502,False
deit_tiny,0.5,0.5,3.2889044284820557,0.8696846961975098,55.13183,1.480006992816925,0.9208932399749756,71.37777389287949,1.3155617713928223,False
deit_tiny,1.0,1.0,2.581125259399414,1.577463984489441,100.0,1.1615063667297363,0.722715072631836,71.55471868515015,1.0324501037597658,False
deit_small,0.0,0.0,12.523401260375977,0.0,0.0,5.63553056716919,3.5065523529052736,76.669149684906,5.009360504150391,False
deit_small,0.05,0.05,12.108403205871582,0.4149978756904602,6.8296833,5.448781442642212,3.390352897644043,76.7728991985321,4.843361282348633,False
deit_small,0.1,0.1,11.807903289794922,0.7154994010925293,11.775084,5.313556480407715,3.3062129211425786,76.84802417755127,4.723161315917969,False
deit_small,0.2,0.2,11.10888957977295,1.414513111114502,23.27886,4.999000310897827,3.110489082336426,77.02277760505676,4.44355583190918,False
deit_small,0.3,0.3,10.367332458496094,2.156069278717041,35.48276,4.665299606323242,2.9028530883789063,77.20816688537597,4.146932983398438,False
deit_small,0.5,0.5,9.194254875183105,3.329146385192871,54.788273,4.1374146938323975,2.57439136505127,77.50143628120422,3.677701950073242,False
deit_small,1.0,1.0,6.447015762329102,6.076385021209717,100.0,2.901157093048096,1.8051644134521485,78.18824605941772,2.578806304931641,False
vit_base,0.0,0.0,18.588895797729492,0.0,0.0,8.365003108978271,5.204890823364258,77.15277605056762,7.435558319091797,False
vit_base,0.05,0.05,18.191038131713867,0.39785709977149963,5.885771,8.185967159271241,5.093490676879883,77.25224046707153,7.276415252685547,False
vit_base,0.1,0.1,17.902667999267578,0.6862272620201111,10.151827,8.05620059967041,5.012747039794922,77.3243330001831,7.161067199707031,False
vit_base,0.2,0.2,17.150903701782227,1.4379909038543701,21.273178,7.717906665802002,4.802253036499024,77.51227407455444,6.860361480712891,False
vit_base,0.3,0.3,16.568464279174805,2.02043080329895,29.889606,7.455808925628662,4.639169998168946,77.6578839302063,6.627385711669922,False
vit_base,0.5,0.5,15.3035888671875,3.285306453704834,48.601772,6.886614990234375,4.2850048828125,77.97410278320312,6.121435546875,False
vit_base,1.0,1.0,11.829251289367676,6.759643077850342,100.0,5.323163080215454,3.3121903610229495,78.84268717765808,4.731700515747071,False
dinov2,0.0,0.0,0.7220090627670288,0.0,0.0,0.324904078245163,0.2021625375747681,84.31949773430824,0.2888036251068115,False
dinov2,0.05,0.05,0.7045560479164124,0.01745304837822914,6.5143867,0.31705022156238555,0.19727569341659548,84.3238609880209,0.281822419166565,False
dinov2,0.1,0.1,0.6895911693572998,0.03241792321205139,12.100058,0.3103160262107849,0.19308552742004395,84.32760220766068,0.2758364677429199,False
dinov2,0.2,0.2,0.6585474610328674,0.06346166878938675,23.687199,0.2963463574647904,0.1843932890892029,84.33536313474178,0.263418984413147,False
dinov2,0.3,0.3,0.6322700381278992,0.08973903954029083,33.495285,0.28452151715755464,0.17703561067581178,84.34193249046803,0.2529080152511597,False
dinov2,0.5,0.5,0.5846739411354065,0.13733521103858948,51.26065,0.26310327351093293,0.16370870351791383,84.35383151471615,0.23386957645416262,False
dinov2,1.0,1.0,0.45409369468688965,0.2679154574871063,100.0,0.20434216260910035,0.12714623451232912,84.38647657632828,0.18163747787475587,False
