architecture,option,output_dim,params,flops,test_relative_mse,downstream_je,recovered_gain,oracle_recovery_pct,level_c2_passed
deit_tiny,Static_Average_Alpha,0,0,0.0,1.0,3.7531638765335082,0.4054259824752804,26.060126037107707,False
deit_tiny,Option_A_g_only_static_H,16,168976,335872.0,0.8832163694500923,4.628908178806305,-0.47031831979751626,-30.23130046242487,False
deit_tiny,Option_B_diag_H_and_g,32,173088,344064.0,0.8649556240439416,4.518319449424744,-0.359729590415955,-23.122835907756617,False
deit_tiny,Option_C_full_H_and_g,152,203928,405504.0,0.8925956827402115,15.562777614593506,-11.404187755584717,-733.0427330949335,False
deit_tiny,Option_D_direct_alpha,16,168976,335872.0,1.149177861213684,4.16854389667511,-0.009954037666321192,-0.6398294321905331,False
deit_small,Static_Average_Alpha,0,0,0.0,1.0,9.272399864196778,3.251003003120422,54.90528535558502,False
deit_small,Option_A_g_only_static_H,16,267280,532480.0,0.5739461593329906,11.674522371292115,0.8488804960250853,14.336506555765071,False
deit_small,Option_B_diag_H_and_g,32,271392,540672.0,0.5709900330007076,38.39730525016785,-25.873902382850645,-436.9771397410008,False
deit_small,Option_C_full_H_and_g,152,302232,602112.0,0.5668051187694073,207.84414282798767,-195.32073996067047,-3298.7176428662906,False
deit_small,Option_D_direct_alpha,16,267280,532480.0,1.0786746555566789,10.172842679023743,2.350560188293457,39.697957141182435,False
vit_base,Static_Average_Alpha,0,0,0.0,1.0,17.163294916152953,1.425601396560669,21.025652648333104,False
vit_base,Option_A_g_only_static_H,16,463888,925696.0,1.1157062119245529,19.73702648162842,-1.148130168914797,-16.933335071720524,False
vit_base,Option_B_diag_H_and_g,32,468000,933888.0,1.1245362144708633,20.361965923309327,-1.7730696105957051,-26.150329147853085,False
vit_base,Option_C_full_H_and_g,152,498840,995328.0,1.135078982114792,83.05619768142701,-64.46730136871338,-950.8037022298838,False
vit_base,Option_D_direct_alpha,16,463888,925696.0,1.0424061638116837,18.005578756332397,0.5833175563812247,8.603128724294953,False
dinov2,Static_Average_Alpha,0,0,0.0,1.0,0.6451515254378318,0.07685756146907807,29.918816928645903,False
dinov2,Option_A_g_only_static_H,16,267280,532480.0,0.980836710035801,0.7340420430898666,-0.012032956182956744,-4.684143059796964,False
dinov2,Option_B_diag_H_and_g,32,271392,540672.0,1.2444868645071983,0.9252617463469506,-0.20325265944004067,-79.12141618614294,False
dinov2,Option_C_full_H_and_g,152,302232,602112.0,1.1166806149482726,0.7143065771460533,0.007702509760856624,2.9984034754848925,False
dinov2,Option_D_direct_alpha,16,267280,532480.0,1.107084841132164,0.6817611011862755,0.04024798572063437,15.667581608178995,False
