model_key,depth,budget,method,top1_acc,clean_top1,retention_pp,logit_l2,grouping_latency_ms,total_batch_latency_ms,throughput_img_per_sec
deit_tiny,6,49,Clean,75.83333333333333,75.83333333333333,0.0,0.0,0.0,12.075500097125769,2649.9937677626035
deit_tiny,6,49,Spatial_Group_Mean,66.875,75.83333333333333,-8.958333333333329,15.329262860616048,0.000200001522898674,2.5037999730557203,12780.573665773365
deit_tiny,6,49,Spatial_Operator_Carrier,67.08333333333333,75.83333333333333,-8.75,15.328264300028483,0.000200001522898674,6.1957999132573605,5164.789122955461
deit_tiny,6,49,Hybrid_Group_Mean,65.20833333333333,75.83333333333333,-10.625,16.04613520304362,4.603599896654487,6.826299941167235,4687.751823944655
deit_tiny,6,49,Hybrid_Operator_Carrier,65.20833333333333,75.83333333333333,-10.625,16.04325796763102,4.603599896654487,6.070599891245365,5271.307708180269
deit_tiny,6,49,Attention_Pruning_EViT,64.79166666666667,75.83333333333333,-11.041666666666657,18.272681744893394,0.1870999112725258,2.189100021496415,14617.879350312
deit_tiny,6,49,Token_Merging_ToMe,68.54166666666667,75.83333333333333,-7.291666666666657,14.683976554870606,1038.8511000201106,1040.9669000655413,30.74065082951746
deit_small,6,49,Clean,80.0,80.0,0.0,0.0,0.0,36.333899945020676,880.7202102835479
deit_small,6,49,Spatial_Group_Mean,76.04166666666666,80.0,-3.958333333333343,10.946796735127768,0.000200001522898674,4.665900021791458,6858.269540827773
deit_small,6,49,Spatial_Operator_Carrier,76.04166666666666,80.0,-3.958333333333343,10.944764963785808,0.000200001522898674,11.628299951553345,2751.9069970090804
deit_small,6,49,Hybrid_Group_Mean,74.58333333333333,80.0,-5.416666666666671,11.291627057393391,4.361999919638038,8.871200028806925,3607.178273073348
deit_small,6,49,Hybrid_Operator_Carrier,74.58333333333333,80.0,-5.416666666666671,11.290259552001952,4.361999919638038,11.793300043791533,2713.405058904279
deit_small,6,49,Attention_Pruning_EViT,74.79166666666667,80.0,-5.208333333333329,12.978561719258627,0.17730006948113441,4.476000089198351,7149.240250737167
deit_small,6,49,Token_Merging_ToMe,77.91666666666667,80.0,-2.0833333333333286,11.02717736562093,1042.0842000748962,1046.36780009605,30.581980826495812
vit_base,5,49,Clean,75.625,75.625,0.0,0.0,0.0,123.71630012057722,258.6562964525446
vit_base,5,49,Spatial_Group_Mean,63.95833333333333,75.625,-11.666666666666671,12.533115832010905,0.0002998858690261841,17.44259987026453,1834.5888937435504
vit_base,5,49,Spatial_Operator_Carrier,63.95833333333333,75.625,-11.666666666666671,12.526370747884114,0.0002998858690261841,32.47880004346371,985.2580747188022
vit_base,5,49,Hybrid_Group_Mean,56.666666666666664,75.625,-18.958333333333336,15.153106180826823,4.406699910759926,22.17019977979362,1443.3789644586543
vit_base,5,49,Hybrid_Operator_Carrier,56.458333333333336,75.625,-19.166666666666664,15.149527231852213,4.406699910759926,32.57520007900894,982.3423930593265
vit_base,5,49,Attention_Pruning_EViT,64.375,75.625,-11.25,14.42460657755534,0.18580001778900623,17.87819992750883,1789.8893697212902
vit_base,5,49,Token_Merging_ToMe,69.16666666666667,75.625,-6.458333333333329,8.754349040985108,1042.5666999071836,1059.5021999906749,30.20286319394301
dinov2,6,64,Clean,83.75,83.75,0.0,0.0,0.0,50.729600014165044,630.79543286493
dinov2,6,64,Spatial_Group_Mean,63.541666666666664,83.75,-20.208333333333336,50.52621637980143,0.000200001522898674,6.547000026330352,4887.7348207276955
dinov2,6,64,Spatial_Operator_Carrier,63.541666666666664,83.75,-20.208333333333336,50.53471094767253,0.000200001522898674,15.732600120827556,2033.9930942271199
dinov2,6,64,Hybrid_Group_Mean,68.95833333333333,83.75,-14.791666666666671,47.72758967081706,8.150400128215551,14.580900082364678,2194.6518952354245
dinov2,6,64,Hybrid_Operator_Carrier,68.95833333333333,83.75,-14.791666666666671,47.73664347330729,8.150400128215551,15.867199981585145,2016.7389354856532
dinov2,6,64,Attention_Pruning_EViT,72.08333333333333,83.75,-11.666666666666671,45.300421396891274,0.273499870672822,6.249199854210019,5120.655563358554
dinov2,6,64,Token_Merging_ToMe,69.58333333333333,83.75,-14.166666666666671,47.71808598836263,2038.1370999384671,2044.2250000778586,15.653854149509575
