test_type,batch_size,head_dim,dtype,route,max_attn_err,mean_attn_err,l2_attn_err,latency_us,speedup_vs_ref,kernel_active,notes,model_key,depth,budget,top1_acc,agreement_pct,max_logit_err,mean_logit_err,l2_logit_err,suffix_latency_ms,kernel_path
tensor_microbenchmark,32.0,64.0,float32,Route_A_Explicit_Bias,0.0,0.0,0.0,118.0959977209568,1.0,EFFICIENT/MATH,Reference (Exact),,,,,,,,,,
tensor_microbenchmark,32.0,64.0,float32,Route_B_Augmented_Coord,9.5367431640625e-07,5.278605641478862e-08,7.158262420511435e-08,90.4960036277771,1.304985778230632,CUDNN/EFFICIENT,Algebraic (d'=72),,,,,,,,,,
tensor_microbenchmark,32.0,64.0,float32,Route_C_Key_Scaling,0.10002142190933228,0.007421404588967562,0.009764272679251016,72.39999994635582,1.6311601907245725,CUDNN/EFFICIENT,Heuristic Approx,,,,,,,,,,
tensor_microbenchmark,32.0,64.0,float32,Route_D_Unweighted,0.6401448249816895,0.01213883701711893,0.023204945799673426,73.55200126767159,1.6056122972260132,CUDNN/EFFICIENT,No Mask Approx,,,,,,,,,,
tensor_microbenchmark,32.0,64.0,float16,Route_A_Explicit_Bias,0.0,0.0,0.0,110.76800152659416,1.0,EFFICIENT/MATH,Reference (Exact),,,,,,,,,,
tensor_microbenchmark,32.0,64.0,float16,Route_B_Augmented_Coord,0.0009765625,5.0127506256103516e-05,8.798991550906472e-05,74.40000027418137,1.488817219333175,CUDNN/EFFICIENT,Algebraic (d'=72),,,,,,,,,,
tensor_microbenchmark,32.0,64.0,float16,Route_C_Key_Scaling,0.1771240234375,0.007354736328125,0.009682939799454173,58.848001062870026,1.8822729663876876,CUDNN/EFFICIENT,Heuristic Approx,,,,,,,,,,
tensor_microbenchmark,32.0,64.0,float16,Route_D_Unweighted,0.78515625,0.01224517822265625,0.023721458283788917,58.97600017488003,1.8781877577003634,CUDNN/EFFICIENT,No Mask Approx,,,,,,,,,,
end_to_end_model,,,,reference,,,,,1.0,,,deit_tiny,8.0,49.0,72.50000238418579,100.0,0.0,0.0,0.0,3.2230998622253537,MemEfficient
end_to_end_model,,,,augmented,,,,,0.8302785513825067,,,deit_tiny,8.0,49.0,72.50000238418579,100.0,3.814697265625e-06,4.7546211590088205e-07,1.906369288917631e-05,3.8819500477984548,cuDNN/MemEfficient
end_to_end_model,,,,unweighted,,,,,1.2408708347666102,,,deit_tiny,8.0,49.0,70.6250011920929,89.68750238418579,2.7151060104370117,0.27943697571754456,11.17616081237793,2.5974499294534326,cuDNN/MemEfficient
end_to_end_model,,,,reference,,,,,1.0,,,deit_small,8.0,49.0,81.5625011920929,100.0,0.0,0.0,0.0,3.5826999228447676,MemEfficient
end_to_end_model,,,,augmented,,,,,0.8969643733700616,,,deit_small,8.0,49.0,81.5625011920929,100.0,4.76837158203125e-06,4.384937710710801e-07,1.7585374735062942e-05,3.9942499715834856,cuDNN/MemEfficient
end_to_end_model,,,,unweighted,,,,,1.1450898612794473,,,deit_small,8.0,49.0,80.31250238418579,93.4374988079071,2.611154556274414,0.22401465475559235,9.035834312438965,3.128750016912818,cuDNN/MemEfficient
end_to_end_model,,,,reference,,,,,1.0,,,vit_base,7.0,49.0,74.06250238418579,100.0,0.0,0.0,0.0,13.999699847772717,MemEfficient
end_to_end_model,,,,augmented,,,,,0.9553859305649884,,,vit_base,7.0,49.0,74.06250238418579,100.0,5.7220458984375e-06,3.628688034496008e-07,1.4776496755075641e-05,14.65344987809658,cuDNN/MemEfficient
end_to_end_model,,,,unweighted,,,,,1.0345777972758257,,,vit_base,7.0,49.0,73.4375,96.5624988079071,0.723787784576416,0.01840951479971409,0.7691519856452942,13.531800010241568,cuDNN/MemEfficient
end_to_end_model,,,,reference,,,,,1.0,,,dinov2,8.0,64.0,73.7500011920929,100.0,0.0,0.0,0.0,5.254100076854229,MemEfficient
end_to_end_model,,,,augmented,,,,,0.9693107002358825,,,dinov2,8.0,64.0,73.7500011920929,100.0,2.47955322265625e-05,3.2897378332563676e-06,0.00013086710532661527,5.420449888333678,cuDNN/MemEfficient
end_to_end_model,,,,unweighted,,,,,1.1235592443158624,,,dinov2,8.0,64.0,70.93750238418579,80.31250238418579,7.619579315185547,0.8675017356872559,34.582218170166016,4.676299984566867,cuDNN/MemEfficient
