model,budget,method,lambda_factor,n,top1_rate,top1_sd,mean_logit_l2_damage,sd_logit_l2_damage,mean_true_margin_change,sd_true_margin_change,mean_operator_residual_JE,sd_operator_residual_JE,mean_carrier_displacement_fro,sd_carrier_displacement_fro,mean_trace_HJ_per_ds,mean_lambda_absolute,top1_se,logit_l2_se
DINOv2 ViT-S/14,42,group_mean,,200,0.72,0.45012561060956435,31.163986763954163,9.116347992947194,-0.6016742777824402,1.540114128821088,32.16624595165253,7.0355673535623,0.0,0.0,19.330595876544933,,0.03182868716477583,0.6446231485469333
DINOv2 ViT-S/14,42,operator_aware,0.01,200,0.665,0.47317488559919263,51.15393612861633,16.12417325951748,-1.58077392578125,2.901978256716787,1.1094522240757942,0.2405491770007193,2.743676337003708,0.26627778802628954,19.330595876544933,0.1933059587654493,0.033458517029435794,1.1401512252831607
DINOv2 ViT-S/14,42,operator_aware,0.1,200,0.68,0.4676467334823193,46.18054364681244,15.443162222984558,-1.381940405368805,2.61850832696729,3.727630937695503,0.7301398265843042,1.9517822670936584,0.2058959119675577,19.330595876544933,1.9330595876544936,0.0330676176445086,1.0919964730836298
DINOv2 ViT-S/14,42,operator_aware,1.0,200,0.72,0.45012561060956435,37.9470277261734,13.804614021940331,-0.9296887302398682,2.0440637270304904,9.648616042137146,1.8365120058686462,1.1361393332481384,0.14499042825023892,19.330595876544933,19.330595876544933,0.03182868716477583,0.9761336186576908
DINOv2 ViT-S/14,42,operator_aware,3.0,200,0.74,0.4397349590046874,33.145522031784054,12.603921057003317,-0.6838245725631714,1.7501234598410524,14.036248910427094,2.6710103174893876,0.7845204086601734,0.11690334311906594,19.330595876544933,57.9917876296348,0.031093957143700293,0.8912318048946963
DINOv2 ViT-S/14,42,operator_aware,10.0,200,0.765,0.42506280942914676,28.648724229335784,10.728923236267239,-0.47859701871871946,1.4366581868636426,19.595147562026977,3.786600928637435,0.464556107968092,0.08374941995277646,19.330595876544933,193.30595876544936,0.030056479497755483,0.7586494375194484
DINOv2 ViT-S/14,42,operator_aware,30.0,200,0.75,0.4340993101299244,27.338743195533752,9.701363315704384,-0.4297667121887207,1.3323880063763178,24.523901710510255,4.864570745527264,0.25021197028458114,0.05396345323762349,19.330595876544933,579.917876296348,0.03069545659012717,0.6859899787288979
DINOv2 ViT-S/14,42,operator_aware,100.0,200,0.725,0.4476347667709809,28.63566388607025,9.29799235780748,-0.49269020557403564,1.3428567373609264,28.606051478385925,5.8830241866393145,0.10580142017453906,0.027745773417470292,19.330595876544933,1933.0595876544935,0.03165255790786192,0.6574673447626365
DINOv2 ViT-S/14,128,group_mean,,200,0.79,0.40833034217617054,10.735593630075455,4.947253041317533,-0.07650813341140747,0.6106719545831197,13.381080696582794,4.434159659310441,0.0,0.0,34.67456357133637,,0.02887331539169935,0.3498236173761399
DINOv2 ViT-S/14,128,operator_aware,0.01,200,0.78,0.4152858191147261,11.762893954515457,5.587230383265349,-0.07206900835037232,0.6663857942360938,0.47896569907665254,0.13661163722979583,1.498298509120941,0.24526908385807208,34.67456357133637,0.3467456357133637,0.02936514188266328,0.3950768492058441
DINOv2 ViT-S/14,128,operator_aware,0.1,200,0.775,0.4186302142480961,10.883786330223083,5.206948562687833,-0.061156578063964843,0.611966466390241,1.6751958525180817,0.4526602623772366,1.0600694933533668,0.1968919814808579,34.67456357133637,3.4674563571336376,0.029601626330440597,0.36818686379661136
DINOv2 ViT-S/14,128,operator_aware,1.0,200,0.775,0.4186302142480961,8.946249791383742,4.604186939914031,-0.06131488800048828,0.5557711472466821,4.328833740353584,1.2015781023881766,0.6011669151484966,0.1293529811318453,34.67456357133637,34.67456357133637,0.029601626330440597,0.3255651807063751
DINOv2 ViT-S/14,128,operator_aware,3.0,200,0.78,0.41528581911472595,7.8123818343877796,4.123820114146354,-0.05400223970413208,0.5049816340465737,6.239104726314545,1.774574500392718,0.4053493817150593,0.09519743214072103,34.67456357133637,104.02369071400912,0.029365141882663266,0.2915981167106369
DINOv2 ViT-S/14,128,operator_aware,10.0,200,0.785,0.41185326947577994,7.3043928611278535,3.764040623851183,-0.05043293237686157,0.45637600764781605,8.557284247875213,2.511412077066782,0.23216957099735733,0.0612128902071108,34.67456357133637,346.74563571336375,0.02912242397001745,0.26615786497868144
DINOv2 ViT-S/14,128,operator_aware,30.0,200,0.785,0.41185326947577994,7.959477630853653,3.766116782800233,-0.054293391704559324,0.45378398342905096,10.500501396656036,3.1717985314970134,0.12156522372737523,0.03618762942213411,34.67456357133637,1040.2369071400913,0.02912242397001745,0.26630467158585086
DINOv2 ViT-S/14,128,operator_aware,100.0,200,0.785,0.41185326947577994,9.200371952056885,4.039794067425264,-0.06363620519638061,0.5095785950312113,12.041065411567688,3.751557876201921,0.05049555905163284,0.01744888533807567,34.67456357133637,3467.456357133637,0.02912242397001745,0.2856565779673589
DeiT-Small,32,group_mean,,200,0.775,0.41863021424809643,6.381515860557556,3.007554557728716,-0.1733807134628296,0.5955207150034054,7.772674165964126,3.551623817262488,0.0,0.0,0.020250457758179977,,0.02960162633044062,0.21266622225584828
DeiT-Small,32,operator_aware,0.01,200,0.795,0.40471467708652004,9.270530539155006,4.911467406502154,-0.19539254069328307,0.8541211382190304,0.12213351448997851,0.05953113147806342,18.509751043319703,2.374532507403571,0.020250457758179977,0.0002025045775817668,0.028617649261360217,0.34729319087143784
DeiT-Small,32,operator_aware,0.1,200,0.795,0.40471467708652,8.328546073436737,4.512342541193729,-0.18606650710105896,0.8285988138038648,0.686769777238369,0.3048790525407634,15.537929491996765,2.020240369707075,0.020250457758179977,0.002025045775817956,0.02861764926136021,0.3190708009914624
DeiT-Small,32,operator_aware,1.0,200,0.8,0.40100376569366847,6.230951862335205,3.8016943275306003,-0.14761993646621704,0.7411749325131726,2.4632235318422318,0.9798930645879281,9.290483129024505,1.4358645844260967,0.020250457758179977,0.020250457758179977,0.02835524820033344,0.2688203838995319
DeiT-Small,32,operator_aware,3.0,200,0.81,0.3932853503935417,5.161780379414559,3.2864725099376684,-0.12777890086174012,0.6661827735269799,3.7094880896806717,1.4520169494437258,6.206524201631546,1.1729351708201876,0.020250457758179977,0.06075137327454004,0.027809473820460073,0.23238869979600985
DeiT-Small,32,operator_aware,10.0,200,0.805,0.39719493840616527,4.676140546798706,2.641345615859916,-0.12140545129776001,0.5738480796733948,5.131486550569535,2.0440747646552917,3.4822288012504576,0.8865194595978564,0.020250457758179977,0.20250457758180027,0.028085923439997253,0.1867713396431904
DeiT-Small,32,operator_aware,30.0,200,0.795,0.40471467708652015,5.046090201735496,2.4457743236819387,-0.12648454904556275,0.493881726115051,6.267473537921905,2.5996347757317233,1.7639572221040725,0.5867117938443628,0.020250457758179977,0.6075137327454009,0.028617649261360224,0.1729423609527441
DeiT-Small,32,operator_aware,100.0,200,0.795,0.40471467708652015,5.719837456941605,2.6639297053746143,-0.14854674696922301,0.4957912766197205,7.122618720531464,3.100313663450288,0.695071276575327,0.284974451098773,0.020250457758179977,2.025045775818003,0.028617649261360224,0.18836827592746713
DeiT-Small,98,group_mean,,200,0.805,0.3971949384061652,2.5833131983876227,1.4167526293510442,-0.02037945866584778,0.19307257011643872,3.266336895823479,1.7124352590478762,0.0,0.0,0.029342382578135387,,0.028085923439997246,0.10017953914779947
DeiT-Small,98,operator_aware,0.01,200,0.81,0.3932853503935417,2.809892652630806,1.643649535275171,-0.03721011161804199,0.24065778390570683,0.05763656526803965,0.03314847074748644,11.397019245624541,2.8532807157005604,0.029342382578135387,0.00029342382578131,0.027809473820460073,0.11622357322871908
DeiT-Small,98,operator_aware,0.1,200,0.81,0.3932853503935417,2.524348179399967,1.5137501330931298,-0.038171079158782956,0.2351659721330314,0.33777960188686845,0.17467193496050673,9.465844151973725,2.350402710223122,0.029342382578135387,0.002934238257813494,0.027809473820460073,0.10703829841321909
DeiT-Small,98,operator_aware,1.0,200,0.81,0.3932853503935417,1.8296772040426732,1.23894997009484,-0.037199742794036865,0.21054927732511303,1.1823698382079602,0.5501847912165683,5.375509794950485,1.421038213498955,0.029342382578135387,0.029342382578135387,0.027809473820460073,0.08760699254049317
DeiT-Small,98,operator_aware,3.0,200,0.81,0.3932853503935417,1.6040704637765884,1.0582510309010473,-0.03658049583435058,0.18655106837122457,1.7251264172792435,0.7914045790528119,3.4588570952415467,0.9974046044481834,0.029342382578135387,0.08802714773440627,0.027809473820460073,0.07482964801477852
DeiT-Small,98,operator_aware,10.0,200,0.81,0.3932853503935417,1.675721461325884,0.9121562990962321,-0.03199827909469603,0.15518246952100168,2.2974442839622498,1.0720922619915796,1.86515574157238,0.6266819560472046,0.029342382578135387,0.29342382578135434,0.027809473820460073,0.06449919045929703
DeiT-Small,98,operator_aware,30.0,200,0.81,0.3932853503935417,1.9573178058862686,0.9873346666746343,-0.024328427314758292,0.1326883490763738,2.7267204874753954,1.3201406214176599,0.918988108932972,0.3644163523442238,0.029342382578135387,0.8802714773440631,0.027809473820460073,0.06981510381061935
DeiT-Small,98,operator_aware,100.0,200,0.81,0.3932853503935417,2.287471143603325,1.191561936205798,-0.022028577327728272,0.14712127543012204,3.037364546358585,1.5318111216111665,0.3552517394348979,0.16327166408694613,0.029342382578135387,2.9342382578135435,0.027809473820460073,0.08425615252948922
DeiT-Tiny,32,group_mean,,200,0.705,0.45718716134917053,7.841137914657593,3.0528433629594325,-0.14847251296043396,0.5498123695403361,8.910345448255539,3.0898687619445506,0.0,0.0,0.4146848455542097,,0.032328014206142675,0.21586862438489593
DeiT-Tiny,32,operator_aware,0.01,200,0.71,0.45490072913420804,10.720793008804321,4.7700583274137385,-0.07613451242446899,0.6407198677092222,0.17554056359454986,0.0683705090507949,6.444085109233856,0.9563928783984533,0.4146848455542097,0.004146848455542046,0.03216633903375034,0.3372940589969615
DeiT-Tiny,32,operator_aware,0.1,200,0.705,0.45718716134917053,9.332860859632492,4.276489012907888,-0.06484664797782898,0.6301824439030084,1.0311761429905892,0.36063268655960135,5.263431701660156,0.8162948876945533,0.4146848455542097,0.04146848455542093,0.032328014206142675,0.3023934380696932
DeiT-Tiny,32,operator_aware,1.0,200,0.715,0.45254722955165066,6.3601757508516314,3.160136084426645,-0.051392399072647095,0.524841969862528,3.5082094722986223,1.1297307868647015,2.8668659144639967,0.5305820036928329,0.4146848455542097,0.4146848455542097,0.03199992148231573,0.22345536547703845
DeiT-Tiny,32,operator_aware,3.0,200,0.71,0.45490072913420804,5.424097573757171,2.6093313455516185,-0.05378661632537842,0.43504329986190243,5.076884795427322,1.6280726505706717,1.7869486391544342,0.3832953028173462,0.4146848455542097,1.2440545366626292,0.03216633903375034,0.1845075888802168
DeiT-Tiny,32,operator_aware,10.0,200,0.71,0.45490072913420804,5.702917613387108,2.4382762978544497,-0.07369922399520874,0.351398920347375,6.693303172588348,2.1782964130769065,0.9119340977072716,0.23840788631311394,0.4146848455542097,4.146848455542098,0.03216633903375034,0.17241217046193114
DeiT-Tiny,32,operator_aware,30.0,200,0.715,0.4525472295516505,6.575890299081802,2.6279472659987353,-0.096376234292984,0.3942764064614664,7.802547470331192,2.597085120619983,0.41956027239561083,0.13023237940023052,0.4146848455542097,12.440545366626292,0.03199992148231572,0.18582393323883534
DeiT-Tiny,32,operator_aware,100.0,200,0.71,0.45490072913420804,7.326473793983459,2.865396409875173,-0.12708210587501526,0.47740832991590926,8.489970387220383,2.8895598220089656,0.15134290460497138,0.05314942504979011,0.4146848455542097,41.46848455542097,0.03216633903375034,0.20261412322103228
DeiT-Tiny,98,group_mean,,200,0.72,0.45012561060956435,2.841407179534435,1.2985700462090497,-0.01822546362876891,0.20161591691081257,3.4963578152656556,1.466289637082643,0.0,0.0,0.6201069121194529,,0.03182868716477583,0.09182276855201474
DeiT-Tiny,98,operator_aware,0.01,200,0.72,0.45012561060956446,2.9326928719878196,1.3219225919769397,-0.005447424650192259,0.19722795876705168,0.07331678951159115,0.03267600673646242,3.412111065387726,0.7712089665568973,0.6201069121194529,0.0062010691211944755,0.03182868716477584,0.09347404289905917
DeiT-Tiny,98,operator_aware,0.1,200,0.72,0.4501256106095644,2.5501657727360727,1.1893658281716073,-0.004132657051086424,0.18542008881419278,0.43953018698841334,0.17687955473854347,2.7725366741418838,0.6523313292360063,0.6201069121194529,0.06201069121194525,0.03182868716477583,0.08410086424116976
DeiT-Tiny,98,operator_aware,1.0,200,0.725,0.4476347667709811,1.7168617831170558,0.8836477745803036,-0.0012032175064086914,0.1425860239951417,1.4760218881070615,0.5653714913585024,1.4563716055452824,0.3830934966477366,0.6201069121194529,0.6201069121194529,0.031652557907861936,0.06248333335861344
DeiT-Tiny,98,operator_aware,3.0,200,0.725,0.4476347667709811,1.6086749382317067,0.7852799064143022,-0.001178659200668333,0.11168044348153024,2.0949366852641105,0.81256289107993,0.8833775880932808,0.25127730652420205,0.6201069121194529,1.8603207363583587,0.031652557907861936,0.05552767469550905
DeiT-Tiny,98,operator_aware,10.0,200,0.72,0.45012561060956435,1.915953897535801,0.875535205939238,-0.005053389072418217,0.09717714317842248,2.7008846187591553,1.0757460784403456,0.43915236949920655,0.13882890131825884,0.6201069121194529,6.201069121194529,0.03182868716477583,0.06190968812871955
DeiT-Tiny,98,operator_aware,30.0,200,0.715,0.45254722955165055,2.3198002384603025,1.0501492813881914,-0.011567566394805908,0.12743838724018422,3.1028699013590813,1.2638663961916359,0.19862356252968308,0.06951265137345783,0.6201069121194529,18.603207363583586,0.03199992148231572,0.074256767812777
DeiT-Tiny,98,operator_aware,100.0,200,0.72,0.45012561060956435,2.6326023983955382,1.1940053364728511,-0.01580266952514648,0.16948125586019977,3.348017185628414,1.3866676696316107,0.07083238127641375,0.026847843606989753,0.6201069121194529,62.010691211945286,0.03182868716477583,0.08442892701928784
ViT-B/16 AugReg,32,group_mean,,200,0.78,0.4152858191147261,7.964387001991272,2.8602799443815647,-0.1753222441673279,0.8006987800352814,13.385338745117188,4.179936519018428,0.0,0.0,0.009139440263358063,,0.02936514188266328,0.20225233447640853
ViT-B/16 AugReg,32,operator_aware,0.01,200,0.775,0.4186302142480963,8.335117282271385,3.496879647749855,-0.4537992227077484,1.0751552576760612,0.5258187818340957,0.25697474077923177,64.92335633277894,14.97325302221249,0.009139440263358063,9.139440263356422e-05,0.029601626330440615,0.2472667311917148
ViT-B/16 AugReg,32,operator_aware,0.1,200,0.765,0.4250628094291466,7.728358888626099,3.3014302576712864,-0.4224319124221802,1.036354337307948,2.1483904196321966,0.8996118939398938,45.97482967376709,11.325528340428676,0.009139440263358063,0.0009139440263357624,0.03005647949775547,0.23344637228138174
ViT-B/16 AugReg,32,operator_aware,1.0,200,0.78,0.4152858191147261,6.9476923486590385,2.96358115579507,-0.35101574182510376,0.9229683233591246,5.5579942545294765,1.9627700893303208,23.74006658554077,6.72952289035488,0.009139440263358063,0.009139440263358063,0.02936514188266328,0.20955683318593601
ViT-B/16 AugReg,32,operator_aware,3.0,200,0.775,0.41863021424809616,6.581063959896564,2.821868086563911,-0.3178641879558563,0.843939106137314,7.527144607305527,2.4685504826122697,15.065123250484467,4.435916863803448,0.009139440263358063,0.027418320790074287,0.029601626330440604,0.19953620596232488
ViT-B/16 AugReg,32,operator_aware,10.0,200,0.795,0.4047146770865201,6.438194283246994,2.645816364395015,-0.2800071120262146,0.7371216682868108,9.526980060338975,2.96820386899051,8.230060266256332,2.422688891620495,0.009139440263358063,0.09139440263358108,0.02861764926136022,0.18708746930380524
ViT-B/16 AugReg,32,operator_aware,30.0,200,0.78,0.4152858191147261,6.7124452957510945,2.5821512625461316,-0.2410225260257721,0.6561396816215149,11.013316476345063,3.363670022475731,4.289029257297516,1.2636192477235764,0.009139440263358063,0.2741832079007433,0.02936514188266328,0.1825856667795775
ViT-B/16 AugReg,32,operator_aware,100.0,200,0.78,0.41528581911472606,7.200905804038047,2.636961378831408,-0.20770686984062195,0.6374613059098151,12.178095607757568,3.7136032778899315,1.860767305791378,0.5837597562778936,0.009139440263358063,0.9139440263358111,0.029365141882663273,0.1864613272698717
ViT-B/16 AugReg,98,group_mean,,200,0.785,0.41185326947577977,2.662912132889032,2.453728967790155,-0.014599947929382327,0.2853736209454525,5.4127748012542725,3.9396418619590534,0.0,0.0,0.014019223500694178,,0.02912242397001744,0.17350483923182863
ViT-B/16 AugReg,98,operator_aware,0.01,200,0.785,0.41185326947577977,2.949228710234165,2.631560517752068,-0.07942194700241088,0.4072762626997243,0.2020048802439123,0.223274837521619,34.28561282396316,30.213232323368185,0.014019223500694178,0.000140192235006919,0.02912242397001744,0.1860794287205269
ViT-B/16 AugReg,98,operator_aware,0.1,200,0.785,0.41185326947577977,2.802266263663769,2.530007490211634,-0.0741705346107483,0.3816277124525773,0.8364895678684116,0.8606791557952791,24.374623250961303,20.897001921421502,0.014019223500694178,0.0014019223500693725,0.02912242397001744,0.1788985452781404
ViT-B/16 AugReg,98,operator_aware,1.0,200,0.785,0.41185326947577977,2.4978823870420457,2.411626724706643,-0.06360045671463013,0.34834309022601506,2.161218115091324,2.0405047434658288,12.642022812366486,10.341115057285293,0.014019223500694178,0.014019223500694178,0.02912242397001744,0.17052776107307704
ViT-B/16 AugReg,98,operator_aware,3.0,200,0.785,0.41185326947577977,2.2575678991526367,2.2785712475869464,-0.0526845908164978,0.3161051225423996,2.9282285384833813,2.625352584872216,8.112201334238053,6.37426119130139,0.014019223500694178,0.04205767050208264,0.02912242397001744,0.16111931805854215
ViT-B/16 AugReg,98,operator_aware,10.0,200,0.79,0.4083303421761706,2.0338858254253864,2.1875799780987824,-0.04545971512794496,0.27320802959868096,3.7324862614274026,3.1485117132918754,4.513274101614952,3.344897134881714,0.014019223500694178,0.14019223500694225,0.028873315391699354,0.1546852636901568
ViT-B/16 AugReg,98,operator_aware,30.0,200,0.79,0.4083303421761706,2.0427912838757036,2.2624244820810846,-0.04226588129997253,0.22755949242534448,4.3581389358639715,3.48880872876629,2.382898821234703,1.6645307469773603,0.014019223500694178,0.4205767050208269,0.028873315391699354,0.15997756932019974
ViT-B/16 AugReg,98,operator_aware,100.0,200,0.785,0.41185326947577977,2.2526323126256464,2.367830186709845,-0.03392526268959045,0.20793288094508036,4.865811588466167,3.720147050470206,1.0375414081662893,0.6970882882831378,0.014019223500694178,1.401922350069423,0.02912242397001744,0.16743087817207403
