model,budget,method,lambda_factor,n_v1_first200_classes,top1_rate_v1_first200_classes,mean_logit_l2_damage_v1_first200_classes,mean_true_margin_change_v1_first200_classes,mean_operator_residual_JE_v1_first200_classes,mean_carrier_displacement_fro_v1_first200_classes,mean_trace_HJ_per_ds_v1_first200_classes,mean_lambda_absolute_v1_first200_classes,n_v2_class_randomized,top1_rate_v2_class_randomized,mean_logit_l2_damage_v2_class_randomized,mean_true_margin_change_v2_class_randomized,mean_operator_residual_JE_v2_class_randomized,mean_carrier_displacement_fro_v2_class_randomized,mean_trace_HJ_per_ds_v2_class_randomized,mean_lambda_absolute_v2_class_randomized,delta_n_v2_minus_v1,delta_top1_rate_v2_minus_v1,delta_mean_logit_l2_damage_v2_minus_v1,delta_mean_true_margin_change_v2_minus_v1,delta_mean_operator_residual_JE_v2_minus_v1,delta_mean_carrier_displacement_fro_v2_minus_v1,delta_mean_trace_HJ_per_ds_v2_minus_v1,delta_mean_lambda_absolute_v2_minus_v1,delta_top1_percentage_points_v2_minus_v1,comparison_note
DINOv2 ViT-S/14,42,group_mean,,200,0.81,33.19083539962769,-0.8709398317337036,33.0645170879364,0.0,20.987999383899595,,200,0.72,31.163986763954163,-0.6016742777824402,32.16624595165253,0.0,19.330595876544933,,0,-0.09000000000000008,-2.026848635673524,0.2692655539512634,-0.8982711362838742,0.0,-1.6574035073546618,,-9.000000000000007,descriptive difference between distinct calibration cohort designs; not paired across cohorts
DINOv2 ViT-S/14,42,operator_aware,0.01,200,0.705,53.05797645568848,-2.1129547643661497,1.1721365082263946,2.787354872226715,20.987999383899595,0.2098799938389959,200,0.665,51.15393612861633,-1.58077392578125,1.1094522240757942,2.743676337003708,19.330595876544933,0.1933059587654493,0,-0.039999999999999925,-1.9040403270721526,0.5321808385848996,-0.06268428415060034,-0.04367853522300713,-1.6574035073546618,-0.0165740350735466,-3.9999999999999925,descriptive difference between distinct calibration cohort designs; not paired across cohorts
DINOv2 ViT-S/14,42,operator_aware,0.1,200,0.7,48.26338095664978,-1.8497166991233829,3.943959391117096,1.9674395102262496,20.987999383899595,2.09879993838996,200,0.68,46.18054364681244,-1.381940405368805,3.727630937695503,1.9517822670936584,19.330595876544933,1.9330595876544936,0,-0.019999999999999907,-2.0828373098373447,0.46777629375457797,-0.21632845342159301,-0.015657243132591203,-1.6574035073546618,-0.16574035073546645,-1.9999999999999907,descriptive difference between distinct calibration cohort designs; not paired across cohorts
DINOv2 ViT-S/14,42,operator_aware,1.0,200,0.74,40.48014774799347,-1.3909758377075194,10.081893541812896,1.1310626888275146,20.987999383899595,20.987999383899595,200,0.72,37.9470277261734,-0.9296887302398682,9.648616042137146,1.1361393332481384,19.330595876544933,19.330595876544933,0,-0.020000000000000018,-2.533120021820068,0.4612871074676512,-0.43327749967575,0.005076644420623833,-1.6574035073546618,-1.6574035073546618,-2.0000000000000018,descriptive difference between distinct calibration cohort designs; not paired across cohorts
DINOv2 ViT-S/14,42,operator_aware,3.0,200,0.765,35.38113671302796,-1.103910849094391,14.535193696022034,0.7801983341574669,20.987999383899595,62.96399815169879,200,0.74,33.145522031784054,-0.6838245725631714,14.036248910427094,0.7845204086601734,19.330595876544933,57.9917876296348,0,-0.025000000000000022,-2.2356146812439093,0.42008627653121955,-0.49894478559494004,0.004322074502706497,-1.6574035073546618,-4.972210522063989,-2.500000000000002,descriptive difference between distinct calibration cohort designs; not paired across cohorts
DINOv2 ViT-S/14,42,operator_aware,10.0,200,0.775,30.24795085430145,-0.8067910361289978,20.21158127784729,0.4616019007563591,20.987999383899595,209.879993838996,200,0.765,28.648724229335784,-0.4785970187187194,19.595147562026977,0.464556107968092,19.330595876544933,193.30595876544936,0,-0.010000000000000009,-1.5992266249656666,0.3281940174102784,-0.6164337158203139,0.0029542072117328955,-1.6574035073546618,-16.57403507354664,-1.0000000000000009,descriptive difference between distinct calibration cohort designs; not paired across cohorts
DINOv2 ViT-S/14,42,operator_aware,30.0,200,0.81,29.053843283653254,-0.7108862614631652,25.281308751106263,0.2470501279830932,20.987999383899595,629.6399815169879,200,0.75,27.338743195533752,-0.4297667121887207,24.523901710510252,0.2502119702845811,19.330595876544933,579.917876296348,0,-0.06000000000000005,-1.7151000881195024,0.28111954927444455,-0.7574070405960107,0.0031618423014878883,-1.6574035073546618,-49.72210522063983,-6.000000000000005,descriptive difference between distinct calibration cohort designs; not paired across cohorts
DINOv2 ViT-S/14,42,operator_aware,100.0,200,0.82,30.58811432361603,-0.7466110801696777,29.448083019256597,0.1033521501719951,20.987999383899595,2098.79993838996,200,0.725,28.63566388607025,-0.4926902055740356,28.606051478385925,0.105801420174539,19.330595876544933,1933.0595876544933,0,-0.09499999999999997,-1.952450437545778,0.2539208745956421,-0.8420315408706713,0.002449270002543899,-1.6574035073546618,-165.7403507354668,-9.499999999999996,descriptive difference between distinct calibration cohort designs; not paired across cohorts
DINOv2 ViT-S/14,128,group_mean,,200,0.865,11.709902384281158,-0.1201417565345764,14.194388222694396,0.0,37.8961982754893,,200,0.79,10.735593630075456,-0.0765081334114074,13.381080696582794,0.0,34.67456357133637,,0,-0.07499999999999996,-0.9743087542057012,0.043633623123169,-0.8133075261116023,0.0,-3.221634704152926,,-7.499999999999996,descriptive difference between distinct calibration cohort designs; not paired across cohorts
DINOv2 ViT-S/14,128,operator_aware,0.01,200,0.85,12.654003005027771,-0.1462068247795105,0.4999841019511223,1.5164973184466362,37.8961982754893,0.378961982754893,200,0.78,11.762893954515455,-0.0720690083503723,0.4789656990766525,1.498298509120941,34.67456357133637,0.3467456357133637,0,-0.06999999999999995,-0.8911090505123163,0.07413781642913819,-0.02101840287446982,-0.018198809325695064,-3.221634704152926,-0.032216347041529314,-6.999999999999995,descriptive difference between distinct calibration cohort designs; not paired across cohorts
DINOv2 ViT-S/14,128,operator_aware,0.1,200,0.86,11.652937195301057,-0.120777051448822,1.7619526141881945,1.0773333017528055,37.8961982754893,3.7896198275489295,200,0.775,10.883786330223083,-0.0611565780639648,1.6751958525180817,1.0600694933533668,34.67456357133637,3.4674563571336376,0,-0.08499999999999996,-0.7691508650779735,0.0596204733848572,-0.08675676167011281,-0.01726380839943875,-3.221634704152926,-0.3221634704152918,-8.499999999999996,descriptive difference between distinct calibration cohort designs; not paired across cohorts
DINOv2 ViT-S/14,128,operator_aware,1.0,200,0.87,9.553665767908097,-0.0746384501457214,4.571951782703399,0.6118963745981455,37.8961982754893,37.8961982754893,200,0.775,8.946249791383742,-0.0613148880004882,4.328833740353584,0.6011669151484966,34.67456357133637,34.67456357133637,0,-0.09499999999999997,-0.6074159765243543,0.013323562145233205,-0.24311804234981516,-0.01072945944964887,-3.221634704152926,-3.221634704152926,-9.499999999999996,descriptive difference between distinct calibration cohort designs; not paired across cohorts
DINOv2 ViT-S/14,128,operator_aware,3.0,200,0.86,8.316707366704941,-0.0526911234855651,6.58972676038742,0.4152548786252737,37.8961982754893,113.6885948264679,200,0.78,7.8123818343877796,-0.054002239704132,6.239104726314545,0.4053493817150593,34.67456357133637,104.02369071400912,0,-0.07999999999999996,-0.5043255323171616,-0.0013111162185669017,-0.3506220340728756,-0.009905496910214417,-3.221634704152926,-9.664904112458785,-7.9999999999999964,descriptive difference between distinct calibration cohort designs; not paired across cohorts
DINOv2 ViT-S/14,128,operator_aware,10.0,200,0.86,7.799386042356491,-0.0472555351257324,9.075258432626724,0.2395349480956792,37.8961982754893,378.961982754893,200,0.785,7.304392861127853,-0.0504329323768615,8.557284247875213,0.2321695709973573,34.67456357133637,346.7456357133637,0,-0.07499999999999996,-0.49499318122863833,-0.003177397251129102,-0.5179741847515107,-0.0073653770983219125,-3.221634704152926,-32.216347041529275,-7.499999999999996,descriptive difference between distinct calibration cohort designs; not paired across cohorts
DINOv2 ViT-S/14,128,operator_aware,30.0,200,0.86,8.676214438676833,-0.0657040739059448,11.181017262935638,0.1250338857993483,37.8961982754893,1136.885948264679,200,0.785,7.959477630853653,-0.0542933917045593,10.500501396656036,0.1215652237273752,34.67456357133637,1040.2369071400913,0,-0.07499999999999996,-0.7167368078231808,0.01141068220138549,-0.6805158662796025,-0.0034686620719730915,-3.221634704152926,-96.64904112458771,-7.499999999999996,descriptive difference between distinct calibration cohort designs; not paired across cohorts
DINOv2 ViT-S/14,128,operator_aware,100.0,200,0.86,10.124700347185136,-0.0913061642646789,12.821382138729096,0.0512147838156669,37.8961982754893,3789.61982754893,200,0.785,9.200371952056884,-0.0636362051963806,12.041065411567688,0.0504955590516328,34.67456357133637,3467.456357133637,0,-0.07499999999999996,-0.9243283951282528,0.027669959068298305,-0.7803167271614075,-0.0007192247640341043,-3.221634704152926,-322.163470415293,-7.499999999999996,descriptive difference between distinct calibration cohort designs; not paired across cohorts
DeiT-Small,32,group_mean,,200,0.83,5.221585826873779,-0.1476895081996917,6.418017959594726,0.0,0.0164448125141778,,200,0.775,6.381515860557556,-0.1733807134628296,7.772674165964126,0.0,0.0202504577581799,,0,-0.05499999999999994,1.1599300336837768,-0.025691205263137895,1.3546562063694,0.0,0.0038056452440020996,,-5.499999999999994,descriptive difference between distinct calibration cohort designs; not paired across cohorts
DeiT-Small,32,operator_aware,0.01,200,0.86,7.770590404272079,-0.1833903074264526,0.1067740436643361,17.635915203094484,0.0164448125141778,0.0001644481251417,200,0.795,9.270530539155006,-0.195392540693283,0.1221335144899785,18.509751043319703,0.0202504577581799,0.0002025045775817,0,-0.06499999999999995,1.4999401348829267,-0.012002233266830392,0.015359470825642402,0.8738358402252189,0.0038056452440020996,3.8056452440000005e-05,-6.499999999999995,descriptive difference between distinct calibration cohort designs; not paired across cohorts
DeiT-Small,32,operator_aware,0.1,200,0.855,6.940870525836945,-0.1654214513301849,0.5929411013424396,14.62691598892212,0.0164448125141778,0.0016444812514177,200,0.795,8.328546073436737,-0.1860665071010589,0.686769777238369,15.537929491996763,0.0202504577581799,0.0020250457758179,0,-0.05999999999999994,1.387675547599792,-0.020645055770874,0.09382867589592936,0.9110135030746438,0.0038056452440020996,0.00038056452440020003,-5.999999999999995,descriptive difference between distinct calibration cohort designs; not paired across cohorts
DeiT-Small,32,operator_aware,1.0,200,0.855,5.173738250136376,-0.1259639406204223,2.074213266670704,8.614042234420776,0.0164448125141778,0.0164448125141778,200,0.8,6.230951862335205,-0.147619936466217,2.463223531842232,9.290483129024503,0.0202504577581799,0.0202504577581799,0,-0.05499999999999994,1.0572136121988294,-0.021655995845794695,0.38901026517152815,0.6764408946037275,0.0038056452440020996,0.0038056452440020996,-5.499999999999994,descriptive difference between distinct calibration cohort designs; not paired across cohorts
DeiT-Small,32,operator_aware,3.0,200,0.855,4.3082629042863845,-0.1108867812156677,3.090751612782478,5.726370755434036,0.0164448125141778,0.0493344375425335,200,0.81,5.161780379414559,-0.1277789008617401,3.709488089680672,6.206524201631546,0.0202504577581799,0.06075137327454,0,-0.04499999999999993,0.8535174751281742,-0.0168921196460724,0.618736476898194,0.48015344619750966,0.0038056452440020996,0.0114169357320065,-4.499999999999993,descriptive difference between distinct calibration cohort designs; not paired across cohorts
DeiT-Small,32,operator_aware,10.0,200,0.86,3.9331680691242217,-0.1044422256946563,4.231504927277565,3.2104823142290115,0.0164448125141778,0.1644481251417785,200,0.805,4.676140546798706,-0.12140545129776,5.131486550569535,3.4822288012504576,0.0202504577581799,0.2025045775818002,0,-0.05499999999999994,0.7429724776744844,-0.01696322560310369,0.8999816232919695,0.2717464870214461,0.0038056452440020996,0.038056452440021704,-5.499999999999994,descriptive difference between distinct calibration cohort designs; not paired across cohorts
DeiT-Small,32,operator_aware,30.0,200,0.845,4.171097474098206,-0.1012432718276977,5.136858910322189,1.6408498699963092,0.0164448125141778,0.4933443754253357,200,0.795,5.046090201735496,-0.1264845490455627,6.267473537921905,1.7639572221040725,0.0202504577581799,0.6075137327454009,0,-0.04999999999999993,0.8749927276372906,-0.025241277217864996,1.1306146275997158,0.12310735210776325,0.0038056452440020996,0.11416935732006517,-4.999999999999993,descriptive difference between distinct calibration cohort designs; not paired across cohorts
DeiT-Small,32,operator_aware,100.0,200,0.835,4.665121551156044,-0.1241340112686157,5.84094754934311,0.6584908360987902,0.0164448125141778,1.6444812514177858,200,0.795,5.719837456941605,-0.148546746969223,7.122618720531464,0.695071276575327,0.0202504577581799,2.025045775818003,0,-0.039999999999999925,1.0547159057855602,-0.024412735700607285,1.2816711711883544,0.036580440476536746,0.0038056452440020996,0.3805645244002174,-3.9999999999999925,descriptive difference between distinct calibration cohort designs; not paired across cohorts
DeiT-Small,98,group_mean,,200,0.855,2.191259995996952,-0.0280306839942932,2.7521239131689077,0.0,0.0230421149202198,,200,0.805,2.5833131983876227,-0.0203794586658477,3.266336895823479,0.0,0.0293423825781353,,0,-0.04999999999999993,0.39205320239067065,0.007651225328445501,0.5142129826545712,0.0,0.006300267657915502,,-4.999999999999993,descriptive difference between distinct calibration cohort designs; not paired across cohorts
DeiT-Small,98,operator_aware,0.01,200,0.845,2.389369668364525,-0.0145430600643157,0.0501558944117277,11.02768361568451,0.0230421149202198,0.0002304211492021,200,0.81,2.809892652630806,-0.0372101116180419,0.0576365652680396,11.39701924562454,0.0293423825781353,0.0002934238257813,0,-0.03499999999999992,0.420522984266281,-0.022667051553726197,0.007480670856311898,0.36933562994003033,0.006300267657915502,6.300267657920002e-05,-3.499999999999992,descriptive difference between distinct calibration cohort designs; not paired across cohorts
DeiT-Small,98,operator_aware,0.1,200,0.845,2.1473729284107685,-0.0163984405994415,0.2951868703216314,9.087943743467331,0.0230421149202198,0.0023042114920219,200,0.81,2.524348179399967,-0.0381710791587829,0.3377796018868684,9.465844151973725,0.0293423825781353,0.0029342382578134,0,-0.03499999999999992,0.3769752509891986,-0.0217726385593414,0.04259273156523702,0.3779004085063935,0.006300267657915502,0.0006300267657915002,-3.499999999999992,descriptive difference between distinct calibration cohort designs; not paired across cohorts
DeiT-Small,98,operator_aware,1.0,200,0.845,1.561026286482811,-0.0194539678096771,1.0155889761447907,5.119805349111557,0.0230421149202198,0.0230421149202198,200,0.81,1.8296772040426728,-0.0371997427940368,1.1823698382079602,5.375509794950485,0.0293423825781353,0.0293423825781353,0,-0.03499999999999992,0.2686509175598617,-0.017745774984359704,0.16678086206316944,0.25570444583892815,0.006300267657915502,0.006300267657915502,-3.499999999999992,descriptive difference between distinct calibration cohort designs; not paired across cohorts
DeiT-Small,98,operator_aware,3.0,200,0.845,1.380205205231905,-0.0218208801746368,1.4721007898449898,3.287665937244892,0.0230421149202198,0.0691263447606596,200,0.81,1.6040704637765884,-0.0365804958343505,1.7251264172792435,3.4588570952415467,0.0293423825781353,0.0880271477344062,0,-0.03499999999999992,0.22386525854468342,-0.014759615659713704,0.2530256274342537,0.17119115799665474,0.006300267657915502,0.018900802973746605,-3.499999999999992,descriptive difference between distinct calibration cohort designs; not paired across cohorts
DeiT-Small,98,operator_aware,10.0,200,0.85,1.452340919673443,-0.0227823626995086,1.9469917568564412,1.7717412246763706,0.0230421149202198,0.230421149202199,200,0.81,1.675721461325884,-0.031998279094696,2.2974442839622498,1.86515574157238,0.0293423825781353,0.2934238257813543,0,-0.039999999999999925,0.22338054165244103,-0.009215916395187398,0.35045252710580854,0.09341451689600944,0.006300267657915502,0.06300267657915529,-3.9999999999999925,descriptive difference between distinct calibration cohort designs; not paired across cohorts
DeiT-Small,98,operator_aware,30.0,200,0.85,1.6774313159286975,-0.0221538650989532,2.2973712822794914,0.8774376798421144,0.0230421149202198,0.6912634476065971,200,0.81,1.9573178058862688,-0.0243284273147582,2.7267204874753954,0.918988108932972,0.0293423825781353,0.8802714773440631,0,-0.039999999999999925,0.27988648995757126,-0.002174562215804997,0.429349205195904,0.0415504290908576,0.006300267657915502,0.189008029737466,-3.9999999999999925,descriptive difference between distinct calibration cohort designs; not paired across cohorts
DeiT-Small,98,operator_aware,100.0,200,0.855,1.935283177793026,-0.0242026484012603,2.55339221984148,0.343477088175714,0.0230421149202198,2.3042114920219903,200,0.81,2.287471143603325,-0.0220285773277282,3.037364546358585,0.3552517394348979,0.0293423825781353,2.9342382578135435,0,-0.04499999999999993,0.3521879658102989,0.0021740710735321,0.4839723265171054,0.011774651259183921,0.006300267657915502,0.6300267657915533,-4.499999999999993,descriptive difference between distinct calibration cohort designs; not paired across cohorts
DeiT-Tiny,32,group_mean,,200,0.78,7.377164480090141,-0.1826774740219116,8.386260170936584,0.0,0.3904105927896096,,200,0.705,7.841137914657593,-0.1484725129604339,8.910345448255539,0.0,0.4146848455542097,,0,-0.07500000000000007,0.46397343456745244,0.03420496106147769,0.5240852773189548,0.0,0.0242742527646001,,-7.500000000000007,descriptive difference between distinct calibration cohort designs; not paired across cohorts
DeiT-Tiny,32,operator_aware,0.01,200,0.75,10.06981453061104,-0.1398455500602722,0.161950568575412,6.262859103679657,0.3904105927896096,0.003904105927896,200,0.71,10.72079300880432,-0.0761345124244689,0.1755405635945498,6.444085109233856,0.4146848455542097,0.004146848455542,0,-0.040000000000000036,0.650978478193279,0.06371103763580328,0.013589995019137796,0.18122600555419943,0.0242742527646001,0.0002427425276459996,-4.0000000000000036,descriptive difference between distinct calibration cohort designs; not paired across cohorts
DeiT-Tiny,32,operator_aware,0.1,200,0.745,8.815328148007392,-0.1291856801509857,0.9535626646876336,5.109886988401413,0.3904105927896096,0.0390410592789609,200,0.705,9.332860859632492,-0.0648466479778289,1.0311761429905892,5.263431701660156,0.4146848455542097,0.0414684845554209,0,-0.040000000000000036,0.5175327116250994,0.0643390321731568,0.07761347830295562,0.15354471325874375,0.0242742527646001,0.0024274252764599977,-4.0000000000000036,descriptive difference between distinct calibration cohort designs; not paired across cohorts
DeiT-Tiny,32,operator_aware,1.0,200,0.76,6.2172887974977495,-0.1088433873653411,3.2112601518630983,2.8114986938238142,0.3904105927896096,0.3904105927896096,200,0.715,6.360175750851632,-0.051392399072647,3.5082094722986223,2.8668659144639967,0.4146848455542097,0.4146848455542097,0,-0.04500000000000004,0.1428869533538828,0.057450988292694107,0.296949320435524,0.05536722064018251,0.0242742527646001,0.0242742527646001,-4.5000000000000036,descriptive difference between distinct calibration cohort designs; not paired across cohorts
DeiT-Tiny,32,operator_aware,3.0,200,0.765,5.350114178657532,-0.1155163955688476,4.653512433171272,1.7730523183941842,0.3904105927896096,1.1712317783688289,200,0.71,5.424097573757171,-0.0537866163253784,5.076884795427322,1.7869486391544342,0.4146848455542097,1.2440545366626292,0,-0.05500000000000005,0.07398339509963936,0.0617297792434692,0.4233723622560497,0.013896320760250047,0.0242742527646001,0.07282275829380036,-5.500000000000005,descriptive difference between distinct calibration cohort designs; not paired across cohorts
DeiT-Tiny,32,operator_aware,10.0,200,0.77,5.432504279017448,-0.1326716721057891,6.167021515369416,0.9216136933863164,0.3904105927896096,3.904105927896096,200,0.71,5.702917613387108,-0.0736992239952087,6.693303172588348,0.9119340977072716,0.4146848455542097,4.146848455542098,0,-0.06000000000000005,0.27041333436965953,0.05897244811058039,0.5262816572189326,-0.00967959567904475,0.0242742527646001,0.2427425276460018,-6.000000000000005,descriptive difference between distinct calibration cohort designs; not paired across cohorts
DeiT-Tiny,32,operator_aware,30.0,200,0.785,6.139958389401436,-0.1553638243675232,7.244780697822571,0.4318084369972348,0.3904105927896096,11.712317783688288,200,0.715,6.575890299081802,-0.096376234292984,7.802547470331192,0.4195602723956108,0.4146848455542097,12.440545366626292,0,-0.07000000000000006,0.43593190968036666,0.05898759007453919,0.5577667725086215,-0.012248164601624034,0.0242742527646001,0.728227582938004,-7.000000000000006,descriptive difference between distinct calibration cohort designs; not paired across cohorts
DeiT-Tiny,32,operator_aware,100.0,200,0.775,6.855121694207192,-0.1698276269435882,7.94305160522461,0.1580198485963046,0.3904105927896096,39.04105927896096,200,0.71,7.326473793983459,-0.1270821058750152,8.489970387220383,0.1513429046049713,0.4146848455542097,41.46848455542097,0,-0.06500000000000006,0.4713520997762677,0.04274552106857299,0.5469187819957737,-0.006676943991333312,0.0242742527646001,2.4274252764600135,-6.500000000000005,descriptive difference between distinct calibration cohort designs; not paired across cohorts
DeiT-Tiny,98,group_mean,,200,0.795,2.6334010314941407,-0.0234706985950469,3.267017126232385,0.0,0.5864707579096077,,200,0.72,2.841407179534435,-0.0182254636287689,3.496357815265656,0.0,0.6201069121194529,,0,-0.07500000000000007,0.20800614804029438,0.005245234966278,0.22934068903327098,0.0,0.033636154209845226,,-7.500000000000007,descriptive difference between distinct calibration cohort designs; not paired across cohorts
DeiT-Tiny,98,operator_aware,0.01,200,0.78,2.769851775318384,-0.0166321790218353,0.0698967062029987,3.369150596559048,0.5864707579096077,0.005864707579096,200,0.72,2.93269287198782,-0.0054474246501922,0.0733167895115911,3.412111065387726,0.6201069121194529,0.0062010691211944,0,-0.06000000000000005,0.16284109666943625,0.011184754371643102,0.003420083308592392,0.04296046882867799,0.033636154209845226,0.0003363615420984003,-6.000000000000005,descriptive difference between distinct calibration cohort designs; not paired across cohorts
DeiT-Tiny,98,operator_aware,0.1,200,0.785,2.408057350888848,-0.0183369505405426,0.4230776791647077,2.7208265864849093,0.5864707579096077,0.0586470757909607,200,0.72,2.5501657727360727,-0.0041326570510864,0.4395301869884133,2.772536674141884,0.6201069121194529,0.0620106912119452,0,-0.06500000000000006,0.1421084218472246,0.014204293489456201,0.01645250782370561,0.051710087656974935,0.033636154209845226,0.0033636154209844976,-6.500000000000005,descriptive difference between distinct calibration cohort designs; not paired across cohorts
DeiT-Tiny,98,operator_aware,1.0,200,0.79,1.6521207873523236,-0.0256506538391113,1.383190447241068,1.4222320131212474,0.5864707579096077,0.5864707579096077,200,0.725,1.7168617831170558,-0.0012032175064086,1.4760218881070617,1.4563716055452824,0.6201069121194529,0.6201069121194529,0,-0.06500000000000006,0.06474099576473225,0.0244474363327027,0.0928314408659936,0.03413959242403508,0.033636154209845226,0.033636154209845226,-6.500000000000005,descriptive difference between distinct calibration cohort designs; not paired across cohorts
DeiT-Tiny,98,operator_aware,3.0,200,0.79,1.5316671168804168,-0.0275016331672668,1.946335532963276,0.8659888685494661,0.5864707579096077,1.759412273728823,200,0.725,1.6086749382317067,-0.0011786592006683,2.0949366852641105,0.8833775880932808,0.6201069121194529,1.8603207363583587,0,-0.06500000000000006,0.07700782135128992,0.0263229739665985,0.14860115230083437,0.017388719543814712,0.033636154209845226,0.10090846262953579,-6.500000000000005,descriptive difference between distinct calibration cohort designs; not paired across cohorts
DeiT-Tiny,98,operator_aware,10.0,200,0.795,1.7646624071896075,-0.0292990005016326,2.50026173338294,0.4348180985823273,0.5864707579096077,5.864707579096076,200,0.72,1.915953897535801,-0.0050533890724182,2.7008846187591558,0.4391523694992065,0.6201069121194529,6.201069121194529,0,-0.07500000000000007,0.1512914903461935,0.0242456114292144,0.20062288537621553,0.004334270916879213,0.033636154209845226,0.3363615420984525,-7.500000000000007,descriptive difference between distinct calibration cohort designs; not paired across cohorts
DeiT-Tiny,98,operator_aware,30.0,200,0.795,2.12212329402566,-0.0286974811553955,2.877718027532101,0.1991755392868071,0.5864707579096077,17.594122737288227,200,0.715,2.3198002384603025,-0.0115675663948059,3.1028699013590813,0.198623562529683,0.6201069121194529,18.603207363583586,0,-0.08000000000000007,0.19767694443464245,0.0171299147605896,0.22515187382698043,-0.0005519767571240952,0.033636154209845226,1.0090846262953583,-8.000000000000007,descriptive difference between distinct calibration cohort designs; not paired across cohorts
DeiT-Tiny,98,operator_aware,100.0,200,0.795,2.421994614750147,-0.025510584115982,3.116571247279644,0.0719479331560432,0.5864707579096077,58.64707579096076,200,0.72,2.6326023983955382,-0.0158026695251464,3.348017185628414,0.0708323812764137,0.6201069121194529,62.010691211945286,0,-0.07500000000000007,0.21060778364539123,0.0097079145908356,0.23144593834877014,-0.0011155518796295005,0.033636154209845226,3.363615420984523,-7.500000000000007,descriptive difference between distinct calibration cohort designs; not paired across cohorts
ViT-B/16 AugReg,32,group_mean,,200,0.835,6.777432013750076,-0.2746316266059875,12.289334508180618,0.0,0.0071885020537126,,200,0.78,7.964387001991272,-0.1753222441673279,13.385338745117188,0.0,0.009139440263358,,0,-0.05499999999999994,1.1869549882411965,0.09930938243865961,1.0960042369365706,0.0,0.001950938209645401,,-5.499999999999994,descriptive difference between distinct calibration cohort designs; not paired across cohorts
ViT-B/16 AugReg,32,operator_aware,0.01,200,0.85,7.5577457457780834,-0.3032144713401794,0.4513386496901512,63.96958832740784,0.0071885020537126,7.188502053711713e-05,200,0.775,8.335117282271385,-0.4537992227077484,0.5258187818340957,64.92335633277894,0.009139440263358,9.139440263356422e-05,0,-0.07499999999999996,0.7773715364933018,-0.150584751367569,0.0744801321439445,0.9537680053710957,0.001950938209645401,1.95093820964471e-05,-7.499999999999996,descriptive difference between distinct calibration cohort designs; not paired across cohorts
ViT-B/16 AugReg,32,operator_aware,0.1,200,0.85,6.960831634402275,-0.2598557662963867,1.859991647452116,45.60105850219727,0.0071885020537126,0.0007188502053712,200,0.765,7.728358888626099,-0.4224319124221802,2.148390419632197,45.97482967376709,0.009139440263358,0.0009139440263357,0,-0.08499999999999996,0.7675272542238236,-0.16257614612579352,0.2883987721800809,0.3737711715698211,0.001950938209645401,0.00019509382096449996,-8.499999999999996,descriptive difference between distinct calibration cohort designs; not paired across cohorts
ViT-B/16 AugReg,32,operator_aware,1.0,200,0.85,6.184081553220749,-0.249479683637619,4.894656220078469,24.134461646080016,0.0071885020537126,0.0071885020537126,200,0.78,6.947692348659039,-0.3510157418251037,5.5579942545294765,23.74006658554077,0.009139440263358,0.009139440263358,0,-0.06999999999999995,0.7636107954382902,-0.1015360581874847,0.6633380344510078,-0.3943950605392459,0.001950938209645401,0.001950938209645401,-6.999999999999995,descriptive difference between distinct calibration cohort designs; not paired across cohorts
ViT-B/16 AugReg,32,operator_aware,3.0,200,0.845,5.778086501955986,-0.2620032227039337,6.724492580294609,15.488337228298189,0.0071885020537126,0.021565506161138,200,0.775,6.581063959896564,-0.3178641879558563,7.527144607305527,15.065123250484469,0.009139440263358,0.0274183207900742,0,-0.06999999999999995,0.8029774579405782,-0.05586096525192258,0.8026520270109172,-0.4232139778137203,0.001950938209645401,0.0058528146289362,-6.999999999999995,descriptive difference between distinct calibration cohort designs; not paired across cohorts
ViT-B/16 AugReg,32,operator_aware,10.0,200,0.845,5.517185484170914,-0.2599513137340545,8.61482894897461,8.544435653686524,0.0071885020537126,0.0718850205371269,200,0.795,6.438194283246994,-0.2800071120262146,9.526980060338976,8.230060266256332,0.009139440263358,0.091394402633581,0,-0.04999999999999993,0.9210087990760805,-0.020055798292160087,0.9121511113643663,-0.3143753874301911,0.001950938209645401,0.0195093820964541,-4.999999999999993,descriptive difference between distinct calibration cohort designs; not paired across cohorts
ViT-B/16 AugReg,32,operator_aware,30.0,200,0.845,5.615878638625145,-0.2402279269695282,10.022701637744904,4.5019612210989,0.0071885020537126,0.2156550616113808,200,0.78,6.712445295751095,-0.2410225260257721,11.013316476345064,4.289029257297516,0.009139440263358,0.2741832079007433,0,-0.06499999999999995,1.0965666571259503,-0.0007945990562439054,0.9906148386001608,-0.2129319638013838,0.001950938209645401,0.05852814628936251,-6.499999999999995,descriptive difference between distinct calibration cohort designs; not paired across cohorts
ViT-B/16 AugReg,32,operator_aware,100.0,200,0.845,6.0023538544774055,-0.2248933565616607,11.137062283754348,1.9667946457862853,0.0071885020537126,0.7188502053712695,200,0.78,7.200905804038047,-0.2077068698406219,12.178095607757568,1.860767305791378,0.009139440263358,0.9139440263358112,0,-0.06499999999999995,1.1985519495606418,0.017186486721038813,1.0410333240032195,-0.10602733999490721,0.001950938209645401,0.19509382096454164,-6.499999999999995,descriptive difference between distinct calibration cohort designs; not paired across cohorts
ViT-B/16 AugReg,98,group_mean,,200,0.85,2.356247004941106,-0.0334519112110137,4.953030838668346,0.0,0.0106056545854804,,200,0.785,2.662912132889032,-0.0145999479293823,5.4127748012542725,0.0,0.0140192235006941,,0,-0.06499999999999995,0.3066651279479262,0.018851963281631398,0.4597439625859261,0.0,0.0034135689152137005,,-6.499999999999995,descriptive difference between distinct calibration cohort designs; not paired across cohorts
ViT-B/16 AugReg,98,operator_aware,0.01,200,0.845,2.6403165756165983,-0.0409221768379211,0.1810710236802696,33.529395723342894,0.0106056545854804,0.0001060565458547,200,0.785,2.949228710234165,-0.0794219470024108,0.2020048802439123,34.28561282396316,0.0140192235006941,0.0001401922350069,0,-0.05999999999999994,0.3089121346175667,-0.0384997701644897,0.020933856563642717,0.7562171006202689,0.0034135689152137005,3.413568915220001e-05,-5.999999999999995,descriptive difference between distinct calibration cohort designs; not paired across cohorts
ViT-B/16 AugReg,98,operator_aware,0.1,200,0.845,2.519960544332862,-0.0438680779933929,0.7562553358078002,23.891020798683165,0.0106056545854804,0.001060565458548,200,0.785,2.802266263663769,-0.0741705346107483,0.8364895678684116,24.374623250961303,0.0140192235006941,0.0014019223500693,0,-0.05999999999999994,0.28230571933090687,-0.030302456617355394,0.08023423206061131,0.4836024522781379,0.0034135689152137005,0.00034135689152130005,-5.999999999999995,descriptive difference between distinct calibration cohort designs; not paired across cohorts
ViT-B/16 AugReg,98,operator_aware,1.0,200,0.845,2.2525861501693725,-0.0543644261360168,1.9617109034955504,12.544109207391738,0.0106056545854804,0.0106056545854804,200,0.785,2.4978823870420457,-0.0636004567146301,2.161218115091324,12.642022812366486,0.0140192235006941,0.0140192235006941,0,-0.05999999999999994,0.2452962368726732,-0.009236030578613302,0.19950721159577345,0.09791360497474777,0.0034135689152137005,0.0034135689152137005,-5.999999999999995,descriptive difference between distinct calibration cohort designs; not paired across cohorts
ViT-B/16 AugReg,98,operator_aware,3.0,200,0.845,2.0425374265760183,-0.05526660323143,2.666284903287888,8.12207487642765,0.0106056545854804,0.0318169637564414,200,0.785,2.2575678991526367,-0.0526845908164978,2.9282285384833813,8.112201334238053,0.0140192235006941,0.0420576705020826,0,-0.05999999999999994,0.21503047257661834,0.0025820124149321944,0.26194363519549313,-0.009873542189597018,0.0034135689152137005,0.010240706745641204,-5.999999999999995,descriptive difference between distinct calibration cohort designs; not paired across cohorts
ViT-B/16 AugReg,98,operator_aware,10.0,200,0.845,1.8043541369587184,-0.0495191919803619,3.409659115076065,4.562897338271141,0.0106056545854804,0.106056545854805,200,0.79,2.0338858254253864,-0.0454597151279449,3.7324862614274026,4.513274101614952,0.0140192235006941,0.1401922350069422,0,-0.05499999999999994,0.22953168846666805,0.0040594768524169975,0.32282714635133747,-0.049623236656189285,0.0034135689152137005,0.03413568915213719,-5.499999999999994,descriptive difference between distinct calibration cohort designs; not paired across cohorts
ViT-B/16 AugReg,98,operator_aware,30.0,200,0.845,1.7748968172073365,-0.0431440794467926,3.989118863344193,2.42962797626853,0.0106056545854804,0.3181696375644153,200,0.79,2.042791283875704,-0.0422658812999725,4.358138935863972,2.382898821234703,0.0140192235006941,0.4205767050208269,0,-0.05499999999999994,0.2678944666683676,0.0008781981468200944,0.3690200725197794,-0.04672915503382713,0.0034135689152137005,0.1024070674564116,-5.499999999999994,descriptive difference between distinct calibration cohort designs; not paired across cohorts
ViT-B/16 AugReg,98,operator_aware,100.0,200,0.85,1.9603946540504693,-0.038918889760971,4.459514046609402,1.0680878215283156,0.0106056545854804,1.060565458548051,200,0.785,2.2526323126256464,-0.0339252626895904,4.865811588466167,1.0375414081662893,0.0140192235006941,1.401922350069423,0,-0.06499999999999995,0.29223765857517714,0.004993627071380596,0.40629754185676514,-0.030546413362026348,0.0034135689152137005,0.34135689152137183,-6.499999999999995,descriptive difference between distinct calibration cohort designs; not paired across cohorts
