model,budget,factor_a,factor_b,metric,n_paired_images,mean_difference_a_minus_b,sd_paired_difference,ci95_low,ci95_high,paired_t_p_unadjusted,wilcoxon_p_unadjusted,top1_wins_a,top1_losses_a,top1_ties,top1_mcnemar_exact_p_unadjusted,inference_unit_note
DINOv2 ViT-S/14,42,10.0,3.0,compressed_correct,200,0.025,0.2734021648023164,-0.013122756169102925,0.06312275616910293,0.1974540942449564,0.19670560245894686,10,5,185,0.30175781249999994,paired calibration images within this model-budget cell; cells/factors are repeated on the same cohort
DINOv2 ViT-S/14,42,10.0,3.0,logit_l2_damage,200,-4.496797802448273,3.7929385090823224,-5.025679020527498,-3.967916584369048,6.436422578228804e-40,2.5166819249046445e-32,10,5,185,0.30175781249999994,paired calibration images within this model-budget cell; cells/factors are repeated on the same cohort
DINOv2 ViT-S/14,42,10.0,3.0,true_margin_change,200,0.2052275538444519,0.8421850606457291,0.08779462956796398,0.32266047812093984,0.0006934451762253957,0.0010845750623629644,10,5,185,0.30175781249999994,paired calibration images within this model-budget cell; cells/factors are repeated on the same cohort
DINOv2 ViT-S/14,42,10.0,3.0,operator_residual_JE,200,5.558898651599884,1.2506278580225572,5.384513123511054,5.733284179688715,3.150862127274875e-133,1.4361464127613523e-34,10,5,185,0.30175781249999994,paired calibration images within this model-budget cell; cells/factors are repeated on the same cohort
DINOv2 ViT-S/14,42,10.0,3.0,carrier_displacement_fro,200,-0.3199643006920814,0.04183241641470752,-0.32579734525519005,-0.3141312561289728,9.464575350841878e-179,1.4361464127613523e-34,10,5,185,0.30175781249999994,paired calibration images within this model-budget cell; cells/factors are repeated on the same cohort
DINOv2 ViT-S/14,42,10.0,30.0,compressed_correct,200,0.015,0.15779574610057517,-0.00700278391161786,0.03700278391161786,0.18036707678728212,0.17971249487899976,4,1,195,0.375,paired calibration images within this model-budget cell; cells/factors are repeated on the same cohort
DINOv2 ViT-S/14,42,10.0,30.0,logit_l2_damage,200,1.3099810338020328,3.237649438649456,0.8585284266147014,1.761433640989364,3.824948616411698e-08,8.720724135613595e-07,4,1,195,0.375,paired calibration images within this model-budget cell; cells/factors are repeated on the same cohort
DINOv2 ViT-S/14,42,10.0,30.0,true_margin_change,200,-0.04883030652999878,0.6028723062823075,-0.1328938469563269,0.03523323389632934,0.2533952030077398,0.2529142785714139,4,1,195,0.375,paired calibration images within this model-budget cell; cells/factors are repeated on the same cohort
DINOv2 ViT-S/14,42,10.0,30.0,operator_residual_JE,200,-4.928754148483276,1.2850608425716055,-5.107940956309913,-4.749567340656639,3.4859947836552867e-121,1.4361464127613523e-34,4,1,195,0.375,paired calibration images within this model-budget cell; cells/factors are repeated on the same cohort
DINOv2 ViT-S/14,42,10.0,30.0,carrier_displacement_fro,200,0.2143441376835108,0.03499671284589735,0.20946425258271456,0.21922402278430703,6.02475534509426e-160,1.4361464127613523e-34,4,1,195,0.375,paired calibration images within this model-budget cell; cells/factors are repeated on the same cohort
DINOv2 ViT-S/14,128,10.0,3.0,compressed_correct,200,0.005,0.07071067811865477,-0.004859782721246976,0.014859782721246977,0.3185249123197742,0.31731050786291415,1,0,199,1.0,paired calibration images within this model-budget cell; cells/factors are repeated on the same cohort
DINOv2 ViT-S/14,128,10.0,3.0,logit_l2_damage,200,-0.5079889732599259,0.9564151436608254,-0.6413499557692723,-0.37462799075057934,1.933304181086573e-12,2.546375417413638e-11,1,0,199,1.0,paired calibration images within this model-budget cell; cells/factors are repeated on the same cohort
DINOv2 ViT-S/14,128,10.0,3.0,true_margin_change,200,0.0035693073272705044,0.2019478257381837,-0.024589971239758743,0.03172858589429975,0.8028809109090607,0.937755752435546,1,0,199,1.0,paired calibration images within this model-budget cell; cells/factors are repeated on the same cohort
DINOv2 ViT-S/14,128,10.0,3.0,operator_residual_JE,200,2.318179521560669,0.7841306073785813,2.2088416164587157,2.4275174266626225,1.6541598649778492e-100,1.4361464127613523e-34,1,0,199,1.0,paired calibration images within this model-budget cell; cells/factors are repeated on the same cohort
DINOv2 ViT-S/14,128,10.0,3.0,carrier_displacement_fro,200,-0.17317981071770192,0.03720554382791425,-0.17836769164218547,-0.16799192979321836,4.951118578161576e-137,1.4361464127613523e-34,1,0,199,1.0,paired calibration images within this model-budget cell; cells/factors are repeated on the same cohort
DINOv2 ViT-S/14,128,10.0,30.0,compressed_correct,200,0.0,0.0,0.0,0.0,,1.0,0,0,200,1.0,paired calibration images within this model-budget cell; cells/factors are repeated on the same cohort
DINOv2 ViT-S/14,128,10.0,30.0,logit_l2_damage,200,-0.6550847697257995,0.7538579525361034,-0.7602015047430695,-0.5499680347085296,3.387190184174739e-26,1.8920817930350843e-23,0,0,200,1.0,paired calibration images within this model-budget cell; cells/factors are repeated on the same cohort
DINOv2 ViT-S/14,128,10.0,30.0,true_margin_change,200,0.0038604593276977506,0.19936597619182359,-0.023938810309656913,0.03165972896505241,0.784488678441581,0.6569399611356702,0,0,200,1.0,paired calibration images within this model-budget cell; cells/factors are repeated on the same cohort
DINOv2 ViT-S/14,128,10.0,30.0,operator_residual_JE,200,-1.9432171487808227,0.7272363558896052,-2.0446218113698422,-1.8418124861918033,9.625043671069084e-93,1.4361464127613523e-34,0,0,200,1.0,paired calibration images within this model-budget cell; cells/factors are repeated on the same cohort
DINOv2 ViT-S/14,128,10.0,30.0,carrier_displacement_fro,200,0.1106043472699821,0.026956949853011742,0.10684551373239047,0.11436318080757372,1.1457991405337415e-126,1.4361464127613523e-34,0,0,200,1.0,paired calibration images within this model-budget cell; cells/factors are repeated on the same cohort
DeiT-Small,32,10.0,3.0,compressed_correct,200,-0.005,0.15843138108519667,-0.02709141582698253,0.01709141582698253,0.6558532764186376,0.6547208460185769,2,3,195,1.0,paired calibration images within this model-budget cell; cells/factors are repeated on the same cohort
DeiT-Small,32,10.0,3.0,logit_l2_damage,200,-0.48563983261585236,1.1542528437123623,-0.6465869844065365,-0.3246926808251682,1.1893714860889657e-08,7.696525235035493e-07,2,3,195,1.0,paired calibration images within this model-budget cell; cells/factors are repeated on the same cohort
DeiT-Small,32,10.0,3.0,true_margin_change,200,0.006373449563980104,0.27560900648193476,-0.0320570250436975,0.044803924171657704,0.7439840641162263,0.7408966966258722,2,3,195,1.0,paired calibration images within this model-budget cell; cells/factors are repeated on the same cohort
DeiT-Small,32,10.0,3.0,operator_residual_JE,200,1.4219984608888625,0.6257937522997451,1.334738791060275,1.50925813071745,1.0499211506094327e-80,1.4361464127613523e-34,2,3,195,1.0,paired calibration images within this model-budget cell; cells/factors are repeated on the same cohort
DeiT-Small,32,10.0,3.0,carrier_displacement_fro,200,-2.7242954003810884,0.4345932997762912,-2.7848943880009442,-2.6636964127612326,6.654595847691714e-162,1.4361464127613523e-34,2,3,195,1.0,paired calibration images within this model-budget cell; cells/factors are repeated on the same cohort
DeiT-Small,32,10.0,30.0,compressed_correct,200,0.01,0.1414213562373095,-0.009719565442493949,0.029719565442493948,0.318524912319774,0.31731050786291415,3,1,196,0.625,paired calibration images within this model-budget cell; cells/factors are repeated on the same cohort
DeiT-Small,32,10.0,30.0,logit_l2_damage,200,-0.36994965493679044,0.8763912831178385,-0.4921522396134189,-0.24774707026016193,1.0740754346306096e-08,3.63356493593133e-13,3,1,196,0.625,paired calibration images within this model-budget cell; cells/factors are repeated on the same cohort
DeiT-Small,32,10.0,30.0,true_margin_change,200,0.005079097747802732,0.31127860833943344,-0.038325088517372624,0.04848328401297809,0.8177417204945352,0.922239113225341,3,1,196,0.625,paired calibration images within this model-budget cell; cells/factors are repeated on the same cohort
DeiT-Small,32,10.0,30.0,operator_residual_JE,200,-1.1359869873523711,0.6220831623419829,-1.2227292585118383,-1.049244716192904,1.8382490045401432e-65,1.4361464127613523e-34,3,1,196,0.625,paired calibration images within this model-budget cell; cells/factors are repeated on the same cohort
DeiT-Small,32,10.0,30.0,carrier_displacement_fro,200,1.7182715791463852,0.3565534260160183,1.668554345447467,1.7679888128453034,6.623546126765761e-140,1.4361464127613523e-34,3,1,196,0.625,paired calibration images within this model-budget cell; cells/factors are repeated on the same cohort
DeiT-Small,98,10.0,3.0,compressed_correct,200,0.0,0.0,0.0,0.0,,1.0,0,0,200,1.0,paired calibration images within this model-budget cell; cells/factors are repeated on the same cohort
DeiT-Small,98,10.0,3.0,logit_l2_damage,200,0.07165099754929542,0.3413979491402166,0.02404701906172637,0.11925497603686447,0.0033643054434942276,7.409356557565551e-08,0,0,200,1.0,paired calibration images within this model-budget cell; cells/factors are repeated on the same cohort
DeiT-Small,98,10.0,3.0,true_margin_change,200,0.004582216739654546,0.08913264141640877,-0.007846294782493603,0.017010728261802693,0.468060424735502,0.934844402032373,0,0,200,1.0,paired calibration images within this model-budget cell; cells/factors are repeated on the same cohort
DeiT-Small,98,10.0,3.0,operator_residual_JE,200,0.5723178666830063,0.29649110298147213,0.5309756262752037,0.613660107090809,3.3047554237343554e-69,1.4361464127613523e-34,0,0,200,1.0,paired calibration images within this model-budget cell; cells/factors are repeated on the same cohort
DeiT-Small,98,10.0,3.0,carrier_displacement_fro,200,-1.5937013536691667,0.4302520119108947,-1.653694999122577,-1.5337077082157564,2.274938433224022e-118,1.4361464127613523e-34,0,0,200,1.0,paired calibration images within this model-budget cell; cells/factors are repeated on the same cohort
DeiT-Small,98,10.0,30.0,compressed_correct,200,0.0,0.0,0.0,0.0,,1.0,0,0,200,1.0,paired calibration images within this model-budget cell; cells/factors are repeated on the same cohort
DeiT-Small,98,10.0,30.0,logit_l2_damage,200,-0.28159634456038474,0.2563729727184887,-0.31734457769658486,-0.24584811142418458,3.669946494232243e-36,1.969244915012281e-28,0,0,200,1.0,paired calibration images within this model-budget cell; cells/factors are repeated on the same cohort
DeiT-Small,98,10.0,30.0,true_margin_change,200,-0.0076698517799377395,0.09884605914487042,-0.02145278657777038,0.006113083017894904,0.27381728768439245,0.8990213678339647,0,0,200,1.0,paired calibration images within this model-budget cell; cells/factors are repeated on the same cohort
DeiT-Small,98,10.0,30.0,operator_residual_JE,200,-0.42927620351314544,0.2772185758953665,-0.46793111387951525,-0.3906212931467756,6.57914732786175e-55,1.4361464127613523e-34,0,0,200,1.0,paired calibration images within this model-budget cell; cells/factors are repeated on the same cohort
DeiT-Small,98,10.0,30.0,carrier_displacement_fro,200,0.9461676326394081,0.28895670278257324,0.905875976823248,0.9864592884555681,1.6131363431267164e-108,1.4361464127613523e-34,0,0,200,1.0,paired calibration images within this model-budget cell; cells/factors are repeated on the same cohort
DeiT-Tiny,32,10.0,3.0,compressed_correct,200,0.0,0.2005018828468342,-0.027957658626231698,0.027957658626231698,1.0,1.0,4,4,192,1.0,paired calibration images within this model-budget cell; cells/factors are repeated on the same cohort
DeiT-Tiny,32,10.0,3.0,logit_l2_damage,200,0.27882003962993623,0.9938608364800384,0.1402376902087287,0.4174023890511438,0.00010134520443224374,8.714793775570226e-08,4,4,192,1.0,paired calibration images within this model-budget cell; cells/factors are repeated on the same cohort
DeiT-Tiny,32,10.0,3.0,true_margin_change,200,-0.019912607669830315,0.2725366314301034,-0.05791467526381185,0.018089459924151223,0.3027267156429478,0.045912329461422395,4,4,192,1.0,paired calibration images within this model-budget cell; cells/factors are repeated on the same cohort
DeiT-Tiny,32,10.0,3.0,operator_residual_JE,200,1.616418377161026,0.6004805578473409,1.532688338272515,1.7001484160495373,2.6425054135584323e-93,1.4361464127613523e-34,4,4,192,1.0,paired calibration images within this model-budget cell; cells/factors are repeated on the same cohort
DeiT-Tiny,32,10.0,3.0,carrier_displacement_fro,200,-0.8750145414471626,0.16997538486239402,-0.8987156345110884,-0.8513134483832369,2.169367616715461e-145,1.4361464127613523e-34,4,4,192,1.0,paired calibration images within this model-budget cell; cells/factors are repeated on the same cohort
DeiT-Tiny,32,10.0,30.0,compressed_correct,200,-0.005,0.12267946550373217,-0.022106226476795734,0.012106226476795733,0.5650059154843452,0.5637028616507731,1,2,197,1.0,paired calibration images within this model-budget cell; cells/factors are repeated on the same cohort
DeiT-Tiny,32,10.0,30.0,logit_l2_damage,200,-0.8729726856946946,0.6560075303244262,-0.9644453159196094,-0.7815000554697797,4.665666061747592e-46,4.480425935778469e-31,1,2,197,1.0,paired calibration images within this model-budget cell; cells/factors are repeated on the same cohort
DeiT-Tiny,32,10.0,30.0,true_margin_change,200,0.022677010297775267,0.26698372304454016,-0.014550768721844534,0.05990478931739507,0.23110060146245928,0.02895456074344501,1,2,197,1.0,paired calibration images within this model-budget cell; cells/factors are repeated on the same cohort
DeiT-Tiny,32,10.0,30.0,operator_residual_JE,200,-1.1092442977428436,0.49338489837148897,-1.1780410908908931,-1.040447504594794,6.201512438471414e-80,1.4361464127613523e-34,1,2,197,1.0,paired calibration images within this model-budget cell; cells/factors are repeated on the same cohort
DeiT-Tiny,32,10.0,30.0,carrier_displacement_fro,200,0.49237382531166074,0.11631462049281535,0.4761551025405535,0.508592548082768,3.208651825537203e-129,1.4361464127613523e-34,1,2,197,1.0,paired calibration images within this model-budget cell; cells/factors are repeated on the same cohort
DeiT-Tiny,98,10.0,3.0,compressed_correct,200,-0.005,0.12267946550373217,-0.022106226476795734,0.012106226476795733,0.5650059154843452,0.5637028616507731,1,2,197,1.0,paired calibration images within this model-budget cell; cells/factors are repeated on the same cohort
DeiT-Tiny,98,10.0,3.0,logit_l2_damage,200,0.3072789593040943,0.27560667740890105,0.26884880945859785,0.3457091091495908,7.070221960268961e-37,2.6915934552278e-28,1,2,197,1.0,paired calibration images within this model-budget cell; cells/factors are repeated on the same cohort
DeiT-Tiny,98,10.0,3.0,true_margin_change,200,-0.003874729871749886,0.0890274389377185,-0.016288572130227816,0.008539112386728043,0.5389236505648612,0.3158705640464099,1,2,197,1.0,paired calibration images within this model-budget cell; cells/factors are repeated on the same cohort
DeiT-Tiny,98,10.0,3.0,operator_residual_JE,200,0.6059479334950447,0.27887549592427735,0.5670619848766568,0.6448338821134326,1.7557187856863914e-77,1.4361464127613523e-34,1,2,197,1.0,paired calibration images within this model-budget cell; cells/factors are repeated on the same cohort
DeiT-Tiny,98,10.0,3.0,carrier_displacement_fro,200,-0.44422521859407427,0.12183849714068264,-0.4612141818009407,-0.42723625538720783,4.2647145877554274e-117,1.4361464127613523e-34,1,2,197,1.0,paired calibration images within this model-budget cell; cells/factors are repeated on the same cohort
DeiT-Tiny,98,10.0,30.0,compressed_correct,200,0.005,0.07071067811865477,-0.004859782721246976,0.014859782721246977,0.3185249123197741,0.31731050786291415,1,0,199,1.0,paired calibration images within this model-budget cell; cells/factors are repeated on the same cohort
DeiT-Tiny,98,10.0,30.0,logit_l2_damage,200,-0.40384634092450145,0.2183650170835632,-0.43429480613017324,-0.37339787571882965,2.609107528203719e-66,1.4361464127613523e-34,1,0,199,1.0,paired calibration images within this model-budget cell; cells/factors are repeated on the same cohort
DeiT-Tiny,98,10.0,30.0,true_margin_change,200,0.006514177322387691,0.08413926774190203,-0.005218066241560206,0.018246420886335588,0.27488233194262646,0.1594700275259655,1,0,199,1.0,paired calibration images within this model-budget cell; cells/factors are repeated on the same cohort
DeiT-Tiny,98,10.0,30.0,operator_residual_JE,200,-0.401985282599926,0.20902924245400345,-0.4311319824735283,-0.3728385827263237,5.944437815337142e-69,1.4361464127613523e-34,1,0,199,1.0,paired calibration images within this model-budget cell; cells/factors are repeated on the same cohort
DeiT-Tiny,98,10.0,30.0,carrier_displacement_fro,200,0.24052880696952342,0.07263816878764097,0.23040025806332282,0.250657355875724,2.0900768732813317e-109,1.4361464127613523e-34,1,0,199,1.0,paired calibration images within this model-budget cell; cells/factors are repeated on the same cohort
ViT-B/16 AugReg,32,10.0,3.0,compressed_correct,200,0.02,0.1724782412902942,-0.004050087320778512,0.044050087320778517,0.10261100133512752,0.10247043485974941,5,1,194,0.21875,paired calibration images within this model-budget cell; cells/factors are repeated on the same cohort
ViT-B/16 AugReg,32,10.0,3.0,logit_l2_damage,200,-0.14286967664957048,0.7957689829641433,-0.2538304180409643,-0.031908935258176674,0.011880727985000799,0.0711323340345657,5,1,194,0.21875,paired calibration images within this model-budget cell; cells/factors are repeated on the same cohort
ViT-B/16 AugReg,32,10.0,3.0,true_margin_change,200,0.03785707592964172,0.22611598409595485,0.006327828405725232,0.06938632345355822,0.018856714944839478,0.11268913173244108,5,1,194,0.21875,paired calibration images within this model-budget cell; cells/factors are repeated on the same cohort
ViT-B/16 AugReg,32,10.0,3.0,operator_residual_JE,200,1.9998354530334472,0.6396699746274072,1.9106409051810218,2.0890300008858724,7.150911280279454e-105,1.4361464127613523e-34,5,1,194,0.21875,paired calibration images within this model-budget cell; cells/factors are repeated on the same cohort
ViT-B/16 AugReg,32,10.0,3.0,carrier_displacement_fro,200,-6.835062984228134,2.151286870569817,-7.13503494997985,-6.535091018476418,3.8592306489399337e-106,1.4361464127613523e-34,5,1,194,0.21875,paired calibration images within this model-budget cell; cells/factors are repeated on the same cohort
ViT-B/16 AugReg,32,10.0,30.0,compressed_correct,200,0.015,0.15779574610057515,-0.007002783911617856,0.037002783911617855,0.18036707678728203,0.17971249487899976,4,1,195,0.375,paired calibration images within this model-budget cell; cells/factors are repeated on the same cohort
ViT-B/16 AugReg,32,10.0,30.0,logit_l2_damage,200,-0.27425101250410083,0.7904355652857163,-0.38446807075074096,-0.16403395425746073,1.9221788449019473e-06,1.6511935106581598e-09,4,1,195,0.375,paired calibration images within this model-budget cell; cells/factors are repeated on the same cohort
ViT-B/16 AugReg,32,10.0,30.0,true_margin_change,200,-0.03898458600044251,0.2698430535081946,-0.07661106544056412,-0.0013581065603209055,0.042357431023420135,0.16758280327976105,4,1,195,0.375,paired calibration images within this model-budget cell; cells/factors are repeated on the same cohort
ViT-B/16 AugReg,32,10.0,30.0,operator_residual_JE,200,-1.4863364160060883,0.5191207204258182,-1.5587217706042567,-1.41395106140792,4.976267274947366e-98,1.4361464127613523e-34,4,1,195,0.375,paired calibration images within this model-budget cell; cells/factors are repeated on the same cohort
ViT-B/16 AugReg,32,10.0,30.0,carrier_displacement_fro,200,3.9410310089588165,1.279672517942748,3.762595540413397,4.119466477504236,1.0770418106772236e-103,1.4361464127613523e-34,4,1,195,0.375,paired calibration images within this model-budget cell; cells/factors are repeated on the same cohort
ViT-B/16 AugReg,98,10.0,3.0,compressed_correct,200,0.005,0.07071067811865478,-0.004859782721246978,0.014859782721246977,0.3185249123197742,0.31731050786291415,1,0,199,1.0,paired calibration images within this model-budget cell; cells/factors are repeated on the same cohort
ViT-B/16 AugReg,98,10.0,3.0,logit_l2_damage,200,-0.2236820737272501,0.592033446176949,-0.30623426101105145,-0.14112988644344876,2.486413281320242e-07,4.258241146525677e-14,1,0,199,1.0,paired calibration images within this model-budget cell; cells/factors are repeated on the same cohort
ViT-B/16 AugReg,98,10.0,3.0,true_margin_change,200,0.007224875688552853,0.09001426534775747,-0.005326568050287706,0.019776319427393413,0.2576988442682338,0.7547642355486297,1,0,199,1.0,paired calibration images within this model-budget cell; cells/factors are repeated on the same cohort
ViT-B/16 AugReg,98,10.0,3.0,operator_residual_JE,200,0.8042577229440212,0.5753254129689401,0.724035276818322,0.8844801690697204,7.734663812302505e-49,1.4361464127613523e-34,1,0,199,1.0,paired calibration images within this model-budget cell; cells/factors are repeated on the same cohort
ViT-B/16 AugReg,98,10.0,3.0,carrier_displacement_fro,200,-3.5989272326231,3.0808082614781194,-4.0285101594481665,-3.1693443057980337,3.5862462333033226e-39,1.4361464127613523e-34,1,0,199,1.0,paired calibration images within this model-budget cell; cells/factors are repeated on the same cohort
ViT-B/16 AugReg,98,10.0,30.0,compressed_correct,200,0.0,0.1002509414234171,-0.013978829313115849,0.013978829313115849,1.0,1.0,1,1,198,1.0,paired calibration images within this model-budget cell; cells/factors are repeated on the same cohort
ViT-B/16 AugReg,98,10.0,30.0,logit_l2_damage,200,-0.008905458450317386,0.5218660922337273,-0.0816736232581346,0.06386270635749983,0.8095474586956725,0.09727482909226656,1,1,198,1.0,paired calibration images within this model-budget cell; cells/factors are repeated on the same cohort
ViT-B/16 AugReg,98,10.0,30.0,true_margin_change,200,-0.0031938338279724186,0.10581542881848822,-0.01794856627382947,0.01156089861788463,0.6699478530634897,0.97663802027649,1,1,198,1.0,paired calibration images within this model-budget cell; cells/factors are repeated on the same cohort
ViT-B/16 AugReg,98,10.0,30.0,operator_residual_JE,200,-0.6256526744365692,0.3966851582597776,-0.680965812045315,-0.5703395368278235,4.881734599760869e-56,1.4361464127613523e-34,1,1,198,1.0,paired calibration images within this model-budget cell; cells/factors are repeated on the same cohort
ViT-B/16 AugReg,98,10.0,30.0,carrier_displacement_fro,200,2.130375280380249,1.7188367520613057,1.890703460514795,2.3700471002457033,3.2487989395982055e-42,1.4361464127613523e-34,1,1,198,1.0,paired calibration images within this model-budget cell; cells/factors are repeated on the same cohort
