sample_order,class_label,global_index,calibration_seed,class_selection_seed
0,842,42140,9101,61327
1,992,49647,9101,61327
2,406,20341,9101,61327
3,590,29530,9101,61327
4,774,38707,9101,61327
5,277,13879,9101,61327
6,104,5234,9101,61327
7,441,22077,9101,61327
8,846,42308,9101,61327
9,209,10476,9101,61327
10,306,15305,9101,61327
11,377,18879,9101,61327
12,925,46295,9101,61327
13,20,1019,9101,61327
14,291,14598,9101,61327
15,995,49751,9101,61327
16,309,15498,9101,61327
17,378,18921,9101,61327
18,450,22513,9101,61327
19,669,33453,9101,61327
20,14,710,9101,61327
21,772,38608,9101,61327
22,44,2212,9101,61327
23,833,41666,9101,61327
24,983,49173,9101,61327
25,941,47099,9101,61327
26,923,46165,9101,61327
27,144,7249,9101,61327
28,467,23372,9101,61327
29,548,27414,9101,61327
30,979,48960,9101,61327
31,202,10108,9101,61327
32,397,19896,9101,61327
33,28,1416,9101,61327
34,727,36359,9101,61327
35,753,37693,9101,61327
36,618,30910,9101,61327
37,787,39381,9101,61327
38,348,17416,9101,61327
39,973,48677,9101,61327
40,263,13181,9101,61327
41,805,40260,9101,61327
42,999,49982,9101,61327
43,536,26843,9101,61327
44,570,28514,9101,61327
45,408,20405,9101,61327
46,204,10228,9101,61327
47,957,47891,9101,61327
48,610,30532,9101,61327
49,47,2398,9101,61327
50,791,39580,9101,61327
51,464,23217,9101,61327
52,555,27793,9101,61327
53,11,551,9101,61327
54,903,45175,9101,61327
55,894,44733,9101,61327
56,399,19980,9101,61327
57,245,12260,9101,61327
58,268,13445,9101,61327
59,519,25977,9101,61327
60,429,21472,9101,61327
61,786,39322,9101,61327
62,159,7996,9101,61327
63,765,38276,9101,61327
64,34,1705,9101,61327
65,252,12643,9101,61327
66,234,11718,9101,61327
67,414,20709,9101,61327
68,400,20015,9101,61327
69,950,47517,9101,61327
70,483,24183,9101,61327
71,700,35029,9101,61327
72,436,21835,9101,61327
73,935,46758,9101,61327
74,231,11590,9101,61327
75,908,45422,9101,61327
76,537,26895,9101,61327
77,667,33374,9101,61327
78,207,10373,9101,61327
79,121,6056,9101,61327
80,760,38045,9101,61327
81,648,32402,9101,61327
82,350,17512,9101,61327
83,2,134,9101,61327
84,254,12740,9101,61327
85,35,1790,9101,61327
86,771,38584,9101,61327
87,585,29280,9101,61327
88,361,18062,9101,61327
89,729,36494,9101,61327
90,457,22863,9101,61327
91,783,39170,9101,61327
92,294,14747,9101,61327
93,261,13060,9101,61327
94,628,31408,9101,61327
95,472,23628,9101,61327
96,541,27066,9101,61327
97,863,43180,9101,61327
98,38,1937,9101,61327
99,546,27348,9101,61327
100,336,16807,9101,61327
101,416,20804,9101,61327
102,643,32183,9101,61327
103,751,37583,9101,61327
104,110,5536,9101,61327
105,486,24323,9101,61327
106,266,13334,9101,61327
107,934,46727,9101,61327
108,370,18535,9101,61327
109,163,8175,9101,61327
110,53,2683,9101,61327
111,794,39735,9101,61327
112,916,45845,9101,61327
113,293,14687,9101,61327
114,980,49013,9101,61327
115,103,5164,9101,61327
116,392,19648,9101,61327
117,374,18712,9101,61327
118,469,23466,9101,61327
119,43,2198,9101,61327
120,439,21979,9101,61327
121,189,9486,9101,61327
122,742,37114,9101,61327
123,634,31730,9101,61327
124,490,24506,9101,61327
125,849,42459,9101,61327
126,339,16950,9101,61327
127,675,33790,9101,61327
128,725,36261,9101,61327
129,50,2548,9101,61327
130,334,16716,9101,61327
131,455,22767,9101,61327
132,611,30559,9101,61327
133,696,34814,9101,61327
134,982,49113,9101,61327
135,834,41705,9101,61327
136,676,33840,9101,61327
137,924,46242,9101,61327
138,485,24273,9101,61327
139,352,17614,9101,61327
140,29,1487,9101,61327
141,345,17299,9101,61327
142,431,21561,9101,61327
143,40,2015,9101,61327
144,970,48545,9101,61327
145,671,33550,9101,61327
146,236,11816,9101,61327
147,881,44068,9101,61327
148,167,8386,9101,61327
149,835,41771,9101,61327
150,730,36534,9101,61327
151,120,6026,9101,61327
152,55,2774,9101,61327
153,557,27856,9101,61327
154,475,23754,9101,61327
155,489,24452,9101,61327
156,627,31369,9101,61327
157,603,30193,9101,61327
158,521,26084,9101,61327
159,539,26960,9101,61327
160,9,451,9101,61327
161,432,21642,9101,61327
162,227,11363,9101,61327
163,752,37638,9101,61327
164,388,19423,9101,61327
165,287,14388,9101,61327
166,897,44881,9101,61327
167,530,26519,9101,61327
168,244,12245,9101,61327
169,330,16515,9101,61327
170,383,19175,9101,61327
171,695,34797,9101,61327
172,122,6138,9101,61327
173,527,26386,9101,61327
174,678,33904,9101,61327
175,825,41264,9101,61327
176,754,37705,9101,61327
177,329,16494,9101,61327
178,592,29603,9101,61327
179,847,42378,9101,61327
180,314,15747,9101,61327
181,1,68,9101,61327
182,571,28552,9101,61327
183,278,13914,9101,61327
184,242,12144,9101,61327
185,820,41036,9101,61327
186,358,17941,9101,61327
187,82,4146,9101,61327
188,147,7366,9101,61327
189,371,18555,9101,61327
190,419,20974,9101,61327
191,745,37294,9101,61327
192,940,47026,9101,61327
193,694,34723,9101,61327
194,491,24577,9101,61327
195,679,33993,9101,61327
196,692,34622,9101,61327
197,72,3622,9101,61327
198,317,15851,9101,61327
199,796,39800,9101,61327
