pert_id,predicted_tau_multi,predicted_tau_single,scale_factor,alpha,logit_l2,kl_div,margin_damage,top1_acc,top1_flip_rate,model_key,architecture,depth,n_reference_images,linearization_image_global_index,perturbation_family
0,0.4694168269634247,0.0137507449835538,0.4,12.370184326171875,0.7223167419433594,0.0011572800576686,-0.0060616256669163,0.949999988079071,0.0,deit_small,DeiT-Small,8,20,29,top_end_to_end_modes
1,0.3870498239994049,0.0201105289161205,0.4,12.370184326171875,0.8244452476501465,0.0026197221595793,0.0045063975267112,0.949999988079071,0.0,deit_small,DeiT-Small,8,20,29,top_end_to_end_modes
2,0.4472415447235107,0.0149976955726742,0.4,12.370184326171875,0.9432080388069152,0.0043382658623158,-0.0159422159194946,0.949999988079071,0.0,deit_small,DeiT-Small,8,20,29,top_end_to_end_modes
3,0.5014969706535339,0.015666626393795,0.4,12.370184326171875,0.9254474639892578,0.017208207398653,0.0332243926823139,0.949999988079071,0.0,deit_small,DeiT-Small,8,20,29,top_end_to_end_modes
4,0.4498608410358429,0.0178527906537055,0.4,12.370184326171875,1.0379923582077026,0.0010558388894423,0.0050686597824096,0.949999988079071,0.0,deit_small,DeiT-Small,8,20,29,top_end_to_end_modes
5,0.4485941231250763,0.0157579723745584,0.4,12.370184326171875,0.8156639337539673,0.0006702421233057,0.0042837145738303,0.949999988079071,0.0,deit_small,DeiT-Small,8,20,29,top_end_to_end_modes
6,0.5196484923362732,0.0166964419186115,0.4,12.370184326171875,0.9288485646247864,0.0016338765854015,-0.0261870864778757,0.949999988079071,0.0,deit_small,DeiT-Small,8,20,29,top_end_to_end_modes
7,0.4183335602283478,0.0162433981895446,0.4,12.370184326171875,0.7727203369140625,0.0005323989316821,-0.0036606551147997,0.949999988079071,0.0,deit_small,DeiT-Small,8,20,29,top_end_to_end_modes
8,0.4493908882141113,0.0166880376636981,0.4,12.370184326171875,0.8065701723098755,0.0003801056882366,0.0051871300674974,0.949999988079071,0.0,deit_small,DeiT-Small,8,20,29,top_end_to_end_modes
9,0.4610933065414428,0.0165208019316196,0.4,12.370184326171875,0.7398672103881836,0.0011155146639794,-0.01802234724164,0.949999988079071,0.0,deit_small,DeiT-Small,8,20,29,top_end_to_end_modes
10,0.3943008184432983,0.016151838004589,0.4,12.370184326171875,1.07048761844635,0.0007964907563291,-0.007718491833657,0.949999988079071,0.0,deit_small,DeiT-Small,8,20,29,top_end_to_end_modes
11,0.4096044898033142,0.0186817850917577,0.4,12.370184326171875,0.8668279647827148,0.0009536346769891,0.0083007095381617,0.949999988079071,0.0,deit_small,DeiT-Small,8,20,29,top_end_to_end_modes
12,0.4228992462158203,0.0157128497958183,0.4,12.370184326171875,0.8238821029663086,0.0004604956193361,0.0046124458312988,0.949999988079071,0.0,deit_small,DeiT-Small,8,20,29,top_end_to_end_modes
13,0.4826850891113281,0.0166515577584505,0.4,12.370184326171875,0.8895805478096008,0.0025600295048207,-0.0148750068619847,0.949999988079071,0.0,deit_small,DeiT-Small,8,20,29,top_end_to_end_modes
14,0.5428719520568848,0.0146514121443033,0.4,12.370184326171875,1.026967167854309,0.0035425424575805,-0.0214273687452077,0.949999988079071,0.0,deit_small,DeiT-Small,8,20,29,top_end_to_end_modes
15,0.4645475447177887,0.0142909632995724,0.4,12.370184326171875,0.8201974034309387,0.0059766829945147,0.0149291036650538,0.949999988079071,0.0,deit_small,DeiT-Small,8,20,29,top_end_to_end_modes
16,0.4120099246501922,0.0154192754998803,0.4,12.370184326171875,0.966352880001068,0.0050966688431799,0.0243643056601285,0.949999988079071,0.0,deit_small,DeiT-Small,8,20,29,top_end_to_end_modes
17,0.374558687210083,0.0152737786993384,0.4,12.370184326171875,0.8614910244941711,0.0008658447186462,-0.0052771093323826,0.949999988079071,0.0,deit_small,DeiT-Small,8,20,29,top_end_to_end_modes
18,0.4240883886814117,0.0156377833336591,0.4,12.370184326171875,0.857208251953125,0.0006644502864219,-0.0260771047323942,0.949999988079071,0.0,deit_small,DeiT-Small,8,20,29,top_end_to_end_modes
19,0.4154836535453796,0.0169132947921752,0.4,12.370184326171875,0.8456416130065918,0.0019413320114836,0.0054702758789062,0.949999988079071,0.0,deit_small,DeiT-Small,8,20,29,top_end_to_end_modes
20,0.4221063554286957,0.0229475479573011,0.4,12.370184326171875,0.9239574670791626,0.0006591600249521,-0.0057737114839255,0.949999988079071,0.0,deit_small,DeiT-Small,8,20,29,top_end_to_end_modes
21,0.4026665389537811,0.0146964080631732,0.4,12.370184326171875,0.8211850523948669,0.0006288694567047,-0.0030339478980749,0.949999988079071,0.0,deit_small,DeiT-Small,8,20,29,top_end_to_end_modes
22,0.3840202391147613,0.0162322651594877,0.4,12.370184326171875,0.8223061561584473,0.0014417316997423,0.0172287952154874,0.949999988079071,0.0,deit_small,DeiT-Small,8,20,29,top_end_to_end_modes
23,0.4134127795696258,0.0154372993856668,0.4,12.370184326171875,0.8487653732299805,0.0008405481348745,-0.001062250114046,0.949999988079071,0.0,deit_small,DeiT-Small,8,20,29,top_end_to_end_modes
24,0.5241749882698059,0.0151315508410334,0.4,12.370184326171875,1.1994608640670776,0.0023013278841972,0.0124515062198042,0.949999988079071,0.0,deit_small,DeiT-Small,8,20,29,top_end_to_end_modes
25,0.1517961919307708,0.0199749674648046,0.4,12.370184326171875,0.4974706768989563,0.0001075703694368,0.006320834159851,0.949999988079071,0.0,deit_small,DeiT-Small,8,20,29,middle_end_to_end_modes
26,0.1517153531312942,0.0204053223133087,0.4,12.370184326171875,0.4752892553806305,8.346706454176456e-05,-0.0042441370896995,0.949999988079071,0.0,deit_small,DeiT-Small,8,20,29,middle_end_to_end_modes
27,0.1491038203239441,0.0207971017807722,0.4,12.370184326171875,0.4997577667236328,0.0001145954229286,0.005753350444138,0.949999988079071,0.0,deit_small,DeiT-Small,8,20,29,middle_end_to_end_modes
28,0.1482429951429367,0.0208287220448255,0.4,12.370184326171875,0.4985472857952118,0.000293821649393,-0.012652444653213,0.949999988079071,0.0,deit_small,DeiT-Small,8,20,29,middle_end_to_end_modes
29,0.1500942856073379,0.0184314977377653,0.4,12.370184326171875,0.4760397970676422,6.263425893848762e-05,-0.0030888319015502,0.949999988079071,0.0,deit_small,DeiT-Small,8,20,29,middle_end_to_end_modes
30,0.1484127789735794,0.0209575407207012,0.4,12.370184326171875,0.468147337436676,7.224998262245208e-05,-0.0055657387711107,0.949999988079071,0.0,deit_small,DeiT-Small,8,20,29,middle_end_to_end_modes
31,0.1473935544490814,0.0201297421008348,0.4,12.370184326171875,0.4836208820343017,0.0001015766320051,-0.0042390348389744,0.949999988079071,0.0,deit_small,DeiT-Small,8,20,29,middle_end_to_end_modes
32,0.1503040343523025,0.0188906975090503,0.4,12.370184326171875,0.4962802529335022,0.0001212595961987,0.0022115230094641,0.949999988079071,0.0,deit_small,DeiT-Small,8,20,29,middle_end_to_end_modes
33,0.1465662717819214,0.0215481873601675,0.4,12.370184326171875,0.4827826023101806,8.074324432527646e-05,-0.006435418035835,0.949999988079071,0.0,deit_small,DeiT-Small,8,20,29,middle_end_to_end_modes
34,0.1530551463365554,0.0217908080667257,0.4,12.370184326171875,0.5115426778793335,0.0001170233372249,-0.0125621557235717,0.949999988079071,0.0,deit_small,DeiT-Small,8,20,29,middle_end_to_end_modes
35,0.148813858628273,0.0197409465909004,0.4,12.370184326171875,0.4906643033027649,8.613616228103638e-05,-0.0084002977237105,0.949999988079071,0.0,deit_small,DeiT-Small,8,20,29,middle_end_to_end_modes
36,0.1490738689899444,0.0206266250461339,0.4,12.370184326171875,0.4893378913402557,0.0001360694441245,-0.0036194801796227,0.949999988079071,0.0,deit_small,DeiT-Small,8,20,29,middle_end_to_end_modes
37,0.1494437754154205,0.0216150376945734,0.4,12.370184326171875,0.4961766898632049,0.0001074450119631,-0.0011237383587285,0.949999988079071,0.0,deit_small,DeiT-Small,8,20,29,middle_end_to_end_modes
38,0.1533612459897995,0.0233744569122791,0.4,12.370184326171875,0.4847826957702636,6.138088792795315e-05,0.0051450729370117,0.949999988079071,0.0,deit_small,DeiT-Small,8,20,29,middle_end_to_end_modes
39,0.1451273262500763,0.0196298845112323,0.4,12.370184326171875,0.4932644963264465,0.0001428821560693,-0.0006313562626019,0.949999988079071,0.0,deit_small,DeiT-Small,8,20,29,middle_end_to_end_modes
40,0.150143027305603,0.0211858004331588,0.4,12.370184326171875,0.4995620250701904,0.0001245773601112,0.01074895914644,0.949999988079071,0.0,deit_small,DeiT-Small,8,20,29,middle_end_to_end_modes
41,0.1495220959186554,0.0196492560207843,0.4,12.370184326171875,0.4746469557285309,8.43397356220521e-05,0.002583336783573,0.949999988079071,0.0,deit_small,DeiT-Small,8,20,29,middle_end_to_end_modes
42,0.148572489619255,0.0202883221209049,0.4,12.370184326171875,0.4983508288860321,0.0001079511857824,0.0011641264427453,0.949999988079071,0.0,deit_small,DeiT-Small,8,20,29,middle_end_to_end_modes
43,0.1505617946386337,0.0197197664529085,0.4,12.370184326171875,0.5110165476799011,0.0001350275852018,-0.0080676795914769,0.949999988079071,0.0,deit_small,DeiT-Small,8,20,29,middle_end_to_end_modes
44,0.1469483822584152,0.0205979645252227,0.4,12.370184326171875,0.5144755244255066,7.31859399820678e-05,-0.0054905894212424,0.949999988079071,0.0,deit_small,DeiT-Small,8,20,29,middle_end_to_end_modes
45,0.1512369513511657,0.0201481543481349,0.4,12.370184326171875,0.4808903634548187,7.904128142399713e-05,-0.001941418624483,0.949999988079071,0.0,deit_small,DeiT-Small,8,20,29,middle_end_to_end_modes
46,0.1487070918083191,0.019195582717657,0.4,12.370184326171875,0.4823186099529266,9.402902651345356e-05,0.0078464271500706,0.949999988079071,0.0,deit_small,DeiT-Small,8,20,29,middle_end_to_end_modes
47,0.1500332355499267,0.0202637147158384,0.4,12.370184326171875,0.4531567692756653,8.858307410264388e-05,-0.0061767338775098,0.949999988079071,0.0,deit_small,DeiT-Small,8,20,29,middle_end_to_end_modes
48,0.1442946940660476,0.0204013455659151,0.4,12.370184326171875,0.4835696220397949,0.0001093032769858,0.0015048027271404,0.949999988079071,0.0,deit_small,DeiT-Small,8,20,29,middle_end_to_end_modes
49,0.1489222794771194,0.0229411497712135,0.4,12.370184326171875,0.5347278118133545,0.0001436060265405,-0.011189985089004,0.949999988079071,0.0,deit_small,DeiT-Small,8,20,29,middle_end_to_end_modes
50,2.229376008244799e-07,0.0040384158492088,0.4,12.370184326171875,0.1451337188482284,7.573282346129417e-06,0.0020225048065185,0.949999988079071,0.0,deit_small,DeiT-Small,8,20,29,end_to_end_null_modes
51,1.6347553355444688e-07,0.0041315392591059,0.4,12.370184326171875,0.1501566171646118,5.817401870444883e-06,-0.0006816863897256,0.949999988079071,0.0,deit_small,DeiT-Small,8,20,29,end_to_end_null_modes
52,1.298316476550099e-07,0.0038661519065499,0.4,12.370184326171875,0.1460605859756469,3.59301338903606e-06,0.0005859613302163,0.949999988079071,0.0,deit_small,DeiT-Small,8,20,29,end_to_end_null_modes
53,1.312879902570785e-07,0.0038256922271102,0.4,12.370184326171875,0.1449898481369018,4.704669208877021e-06,0.0004193782806396,0.949999988079071,0.0,deit_small,DeiT-Small,8,20,29,end_to_end_null_modes
54,2.0127298228089785e-07,0.0043993252329528,0.4,12.370184326171875,0.1422177851200103,5.706749107048381e-06,-0.0002663373888935,0.949999988079071,0.0,deit_small,DeiT-Small,8,20,29,end_to_end_null_modes
55,1.3009822907861238e-07,0.0042068404145538,0.4,12.370184326171875,0.1484908908605575,5.6251710702781565e-06,-0.0003581524069886,0.949999988079071,0.0,deit_small,DeiT-Small,8,20,29,end_to_end_null_modes
56,1.869348551508665e-07,0.0041467444971203,0.4,12.370184326171875,0.1530005186796188,9.018252967507578e-06,0.0017110109329223,0.949999988079071,0.0,deit_small,DeiT-Small,8,20,29,end_to_end_null_modes
57,1.1875646066528135e-07,0.0042730984278023,0.4,12.370184326171875,0.1452677100896835,4.979130153515143e-06,-0.0007396221044473,0.949999988079071,0.0,deit_small,DeiT-Small,8,20,29,end_to_end_null_modes
58,1.3567608903031214e-07,0.0043182484805583,0.4,12.370184326171875,0.1451616287231445,6.270650374062825e-06,-0.0019218683009967,0.949999988079071,0.0,deit_small,DeiT-Small,8,20,29,end_to_end_null_modes
59,1.5826275046038066e-07,0.0036293978337198,0.4,12.370184326171875,0.1462070792913437,4.40570283899433e-06,0.0007252693176269,0.949999988079071,0.0,deit_small,DeiT-Small,8,20,29,end_to_end_null_modes
60,1.414559278600791e-07,0.0038796707522124,0.4,12.370184326171875,0.1475962698459625,1.493026502430439e-05,-0.0018006563186645,0.949999988079071,0.0,deit_small,DeiT-Small,8,20,29,end_to_end_null_modes
61,1.4592228581022937e-07,0.0036791425663977,0.4,12.370184326171875,0.145607516169548,6.453902642533649e-06,-0.0009164810180664,0.949999988079071,0.0,deit_small,DeiT-Small,8,20,29,end_to_end_null_modes
62,1.2882229327715322e-07,0.0036193518899381,0.4,12.370184326171875,0.1434313505887985,3.14036151394248e-06,0.0004389047680888,0.949999988079071,0.0,deit_small,DeiT-Small,8,20,29,end_to_end_null_modes
63,2.0893557461931778e-07,0.004056345205754,0.4,12.370184326171875,0.1453196555376052,5.3004041546955705e-06,6.508827209472656e-05,0.949999988079071,0.0,deit_small,DeiT-Small,8,20,29,end_to_end_null_modes
64,1.1513465381085553e-07,0.0043058348819613,0.4,12.370184326171875,0.1404026746749878,5.734420938097173e-06,-0.0015432358486577,0.949999988079071,0.0,deit_small,DeiT-Small,8,20,29,end_to_end_null_modes
65,1.3411391819317944e-07,0.0043585794046521,0.4,12.370184326171875,0.1423688232898712,7.696932698308956e-06,0.0021711350418627,0.949999988079071,0.0,deit_small,DeiT-Small,8,20,29,end_to_end_null_modes
66,1.1175068692637069e-07,0.0040573654696345,0.4,12.370184326171875,0.1464505493640899,1.2023202543787193e-05,-0.0015810251934453,0.949999988079071,0.0,deit_small,DeiT-Small,8,20,29,end_to_end_null_modes
67,1.9384420113510717e-07,0.0038823909126222,0.4,12.370184326171875,0.1444402784109115,5.779887032986153e-06,-0.0009674787870608,0.949999988079071,0.0,deit_small,DeiT-Small,8,20,29,end_to_end_null_modes
68,1.5234022043841833e-07,0.0042231888510286,0.4,12.370184326171875,0.1479267627000808,5.91606385569321e-06,-0.0018962621688842,0.949999988079071,0.0,deit_small,DeiT-Small,8,20,29,end_to_end_null_modes
69,1.4780157187033185e-07,0.003960981965065,0.4,12.370184326171875,0.1466479301452636,6.973894869588548e-06,0.0007560729864053,0.949999988079071,0.0,deit_small,DeiT-Small,8,20,29,end_to_end_null_modes
70,1.4890370891862406e-07,0.0042907414026558,0.4,12.370184326171875,0.1486160010099411,8.79837079992285e-06,0.0005015850183553,0.949999988079071,0.0,deit_small,DeiT-Small,8,20,29,end_to_end_null_modes
71,1.181454862830833e-07,0.0042490675114095,0.4,12.370184326171875,0.1543147563934326,8.060201253101695e-06,-2.1529198420466852e-05,0.949999988079071,0.0,deit_small,DeiT-Small,8,20,29,end_to_end_null_modes
72,1.3172066815059225e-07,0.0041380883194506,0.4,12.370184326171875,0.1463200896978378,6.909645435371203e-06,-0.0004714012320619,0.949999988079071,0.0,deit_small,DeiT-Small,8,20,29,end_to_end_null_modes
73,1.2622768963410638e-07,0.0038765552453696,0.4,12.370184326171875,0.148453027009964,8.791708751232363e-06,0.0040005682967603,0.949999988079071,0.0,deit_small,DeiT-Small,8,20,29,end_to_end_null_modes
74,1.5783095363985924e-07,0.0045426189899444,0.4,12.370184326171875,0.148706242442131,1.2927339412271976e-05,-0.0005845070118084,0.949999988079071,0.0,deit_small,DeiT-Small,8,20,29,end_to_end_null_modes
75,0.0165195725858211,0.0042033991776406,0.4,12.370184326171875,0.1640546321868896,1.0282848961651324e-05,0.0025073052383959,0.949999988079071,0.0,deit_small,DeiT-Small,8,20,29,isotropic_gaussian_controls
76,0.0142663987353444,0.0041183927096426,0.4,12.370184326171875,0.1589332073926925,4.807906407222617e-06,-0.0006892204401083,0.949999988079071,0.0,deit_small,DeiT-Small,8,20,29,isotropic_gaussian_controls
77,0.0161864031106233,0.0048695430159568,0.4,12.370184326171875,0.1723527312278747,1.2725708074867724e-05,-0.0020328999962657,0.949999988079071,0.0,deit_small,DeiT-Small,8,20,29,isotropic_gaussian_controls
78,0.015552032738924,0.0045111142098903,0.4,12.370184326171875,0.1634618043899536,1.4579505659639835e-05,0.0013798236614093,0.949999988079071,0.0,deit_small,DeiT-Small,8,20,29,isotropic_gaussian_controls
79,0.014869307167828,0.0037912810221314,0.4,12.370184326171875,0.1579904109239578,6.850110366940498e-06,0.0001572132168803,0.949999988079071,0.0,deit_small,DeiT-Small,8,20,29,isotropic_gaussian_controls
80,0.0151897519826889,0.0040965504013001,0.4,12.370184326171875,0.1622914373874664,5.941541076026624e-06,-0.0024545907508581,0.949999988079071,0.0,deit_small,DeiT-Small,8,20,29,isotropic_gaussian_controls
81,0.0155620574951171,0.004410698544234,0.4,12.370184326171875,0.1649771034717559,8.389901267946698e-06,2.312660217285156e-05,0.949999988079071,0.0,deit_small,DeiT-Small,8,20,29,isotropic_gaussian_controls
82,0.0182835943996906,0.0047759455628693,0.4,12.370184326171875,0.1720241755247116,7.612915851495927e-06,0.0009824037551879,0.949999988079071,0.0,deit_small,DeiT-Small,8,20,29,isotropic_gaussian_controls
83,0.0165104381740093,0.0044528217986226,0.4,12.370184326171875,0.1609402745962143,1.0009517609432804e-05,0.0032254697289317,0.949999988079071,0.0,deit_small,DeiT-Small,8,20,29,isotropic_gaussian_controls
84,0.0151744522154331,0.004380137193948,0.4,12.370184326171875,0.1581538468599319,1.1093239663750865e-05,-0.0007897854084149,0.949999988079071,0.0,deit_small,DeiT-Small,8,20,29,isotropic_gaussian_controls
85,0.0150696188211441,0.0045616882853209,0.4,12.370184326171875,0.1616930067539215,7.992587597982492e-06,0.0014377593761309,0.949999988079071,0.0,deit_small,DeiT-Small,8,20,29,isotropic_gaussian_controls
86,0.0140234967693686,0.0038313169497996,0.4,12.370184326171875,0.1640313267707824,7.228308732010191e-06,0.0013537406921386,0.949999988079071,0.0,deit_small,DeiT-Small,8,20,29,isotropic_gaussian_controls
87,0.016266856342554,0.0039925081655383,0.4,12.370184326171875,0.1627837121486663,8.081563464656938e-06,5.736351158702746e-05,0.949999988079071,0.0,deit_small,DeiT-Small,8,20,29,isotropic_gaussian_controls
88,0.018119441345334,0.0042824638076126,0.4,12.370184326171875,0.1570615768432617,1.2269209037185648e-05,-0.0010838747257366,0.949999988079071,0.0,deit_small,DeiT-Small,8,20,29,isotropic_gaussian_controls
89,0.015627097338438,0.004302296321839,0.4,12.370184326171875,0.1630995720624923,1.0777730494737623e-05,0.0013319492572918,0.949999988079071,0.0,deit_small,DeiT-Small,8,20,29,isotropic_gaussian_controls
90,0.0124934343621134,0.0043110414408147,0.4,12.370184326171875,0.1610932201147079,5.425160907179816e-06,0.0005897522205486,0.949999988079071,0.0,deit_small,DeiT-Small,8,20,29,isotropic_gaussian_controls
91,0.015701089054346,0.0042151436209678,0.4,12.370184326171875,0.1603131741285324,1.2707942914857996e-05,-0.00020239353762,0.949999988079071,0.0,deit_small,DeiT-Small,8,20,29,isotropic_gaussian_controls
92,0.0175013281404972,0.0045427028089761,0.4,12.370184326171875,0.1706714332103729,7.526448371208971e-06,-0.0025705338921397,0.949999988079071,0.0,deit_small,DeiT-Small,8,20,29,isotropic_gaussian_controls
93,0.0167542938143014,0.0045059737749397,0.4,12.370184326171875,0.1649161130189895,6.285357812885195e-06,-0.0035500766243785,0.949999988079071,0.0,deit_small,DeiT-Small,8,20,29,isotropic_gaussian_controls
94,0.0165279079228639,0.0041854255832731,0.4,12.370184326171875,0.1624330282211303,7.351438398472965e-06,-0.0005834102630615,0.949999988079071,0.0,deit_small,DeiT-Small,8,20,29,isotropic_gaussian_controls
95,0.0143007952719926,0.0048545808531343,0.4,12.370184326171875,0.1640277206897735,6.292498710536165e-06,-0.0001001358032226,0.949999988079071,0.0,deit_small,DeiT-Small,8,20,29,isotropic_gaussian_controls
96,0.0152049586176872,0.0046561155468225,0.4,12.370184326171875,0.1625738143920898,1.0918383850366808e-05,-0.0009764671558514,0.949999988079071,0.0,deit_small,DeiT-Small,8,20,29,isotropic_gaussian_controls
97,0.0154700074344873,0.0044468310661613,0.4,12.370184326171875,0.1664427816867828,1.6005780707928352e-05,0.000320768362144,0.949999988079071,0.0,deit_small,DeiT-Small,8,20,29,isotropic_gaussian_controls
98,0.0161343924701213,0.0043014516122639,0.4,12.370184326171875,0.1588806211948394,5.940698883932782e-06,-0.0011398316128179,0.949999988079071,0.0,deit_small,DeiT-Small,8,20,29,isotropic_gaussian_controls
99,0.0156486500054597,0.0042472537606954,0.4,12.370184326171875,0.1553414314985275,7.268425633810693e-06,-0.0003395318926777,0.949999988079071,0.0,deit_small,DeiT-Small,8,20,29,isotropic_gaussian_controls
0,1.986801266670227,0.006963219493627548,0.4,3.8207866668701174,1.3843863010406494,0.0028653114568442106,0.025861358270049095,0.9000000357627869,0.0,deit_tiny,DeiT-Tiny,8,20,29,top_end_to_end_modes
1,1.5774508714675903,0.007387067656964064,0.4,3.8207866668701174,1.2747236490249634,0.0008375220349989831,0.008461094461381435,0.9000000357627869,0.0,deit_tiny,DeiT-Tiny,8,20,29,top_end_to_end_modes
2,2.0080137252807617,0.006694229785352945,0.4,3.8207866668701174,1.3931353092193604,0.0017262730980291963,0.003170585725456476,0.9000000357627869,0.0,deit_tiny,DeiT-Tiny,8,20,29,top_end_to_end_modes
3,2.2657434940338135,0.008505244739353657,0.4,3.8207866668701174,1.4271377325057983,0.0013675816589966416,0.014704299159348011,0.9000000357627869,0.0,deit_tiny,DeiT-Tiny,8,20,29,top_end_to_end_modes
4,2.4466240406036377,0.008623027242720127,0.4,3.8207866668701174,1.3862656354904175,0.005053791683167219,0.025002097710967064,0.9000000357627869,0.0,deit_tiny,DeiT-Tiny,8,20,29,top_end_to_end_modes
5,2.36319637298584,0.008299249224364758,0.4,3.8207866668701174,1.1646692752838135,0.0009495372069068253,-0.003329753875732422,0.9000000357627869,0.0,deit_tiny,DeiT-Tiny,8,20,29,top_end_to_end_modes
6,3.2103159427642822,0.007218122482299805,0.4,3.8207866668701174,1.5543620586395264,0.008386213332414627,0.03471643850207329,0.9000000357627869,0.0,deit_tiny,DeiT-Tiny,8,20,29,top_end_to_end_modes
7,1.9088095426559448,0.007317861542105675,0.4,3.8207866668701174,1.2968865633010864,0.0017294032732024789,0.024323463439941406,0.9000000357627869,0.0,deit_tiny,DeiT-Tiny,8,20,29,top_end_to_end_modes
8,2.060438632965088,0.006242610979825258,0.4,3.8207866668701174,1.5459333658218384,0.0013855061260983348,-0.006263470742851496,0.9000000357627869,0.0,deit_tiny,DeiT-Tiny,8,20,29,top_end_to_end_modes
9,2.239853858947754,0.006451253779232502,0.4,3.8207866668701174,1.4897063970565796,0.002002539113163948,0.021009135991334915,0.9000000357627869,0.0,deit_tiny,DeiT-Tiny,8,20,29,top_end_to_end_modes
10,1.8895817995071411,0.007894194684922695,0.4,3.8207866668701174,1.1861145496368408,0.00096495496109128,-0.004352474119514227,0.9000000357627869,0.0,deit_tiny,DeiT-Tiny,8,20,29,top_end_to_end_modes
11,1.7726975679397583,0.006015530787408352,0.4,3.8207866668701174,1.2569926977157593,0.001088790944777429,-0.0013660431141033769,0.9000000357627869,0.0,deit_tiny,DeiT-Tiny,8,20,29,top_end_to_end_modes
12,2.168302297592163,0.007050206419080496,0.4,3.8207866668701174,1.212318778038025,0.0012171382550150156,0.004699039738625288,0.9000000357627869,0.0,deit_tiny,DeiT-Tiny,8,20,29,top_end_to_end_modes
13,2.0595078468322754,0.006863183807581663,0.4,3.8207866668701174,1.371863603591919,0.0031807334162294865,0.021805573254823685,0.9000000357627869,0.0,deit_tiny,DeiT-Tiny,8,20,29,top_end_to_end_modes
14,2.9124441146850586,0.0062697152607142925,0.4,3.8207866668701174,1.4727658033370972,0.0031972122378647327,0.015191793441772461,0.9000000357627869,0.0,deit_tiny,DeiT-Tiny,8,20,29,top_end_to_end_modes
15,1.9728310108184814,0.006435651332139969,0.4,3.8207866668701174,1.2449226379394531,0.002030744682997465,0.035555507987737656,0.9000000357627869,0.0,deit_tiny,DeiT-Tiny,8,20,29,top_end_to_end_modes
16,1.7359511852264404,0.00634336331859231,0.4,3.8207866668701174,1.0701501369476318,0.0011791604338213801,0.025200892239809036,0.9000000357627869,0.0,deit_tiny,DeiT-Tiny,8,20,29,top_end_to_end_modes
17,1.5921485424041748,0.007349243387579918,0.4,3.8207866668701174,1.0901141166687012,0.0025018341839313507,0.03476870059967041,0.9000000357627869,0.0,deit_tiny,DeiT-Tiny,8,20,29,top_end_to_end_modes
18,1.828107476234436,0.007885531522333622,0.4,3.8207866668701174,1.5431280136108398,0.0014611623482778668,6.90698652761057e-05,0.9000000357627869,0.0,deit_tiny,DeiT-Tiny,8,20,29,top_end_to_end_modes
19,2.2140212059020996,0.00800899788737297,0.4,3.8207866668701174,1.307323694229126,0.0018909054342657328,0.015789126977324486,0.9000000357627869,0.0,deit_tiny,DeiT-Tiny,8,20,29,top_end_to_end_modes
20,1.9079678058624268,0.006601143162697554,0.4,3.8207866668701174,1.1913493871688843,0.0012115127174183726,-0.01240925770252943,0.9000000357627869,0.0,deit_tiny,DeiT-Tiny,8,20,29,top_end_to_end_modes
21,1.79131281375885,0.007552575320005417,0.4,3.8207866668701174,1.293826937675476,0.0014207989443093538,-0.004605222027748823,0.9000000357627869,0.0,deit_tiny,DeiT-Tiny,8,20,29,top_end_to_end_modes
22,1.579893708229065,0.006615313235670328,0.4,3.8207866668701174,1.1768007278442383,0.0018404405564069748,0.024629592895507812,0.9000000357627869,0.0,deit_tiny,DeiT-Tiny,8,20,29,top_end_to_end_modes
23,2.0315098762512207,0.007057996466755867,0.4,3.8207866668701174,1.4018882513046265,0.001852539018727839,0.005244255065917969,0.9000000357627869,0.0,deit_tiny,DeiT-Tiny,8,20,29,top_end_to_end_modes
24,2.962848424911499,0.006876496132463217,0.4,3.8207866668701174,1.7387834787368774,0.003000131342560053,0.0030700445640832186,0.9000000357627869,0.0,deit_tiny,DeiT-Tiny,8,20,29,top_end_to_end_modes
25,0.7141615152359009,0.007930693216621876,0.4,3.8207866668701174,0.8183097839355469,0.0003601817588787526,-0.0021343945991247892,0.9000000357627869,0.0,deit_tiny,DeiT-Tiny,8,20,29,middle_end_to_end_modes
26,0.711862325668335,0.009019365534186363,0.4,3.8207866668701174,0.8498533368110657,0.00023194021196104586,0.00866556167602539,0.9000000357627869,0.0,deit_tiny,DeiT-Tiny,8,20,29,middle_end_to_end_modes
27,0.7273337244987488,0.009170039556920528,0.4,3.8207866668701174,0.9129505157470703,0.0002793726453091949,-0.003309583757072687,0.9000000357627869,0.0,deit_tiny,DeiT-Tiny,8,20,29,middle_end_to_end_modes
28,0.7112995982170105,0.007479651365429163,0.4,3.8207866668701174,0.7853822708129883,0.00020440442312974483,-0.0023483752738684416,0.9000000357627869,0.0,deit_tiny,DeiT-Tiny,8,20,29,middle_end_to_end_modes
29,0.7030962705612183,0.008583790622651577,0.4,3.8207866668701174,0.7889866828918457,0.00017456412024330348,-0.009196209721267223,0.9000000357627869,0.0,deit_tiny,DeiT-Tiny,8,20,29,middle_end_to_end_modes
30,0.7282297015190125,0.008870100602507591,0.4,3.8207866668701174,0.8514508605003357,0.0004968091961927712,-0.021573472768068314,0.9000000357627869,0.0,deit_tiny,DeiT-Tiny,8,20,29,middle_end_to_end_modes
31,0.732278048992157,0.008509324863553047,0.4,3.8207866668701174,0.9113357663154602,0.0003152639255858958,-0.0035747052170336246,0.9000000357627869,0.0,deit_tiny,DeiT-Tiny,8,20,29,middle_end_to_end_modes
32,0.7162957191467285,0.007649138569831848,0.4,3.8207866668701174,0.8253106474876404,0.00023634094395674765,-0.011688947677612305,0.9000000357627869,0.0,deit_tiny,DeiT-Tiny,8,20,29,middle_end_to_end_modes
33,0.7326124310493469,0.008764656260609627,0.4,3.8207866668701174,0.8630146980285645,0.00027103759930469096,0.0030567168723791838,0.9000000357627869,0.0,deit_tiny,DeiT-Tiny,8,20,29,middle_end_to_end_modes
34,0.728313684463501,0.008415481075644493,0.4,3.8207866668701174,0.8385786414146423,0.000227735101361759,-0.008428978733718395,0.9000000357627869,0.0,deit_tiny,DeiT-Tiny,8,20,29,middle_end_to_end_modes
35,0.6867110133171082,0.010261154733598232,0.4,3.8207866668701174,0.791987419128418,0.00023086862347554415,0.0010407924419268966,0.9000000357627869,0.0,deit_tiny,DeiT-Tiny,8,20,29,middle_end_to_end_modes
36,0.6988111734390259,0.009374452754855156,0.4,3.8207866668701174,0.8314863443374634,0.0002382026141276583,-0.0018774509662762284,0.9000000357627869,0.0,deit_tiny,DeiT-Tiny,8,20,29,middle_end_to_end_modes
37,0.7006576657295227,0.009025990962982178,0.4,3.8207866668701174,0.8029095530509949,0.0003060242161154747,0.00025200843811035156,0.9000000357627869,0.0,deit_tiny,DeiT-Tiny,8,20,29,middle_end_to_end_modes
38,0.7249273061752319,0.00982024148106575,0.4,3.8207866668701174,0.885475754737854,0.0003066282661166042,-0.01130521297454834,0.9000000357627869,0.0,deit_tiny,DeiT-Tiny,8,20,29,middle_end_to_end_modes
39,0.6846920847892761,0.010241572745144367,0.4,3.8207866668701174,0.8173183798789978,0.00020434548787306994,-0.0008793353918008506,0.9000000357627869,0.0,deit_tiny,DeiT-Tiny,8,20,29,middle_end_to_end_modes
40,0.741929829120636,0.007988390512764454,0.4,3.8207866668701174,0.8321818709373474,0.00019427030929364264,-0.0008799791685305536,0.9000000357627869,0.0,deit_tiny,DeiT-Tiny,8,20,29,middle_end_to_end_modes
41,0.7291737794876099,0.007885175757110119,0.4,3.8207866668701174,0.8068553805351257,0.00029072538018226624,0.01333918608725071,0.9000000357627869,0.0,deit_tiny,DeiT-Tiny,8,20,29,middle_end_to_end_modes
42,0.7316486239433289,0.008218653500080109,0.4,3.8207866668701174,0.86294025182724,0.000282206543488428,0.017255639657378197,0.9000000357627869,0.0,deit_tiny,DeiT-Tiny,8,20,29,middle_end_to_end_modes
43,0.7126579284667969,0.008172350004315376,0.4,3.8207866668701174,0.7864715456962585,0.00020349699479993433,-0.010435747914016247,0.9000000357627869,0.0,deit_tiny,DeiT-Tiny,8,20,29,middle_end_to_end_modes
44,0.7018689513206482,0.0073383040726184845,0.4,3.8207866668701174,0.8025383353233337,0.0002393583272350952,-0.0004704236926045269,0.9000000357627869,0.0,deit_tiny,DeiT-Tiny,8,20,29,middle_end_to_end_modes
45,0.7442523837089539,0.008860528469085693,0.4,3.8207866668701174,0.7936123609542847,0.00021004723384976387,0.008046365343034267,0.9000000357627869,0.0,deit_tiny,DeiT-Tiny,8,20,29,middle_end_to_end_modes
46,0.7219836711883545,0.008161713369190693,0.4,3.8207866668701174,0.8534162640571594,0.00023591778881382197,-0.007057714741677046,0.9000000357627869,0.0,deit_tiny,DeiT-Tiny,8,20,29,middle_end_to_end_modes
47,0.6864725351333618,0.007462052162736654,0.4,3.8207866668701174,0.8374805450439453,0.00029978688689880073,0.009617352858185768,0.9000000357627869,0.0,deit_tiny,DeiT-Tiny,8,20,29,middle_end_to_end_modes
48,0.7413145303726196,0.008653290569782257,0.4,3.8207866668701174,0.8318079113960266,0.00023362264619208872,-0.001205706619657576,0.9000000357627869,0.0,deit_tiny,DeiT-Tiny,8,20,29,middle_end_to_end_modes
49,0.7130647897720337,0.007922211661934853,0.4,3.8207866668701174,0.7926963567733765,0.00019070245616603643,-0.013845778070390224,0.9000000357627869,0.0,deit_tiny,DeiT-Tiny,8,20,29,middle_end_to_end_modes
50,4.250544407113921e-06,0.0017637182027101517,0.4,3.8207866668701174,0.2905224561691284,3.3378346415702254e-05,-0.0020411969162523746,0.9000000357627869,0.0,deit_tiny,DeiT-Tiny,8,20,29,end_to_end_null_modes
51,5.205463821766898e-06,0.0014575839741155505,0.4,3.8207866668701174,0.27722835540771484,2.5796331101446413e-05,0.0030982971657067537,0.9000000357627869,0.0,deit_tiny,DeiT-Tiny,8,20,29,end_to_end_null_modes
52,1.5483215065614786e-06,0.0017915964126586914,0.4,3.8207866668701174,0.2759999632835388,2.452263106533792e-05,-0.0013485432136803865,0.9000000357627869,0.0,deit_tiny,DeiT-Tiny,8,20,29,end_to_end_null_modes
53,1.2132654774177354e-06,0.001797785167582333,0.4,3.8207866668701174,0.2737819254398346,2.062191560980864e-05,0.00015385150618385524,0.9000000357627869,0.0,deit_tiny,DeiT-Tiny,8,20,29,end_to_end_null_modes
54,2.0735351426992565e-06,0.0014227598439902067,0.4,3.8207866668701174,0.2736237049102783,3.447486233199015e-05,0.0015344619750976562,0.9000000357627869,0.0,deit_tiny,DeiT-Tiny,8,20,29,end_to_end_null_modes
55,2.8488514089985983e-06,0.0013550736475735903,0.4,3.8207866668701174,0.26737019419670105,3.321627082186751e-05,-0.005606794264167547,0.9000000357627869,0.0,deit_tiny,DeiT-Tiny,8,20,29,end_to_end_null_modes
56,1.118978502745449e-06,0.0016883623320609331,0.4,3.8207866668701174,0.2754144072532654,2.651388058438897e-05,0.0012403965229168534,0.9000000357627869,0.0,deit_tiny,DeiT-Tiny,8,20,29,end_to_end_null_modes
57,4.797141173185082e-06,0.0015600696206092834,0.4,3.8207866668701174,0.30134323239326477,3.917972935596481e-05,-0.0012170076370239258,0.9000000357627869,0.0,deit_tiny,DeiT-Tiny,8,20,29,end_to_end_null_modes
58,2.811731746987789e-06,0.001559292315505445,0.4,3.8207866668701174,0.2807022035121918,1.7043716070475057e-05,-0.0020623684395104647,0.9000000357627869,0.0,deit_tiny,DeiT-Tiny,8,20,29,end_to_end_null_modes
59,3.3632886697887443e-06,0.0017576278187334538,0.4,3.8207866668701174,0.27570879459381104,3.183330409228802e-05,-0.0008320808410644531,0.9000000357627869,0.0,deit_tiny,DeiT-Tiny,8,20,29,end_to_end_null_modes
60,3.1586650948156603e-06,0.0019305042224004865,0.4,3.8207866668701174,0.2881942689418793,3.111269325017929e-05,0.004234218504279852,0.9000000357627869,0.0,deit_tiny,DeiT-Tiny,8,20,29,end_to_end_null_modes
61,4.169535714027006e-06,0.001709556789137423,0.4,3.8207866668701174,0.2782459557056427,2.6877783966483548e-05,0.0014918803935870528,0.9000000357627869,0.0,deit_tiny,DeiT-Tiny,8,20,29,end_to_end_null_modes
62,2.6620214157446753e-06,0.00179577455855906,0.4,3.8207866668701174,0.28013336658477783,2.5259796530008316e-05,0.0010947227710857987,0.9000000357627869,0.0,deit_tiny,DeiT-Tiny,8,20,29,end_to_end_null_modes
63,1.5244427231664304e-06,0.0016927848337218165,0.4,3.8207866668701174,0.27014851570129395,2.2360914954333566e-05,-0.0047164917923510075,0.9000000357627869,0.0,deit_tiny,DeiT-Tiny,8,20,29,end_to_end_null_modes
64,2.3984368908713805e-06,0.0019081614445894957,0.4,3.8207866668701174,0.26985570788383484,3.184825254720636e-05,0.002007651375606656,0.9000000357627869,0.0,deit_tiny,DeiT-Tiny,8,20,29,end_to_end_null_modes
65,2.239163904960151e-06,0.0015303085092455149,0.4,3.8207866668701174,0.2748153805732727,3.840015415335074e-05,-0.001485633896663785,0.9000000357627869,0.0,deit_tiny,DeiT-Tiny,8,20,29,end_to_end_null_modes
66,2.490008455424686e-06,0.0014501402620226145,0.4,3.8207866668701174,0.28494778275489807,3.075283166253939e-05,-0.003083133837208152,0.9000000357627869,0.0,deit_tiny,DeiT-Tiny,8,20,29,end_to_end_null_modes
67,1.0146281965717208e-06,0.0017544301226735115,0.4,3.8207866668701174,0.275183767080307,2.5247572921216488e-05,0.0007383346674032509,0.9000000357627869,0.0,deit_tiny,DeiT-Tiny,8,20,29,end_to_end_null_modes
68,2.7876158128492534e-06,0.0018332196632400155,0.4,3.8207866668701174,0.26344725489616394,2.8702012059511617e-05,-0.0006652832380495965,0.9000000357627869,0.0,deit_tiny,DeiT-Tiny,8,20,29,end_to_end_null_modes
69,7.615993126819376e-06,0.0015550244133919477,0.4,3.8207866668701174,0.2795036733150482,2.693450187507551e-05,-0.0006697654607705772,0.9000000357627869,0.0,deit_tiny,DeiT-Tiny,8,20,29,end_to_end_null_modes
70,5.63712546863826e-06,0.001555498456582427,0.4,3.8207866668701174,0.2696124315261841,2.225097341579385e-05,-7.071495201671496e-05,0.9000000357627869,0.0,deit_tiny,DeiT-Tiny,8,20,29,end_to_end_null_modes
71,2.1760504296253202e-06,0.0017893470358103514,0.4,3.8207866668701174,0.29100683331489563,3.380018824827857e-05,-0.0011139154667034745,0.9000000357627869,0.0,deit_tiny,DeiT-Tiny,8,20,29,end_to_end_null_modes
72,1.0321580248273676e-06,0.0016984702087938786,0.4,3.8207866668701174,0.28774625062942505,3.319901952636428e-05,0.002981090685352683,0.9000000357627869,0.0,deit_tiny,DeiT-Tiny,8,20,29,end_to_end_null_modes
73,1.1565106206035125e-06,0.0017515902873128653,0.4,3.8207866668701174,0.2767091393470764,2.9489678126992658e-05,0.004759407136589289,0.9000000357627869,0.0,deit_tiny,DeiT-Tiny,8,20,29,end_to_end_null_modes
74,3.5197542729292763e-06,0.0014496410731226206,0.4,3.8207866668701174,0.28079140186309814,3.093252962571569e-05,-0.0014720916515216231,0.9000000357627869,0.0,deit_tiny,DeiT-Tiny,8,20,29,end_to_end_null_modes
75,0.0698062926530838,0.0016444855136796832,0.4,3.8207866668701174,0.3174765706062317,4.8670081014279276e-05,0.001969242235645652,0.9000000357627869,0.0,deit_tiny,DeiT-Tiny,8,20,29,isotropic_gaussian_controls
76,0.06728135794401169,0.0018721099477261305,0.4,3.8207866668701174,0.3008747100830078,3.1317958928411826e-05,-0.0008157253614626825,0.9000000357627869,0.0,deit_tiny,DeiT-Tiny,8,20,29,isotropic_gaussian_controls
77,0.08907714486122131,0.0018075695261359215,0.4,3.8207866668701174,0.32200732827186584,3.154867954435758e-05,-0.004550767131149769,0.9000000357627869,0.0,deit_tiny,DeiT-Tiny,8,20,29,isotropic_gaussian_controls
78,0.09356986731290817,0.0018501105951145291,0.4,3.8207866668701174,0.3124415874481201,2.717421193665359e-05,0.0019009351963177323,0.9000000357627869,0.0,deit_tiny,DeiT-Tiny,8,20,29,isotropic_gaussian_controls
79,0.07578212022781372,0.001952913124114275,0.4,3.8207866668701174,0.3116588890552521,2.554752973082941e-05,0.0010699511040002108,0.9000000357627869,0.0,deit_tiny,DeiT-Tiny,8,20,29,isotropic_gaussian_controls
80,0.076912522315979,0.0017429038416594267,0.4,3.8207866668701174,0.31323379278182983,5.888805026188493e-05,-0.00366117968223989,0.9000000357627869,0.0,deit_tiny,DeiT-Tiny,8,20,29,isotropic_gaussian_controls
81,0.07665814459323883,0.001876394497230649,0.4,3.8207866668701174,0.3076132833957672,3.6615365388570353e-05,-0.0003315925714559853,0.9000000357627869,0.0,deit_tiny,DeiT-Tiny,8,20,29,isotropic_gaussian_controls
82,0.11414968967437744,0.0017557016108185053,0.4,3.8207866668701174,0.31681177020072937,2.9910635930718854e-05,0.002436018083244562,0.9000000357627869,0.0,deit_tiny,DeiT-Tiny,8,20,29,isotropic_gaussian_controls
83,0.08701010793447495,0.0019261444685980678,0.4,3.8207866668701174,0.3070192039012909,3.3243512007175013e-05,0.0005988359334878623,0.9000000357627869,0.0,deit_tiny,DeiT-Tiny,8,20,29,isotropic_gaussian_controls
84,0.09122948348522186,0.0018389433389529586,0.4,3.8207866668701174,0.3127049505710602,3.893691973644309e-05,0.0012610197300091386,0.9000000357627869,0.0,deit_tiny,DeiT-Tiny,8,20,29,isotropic_gaussian_controls
85,0.0988599956035614,0.001790364971384406,0.4,3.8207866668701174,0.30442771315574646,3.8535097701242194e-05,-0.0023812532890588045,0.9000000357627869,0.0,deit_tiny,DeiT-Tiny,8,20,29,isotropic_gaussian_controls
86,0.10434125363826752,0.0018679219065234065,0.4,3.8207866668701174,0.3037389814853668,3.0364515623659827e-05,0.0018243789672851562,0.9000000357627869,0.0,deit_tiny,DeiT-Tiny,8,20,29,isotropic_gaussian_controls
87,0.062381744384765625,0.0018909916980192065,0.4,3.8207866668701174,0.29838404059410095,3.963333074352704e-05,0.0018490791553631425,0.9000000357627869,0.0,deit_tiny,DeiT-Tiny,8,20,29,isotropic_gaussian_controls
88,0.10393346101045609,0.001619183225557208,0.4,3.8207866668701174,0.31225427985191345,3.412991645745933e-05,-0.0009389400365762413,0.9000000357627869,0.0,deit_tiny,DeiT-Tiny,8,20,29,isotropic_gaussian_controls
89,0.07766872644424438,0.001722553395666182,0.4,3.8207866668701174,0.2984473407268524,3.738026134669781e-05,-0.003025960875675082,0.9000000357627869,0.0,deit_tiny,DeiT-Tiny,8,20,29,isotropic_gaussian_controls
90,0.15588484704494476,0.0017691917018964887,0.4,3.8207866668701174,0.3355608880519867,3.980596738983877e-05,0.0016802073223516345,0.9000000357627869,0.0,deit_tiny,DeiT-Tiny,8,20,29,isotropic_gaussian_controls
91,0.09862137585878372,0.0018043393502011895,0.4,3.8207866668701174,0.30070772767066956,2.6292167603969574e-05,-0.0002149343490600586,0.9000000357627869,0.0,deit_tiny,DeiT-Tiny,8,20,29,isotropic_gaussian_controls
92,0.07771087437868118,0.0016941390931606293,0.4,3.8207866668701174,0.30329403281211853,4.1767023503780365e-05,0.0007087946287356317,0.9000000357627869,0.0,deit_tiny,DeiT-Tiny,8,20,29,isotropic_gaussian_controls
93,0.06811440736055374,0.0019263054709881544,0.4,3.8207866668701174,0.30201444029808044,2.9943790650577284e-05,-0.0005427122232504189,0.9000000357627869,0.0,deit_tiny,DeiT-Tiny,8,20,29,isotropic_gaussian_controls
94,0.12247410416603088,0.0018813512288033962,0.4,3.8207866668701174,0.3094848096370697,5.026392318541184e-05,-0.0024476766120642424,0.9000000357627869,0.0,deit_tiny,DeiT-Tiny,8,20,29,isotropic_gaussian_controls
95,0.09614524245262146,0.0017506288131698966,0.4,3.8207866668701174,0.3144901692867279,4.179888856015168e-05,-0.0003861904260702431,0.9000000357627869,0.0,deit_tiny,DeiT-Tiny,8,20,29,isotropic_gaussian_controls
96,0.07031457126140594,0.0017755940789356828,0.4,3.8207866668701174,0.30395588278770447,5.3110717999516055e-05,0.0029511929024010897,0.9000000357627869,0.0,deit_tiny,DeiT-Tiny,8,20,29,isotropic_gaussian_controls
97,0.07129041105508804,0.0017107876483350992,0.4,3.8207866668701174,0.29543444514274597,3.5443808883428574e-05,0.0020012378226965666,0.9000000357627869,0.0,deit_tiny,DeiT-Tiny,8,20,29,isotropic_gaussian_controls
98,0.12061365693807602,0.0017127270111814141,0.4,3.8207866668701174,0.3061366677284241,3.316145375720225e-05,-0.003307294799014926,0.9000000357627869,0.0,deit_tiny,DeiT-Tiny,8,20,29,isotropic_gaussian_controls
99,0.08305823057889938,0.001509178662672639,0.4,3.8207866668701174,0.30236393213272095,3.8397407479351386e-05,0.0015839815605431795,0.9000000357627869,0.0,deit_tiny,DeiT-Tiny,8,20,29,isotropic_gaussian_controls
0,0.48960500955581665,0.05746913328766823,0.4,45.69772644042969,1.4436546564102173,0.03564062342047691,0.1013631820678711,0.9000000357627869,0.0,vit_base,ViT-B/16 AugReg,8,20,29,top_end_to_end_modes
1,0.36720654368400574,0.05137115716934204,0.4,45.69772644042969,1.2498149871826172,0.019902005791664124,0.11524327099323273,0.9000000357627869,0.0,vit_base,ViT-B/16 AugReg,8,20,29,top_end_to_end_modes
2,0.45845288038253784,0.05578102916479111,0.4,45.69772644042969,1.376159906387329,0.006749800872057676,0.09595196694135666,0.949999988079071,0.05000000074505806,vit_base,ViT-B/16 AugReg,8,20,29,top_end_to_end_modes
3,0.5390210747718811,0.05312441661953926,0.4,45.69772644042969,1.327031135559082,0.04457932338118553,0.04885223135352135,0.9000000357627869,0.10000000149011612,vit_base,ViT-B/16 AugReg,8,20,29,top_end_to_end_modes
4,0.49053099751472473,0.06643038988113403,0.4,45.69772644042969,1.1540862321853638,0.003739940468221903,-0.012042832560837269,0.9000000357627869,0.0,vit_base,ViT-B/16 AugReg,8,20,29,top_end_to_end_modes
5,0.4891253709793091,0.04535709321498871,0.4,45.69772644042969,1.5584551095962524,0.06740988045930862,0.13920465111732483,0.8500000238418579,0.05000000074505806,vit_base,ViT-B/16 AugReg,8,20,29,top_end_to_end_modes
6,0.6040505766868591,0.05401261895895004,0.4,45.69772644042969,1.2445096969604492,0.005180435720831156,-0.050093866884708405,0.9000000357627869,0.0,vit_base,ViT-B/16 AugReg,8,20,29,top_end_to_end_modes
7,0.4206887185573578,0.050310321152210236,0.4,45.69772644042969,1.452335238456726,0.09898117184638977,0.27628663182258606,0.8500000238418579,0.05000000074505806,vit_base,ViT-B/16 AugReg,8,20,29,top_end_to_end_modes
8,0.45803406834602356,0.05498868227005005,0.4,45.69772644042969,1.3652806282043457,0.018467683345079422,0.07647118717432022,0.9000000357627869,0.0,vit_base,ViT-B/16 AugReg,8,20,29,top_end_to_end_modes
9,0.48782697319984436,0.05475145950913429,0.4,45.69772644042969,1.7202659845352173,0.15868203341960907,0.38557085394859314,0.8500000238418579,0.05000000074505806,vit_base,ViT-B/16 AugReg,8,20,29,top_end_to_end_modes
10,0.395123153924942,0.052866704761981964,0.4,45.69772644042969,1.1351349353790283,0.0019119152566418052,0.030649542808532715,0.9000000357627869,0.0,vit_base,ViT-B/16 AugReg,8,20,29,top_end_to_end_modes
11,0.4129454791545868,0.057847410440444946,0.4,45.69772644042969,1.2626603841781616,0.009340930730104446,0.06545887142419815,0.9000000357627869,0.0,vit_base,ViT-B/16 AugReg,8,20,29,top_end_to_end_modes
12,0.43732690811157227,0.04908757656812668,0.4,45.69772644042969,1.3390616178512573,0.05857275053858757,0.19770391285419464,0.9000000357627869,0.0,vit_base,ViT-B/16 AugReg,8,20,29,top_end_to_end_modes
13,0.5154539942741394,0.061118800193071365,0.4,45.69772644042969,1.4764063358306885,0.012643860653042793,0.181949183344841,0.949999988079071,0.05000000074505806,vit_base,ViT-B/16 AugReg,8,20,29,top_end_to_end_modes
14,0.6181558966636658,0.05337520316243172,0.4,45.69772644042969,1.514154076576233,0.0033760052174329758,0.03255822882056236,0.949999988079071,0.05000000074505806,vit_base,ViT-B/16 AugReg,8,20,29,top_end_to_end_modes
15,0.4936504065990448,0.04432076960802078,0.4,45.69772644042969,1.4393553733825684,0.08261384814977646,0.22010178864002228,0.8500000238418579,0.05000000074505806,vit_base,ViT-B/16 AugReg,8,20,29,top_end_to_end_modes
16,0.4015035331249237,0.057858675718307495,0.4,45.69772644042969,1.32937490940094,0.05162271484732628,0.19641628861427307,0.9000000357627869,0.0,vit_base,ViT-B/16 AugReg,8,20,29,top_end_to_end_modes
17,0.3394983112812042,0.051596034318208694,0.4,45.69772644042969,1.5318223237991333,0.09451966732740402,0.3072439134120941,0.9000000357627869,0.0,vit_base,ViT-B/16 AugReg,8,20,29,top_end_to_end_modes
18,0.40861910581588745,0.05251692235469818,0.4,45.69772644042969,1.1895904541015625,0.003045672317966819,0.035948801785707474,0.9000000357627869,0.0,vit_base,ViT-B/16 AugReg,8,20,29,top_end_to_end_modes
19,0.4301092326641083,0.04939545318484306,0.4,45.69772644042969,1.502144694328308,0.16657474637031555,0.27080702781677246,0.9000000357627869,0.10000000149011612,vit_base,ViT-B/16 AugReg,8,20,29,top_end_to_end_modes
20,0.4109140634536743,0.054551802575588226,0.4,45.69772644042969,1.210476279258728,0.0015695206820964813,-0.006807827856391668,0.949999988079071,0.05000000074505806,vit_base,ViT-B/16 AugReg,8,20,29,top_end_to_end_modes
21,0.3927437663078308,0.05702219158411026,0.4,45.69772644042969,1.3384675979614258,0.033152054995298386,0.11610545963048935,0.9000000357627869,0.0,vit_base,ViT-B/16 AugReg,8,20,29,top_end_to_end_modes
22,0.37022918462753296,0.05496824160218239,0.4,45.69772644042969,1.3605175018310547,0.007260750513523817,0.13613644242286682,0.9000000357627869,0.0,vit_base,ViT-B/16 AugReg,8,20,29,top_end_to_end_modes
23,0.4124886095523834,0.058200571686029434,0.4,45.69772644042969,1.1727075576782227,0.0021816235966980457,0.0163820032030344,0.9000000357627869,0.0,vit_base,ViT-B/16 AugReg,8,20,29,top_end_to_end_modes
24,0.6004652380943298,0.05257216840982437,0.4,45.69772644042969,1.1794110536575317,0.0056671942584216595,-0.11920106410980225,0.9000000357627869,0.0,vit_base,ViT-B/16 AugReg,8,20,29,top_end_to_end_modes
25,0.0689963549375534,0.046766795217990875,0.4,45.69772644042969,0.5845360159873962,0.00029593409271910787,0.01895594596862793,0.949999988079071,0.05000000074505806,vit_base,ViT-B/16 AugReg,8,20,29,middle_end_to_end_modes
26,0.07084411382675171,0.05292583256959915,0.4,45.69772644042969,0.5778778195381165,0.0005708701210096478,0.02190685272216797,0.9000000357627869,0.0,vit_base,ViT-B/16 AugReg,8,20,29,middle_end_to_end_modes
27,0.06781376153230667,0.056872911751270294,0.4,45.69772644042969,0.5630365014076233,0.00014790966815780848,0.010387110523879528,0.9000000357627869,0.0,vit_base,ViT-B/16 AugReg,8,20,29,middle_end_to_end_modes
28,0.06861551851034164,0.05955870822072029,0.4,45.69772644042969,0.5749995112419128,0.0002698063035495579,0.00494618434458971,0.9000000357627869,0.0,vit_base,ViT-B/16 AugReg,8,20,29,middle_end_to_end_modes
29,0.0694592073559761,0.05945233255624771,0.4,45.69772644042969,0.6033822894096375,0.0003389623889233917,0.02039659023284912,0.9000000357627869,0.0,vit_base,ViT-B/16 AugReg,8,20,29,middle_end_to_end_modes
30,0.0705062747001648,0.061739481985569,0.4,45.69772644042969,0.6110145449638367,0.00046680329251103103,0.027354884892702103,0.9000000357627869,0.0,vit_base,ViT-B/16 AugReg,8,20,29,middle_end_to_end_modes
31,0.07063069939613342,0.056009095162153244,0.4,45.69772644042969,0.5236794352531433,0.0006706570275127888,0.019763469696044922,0.9000000357627869,0.0,vit_base,ViT-B/16 AugReg,8,20,29,middle_end_to_end_modes
32,0.06854473799467087,0.057939592748880386,0.4,45.69772644042969,0.6071180701255798,0.000287115661194548,-0.009622502140700817,0.9000000357627869,0.0,vit_base,ViT-B/16 AugReg,8,20,29,middle_end_to_end_modes
33,0.06939641386270523,0.06142339110374451,0.4,45.69772644042969,0.584560215473175,0.00031902213231660426,0.015501475892961025,0.9000000357627869,0.0,vit_base,ViT-B/16 AugReg,8,20,29,middle_end_to_end_modes
34,0.07025909423828125,0.05545072257518768,0.4,45.69772644042969,0.5766860842704773,0.0004075946344528347,-0.005552101414650679,0.9000000357627869,0.0,vit_base,ViT-B/16 AugReg,8,20,29,middle_end_to_end_modes
35,0.06969565898180008,0.05570458248257637,0.4,45.69772644042969,0.5745840668678284,0.0004272002261132002,0.00732078542932868,0.9000000357627869,0.0,vit_base,ViT-B/16 AugReg,8,20,29,middle_end_to_end_modes
36,0.06942819058895111,0.06039028987288475,0.4,45.69772644042969,0.6049092411994934,0.00022941853967495263,0.026461077854037285,0.9000000357627869,0.0,vit_base,ViT-B/16 AugReg,8,20,29,middle_end_to_end_modes
37,0.07124399393796921,0.06504623591899872,0.4,45.69772644042969,0.6517456769943237,0.000488799880258739,0.025696802884340286,0.9000000357627869,0.0,vit_base,ViT-B/16 AugReg,8,20,29,middle_end_to_end_modes
38,0.06938545405864716,0.058030080050230026,0.4,45.69772644042969,0.5602335333824158,0.0003249017463531345,-0.000723338162060827,0.949999988079071,0.05000000074505806,vit_base,ViT-B/16 AugReg,8,20,29,middle_end_to_end_modes
39,0.06848294287919998,0.054021209478378296,0.4,45.69772644042969,0.623645007610321,0.0006139525212347507,0.02749652974307537,0.9000000357627869,0.0,vit_base,ViT-B/16 AugReg,8,20,29,middle_end_to_end_modes
40,0.07060938328504562,0.05444997176527977,0.4,45.69772644042969,0.5675384402275085,0.0005350509891286492,0.020035386085510254,0.9000000357627869,0.0,vit_base,ViT-B/16 AugReg,8,20,29,middle_end_to_end_modes
41,0.06705335527658463,0.061276938766241074,0.4,45.69772644042969,0.5911465287208557,0.0004939236678183079,0.025272011756896973,0.9000000357627869,0.0,vit_base,ViT-B/16 AugReg,8,20,29,middle_end_to_end_modes
42,0.07089035958051682,0.05338967218995094,0.4,45.69772644042969,0.5962032675743103,0.0004473164735827595,0.007990241050720215,0.9000000357627869,0.0,vit_base,ViT-B/16 AugReg,8,20,29,middle_end_to_end_modes
43,0.07065364718437195,0.0581250824034214,0.4,45.69772644042969,0.584890604019165,0.0004388433007989079,0.029021693393588066,0.9000000357627869,0.0,vit_base,ViT-B/16 AugReg,8,20,29,middle_end_to_end_modes
44,0.06973381340503693,0.05703683942556381,0.4,45.69772644042969,0.5809850692749023,0.00030385219724848866,0.006485009100288153,0.949999988079071,0.05000000074505806,vit_base,ViT-B/16 AugReg,8,20,29,middle_end_to_end_modes
45,0.06927497684955597,0.0617491789162159,0.4,45.69772644042969,0.5804570913314819,0.0004117054049856961,0.020814968273043633,0.9000000357627869,0.0,vit_base,ViT-B/16 AugReg,8,20,29,middle_end_to_end_modes
46,0.06898844987154007,0.059970274567604065,0.4,45.69772644042969,0.5685684084892273,0.0007850475958548486,0.022027159109711647,0.9000000357627869,0.0,vit_base,ViT-B/16 AugReg,8,20,29,middle_end_to_end_modes
47,0.06972301751375198,0.06009439006447792,0.4,45.69772644042969,0.5681638121604919,0.0005680622416548431,0.025285840034484863,0.9000000357627869,0.0,vit_base,ViT-B/16 AugReg,8,20,29,middle_end_to_end_modes
48,0.06748034060001373,0.061074063181877136,0.4,45.69772644042969,0.5618512034416199,0.0004953441093675792,0.02319965325295925,0.9000000357627869,0.0,vit_base,ViT-B/16 AugReg,8,20,29,middle_end_to_end_modes
49,0.07112036645412445,0.058073919266462326,0.4,45.69772644042969,0.5246611833572388,0.0002067724708467722,0.008777952753007412,0.9000000357627869,0.0,vit_base,ViT-B/16 AugReg,8,20,29,middle_end_to_end_modes
50,5.831664566358086e-06,0.01271860022097826,0.4,45.69772644042969,0.20946109294891357,0.00016163363761734217,0.0009591341367922723,0.9000000357627869,0.0,vit_base,ViT-B/16 AugReg,8,20,29,end_to_end_null_modes
51,1.3924073755333666e-05,0.012204337865114212,0.4,45.69772644042969,0.17303840816020966,3.678787106764503e-05,0.0027101754676550627,0.9000000357627869,0.0,vit_base,ViT-B/16 AugReg,8,20,29,end_to_end_null_modes
52,1.1880852980539203e-05,0.013928189873695374,0.4,45.69772644042969,0.17926464974880219,6.968523666728288e-05,0.004076719284057617,0.9000000357627869,0.0,vit_base,ViT-B/16 AugReg,8,20,29,end_to_end_null_modes
53,3.2074797218228923e-06,0.013058819808065891,0.4,45.69772644042969,0.18255522847175598,3.81543068215251e-05,0.002735710237175226,0.9000000357627869,0.0,vit_base,ViT-B/16 AugReg,8,20,29,end_to_end_null_modes
54,1.7518013919470832e-05,0.012500454671680927,0.4,45.69772644042969,0.17010363936424255,3.2886026019696146e-05,-0.00023064613924361765,0.9000000357627869,0.0,vit_base,ViT-B/16 AugReg,8,20,29,end_to_end_null_modes
55,1.342754785582656e-05,0.012256312184035778,0.4,45.69772644042969,0.18421240150928497,4.5923377911094576e-05,-0.002810621401295066,0.9000000357627869,0.0,vit_base,ViT-B/16 AugReg,8,20,29,end_to_end_null_modes
56,9.02237843547482e-06,0.013357841409742832,0.4,45.69772644042969,0.18185462057590485,2.715099799388554e-05,-0.0037376643158495426,0.9000000357627869,0.0,vit_base,ViT-B/16 AugReg,8,20,29,end_to_end_null_modes
57,1.5438115951837972e-05,0.013317599892616272,0.4,45.69772644042969,0.18234756588935852,2.9533915949286893e-05,-0.0002745389938354492,0.9000000357627869,0.0,vit_base,ViT-B/16 AugReg,8,20,29,end_to_end_null_modes
58,8.419782716373447e-06,0.012392948381602764,0.4,45.69772644042969,0.18389712274074554,3.031003325304482e-05,-0.006689620204269886,0.9000000357627869,0.0,vit_base,ViT-B/16 AugReg,8,20,29,end_to_end_null_modes
59,1.0794993613671977e-05,0.012541680596768856,0.4,45.69772644042969,0.20152106881141663,6.142789789009839e-05,-0.005448389332741499,0.9000000357627869,0.0,vit_base,ViT-B/16 AugReg,8,20,29,end_to_end_null_modes
60,8.917754712456372e-06,0.012185929343104362,0.4,45.69772644042969,0.1971638947725296,5.8253157476428896e-05,-0.0029196024406701326,0.9000000357627869,0.0,vit_base,ViT-B/16 AugReg,8,20,29,end_to_end_null_modes
61,1.3564110304287169e-05,0.01219808217138052,0.4,45.69772644042969,0.18818460404872894,4.418012758833356e-05,0.002328133676201105,0.9000000357627869,0.0,vit_base,ViT-B/16 AugReg,8,20,29,end_to_end_null_modes
62,8.057042578002438e-06,0.012091217562556267,0.4,45.69772644042969,0.16974663734436035,2.2134068785817362e-05,-0.0007770300144329667,0.9000000357627869,0.0,vit_base,ViT-B/16 AugReg,8,20,29,end_to_end_null_modes
63,1.4574210581486113e-05,0.011713247746229172,0.4,45.69772644042969,0.20006294548511505,0.00010503102384973317,0.0006832361104898155,0.9000000357627869,0.0,vit_base,ViT-B/16 AugReg,8,20,29,end_to_end_null_modes
64,9.882494850899093e-06,0.012544747442007065,0.4,45.69772644042969,0.18472245335578918,4.728408748633228e-05,0.00150299072265625,0.9000000357627869,0.0,vit_base,ViT-B/16 AugReg,8,20,29,end_to_end_null_modes
65,5.9458452597027645e-06,0.012217624112963676,0.4,45.69772644042969,0.19470487534999847,4.7993893531383947e-05,0.0005966901662759483,0.9000000357627869,0.0,vit_base,ViT-B/16 AugReg,8,20,29,end_to_end_null_modes
66,1.023021377477562e-05,0.012123491615056992,0.4,45.69772644042969,0.19547629356384277,4.0933060518000275e-05,0.003045249031856656,0.9000000357627869,0.0,vit_base,ViT-B/16 AugReg,8,20,29,end_to_end_null_modes
67,9.182090252579655e-06,0.011836327612400055,0.4,45.69772644042969,0.1928015798330307,2.6620011340128258e-05,-0.0009807348251342773,0.9000000357627869,0.0,vit_base,ViT-B/16 AugReg,8,20,29,end_to_end_null_modes
68,1.1748881661333144e-05,0.011638490483164787,0.4,45.69772644042969,0.19199047982692719,5.679621972376481e-05,0.0006976127624511719,0.9000000357627869,0.0,vit_base,ViT-B/16 AugReg,8,20,29,end_to_end_null_modes
69,1.1348022781021427e-05,0.012734840624034405,0.4,45.69772644042969,0.18054001033306122,6.064053377485834e-05,-0.0035324336495250463,0.9000000357627869,0.0,vit_base,ViT-B/16 AugReg,8,20,29,end_to_end_null_modes
70,5.239288839220535e-06,0.012040906585752964,0.4,45.69772644042969,0.18050698935985565,5.185278132557869e-05,-0.001792645431123674,0.9000000357627869,0.0,vit_base,ViT-B/16 AugReg,8,20,29,end_to_end_null_modes
71,1.1263335181865841e-05,0.012635532766580582,0.4,45.69772644042969,0.18929852545261383,7.375497807515785e-05,-0.002215528627857566,0.9000000357627869,0.0,vit_base,ViT-B/16 AugReg,8,20,29,end_to_end_null_modes
72,9.351158041681629e-06,0.011752927675843239,0.4,45.69772644042969,0.17761343717575073,1.8262817320646718e-05,-0.00643534678965807,0.9000000357627869,0.0,vit_base,ViT-B/16 AugReg,8,20,29,end_to_end_null_modes
73,1.0330049008189235e-05,0.01253123115748167,0.4,45.69772644042969,0.1796187162399292,4.09835010941606e-05,5.14984139954322e-06,0.9000000357627869,0.0,vit_base,ViT-B/16 AugReg,8,20,29,end_to_end_null_modes
74,1.1460816494945902e-05,0.012188667431473732,0.4,45.69772644042969,0.1867150366306305,4.8003254050854594e-05,0.004170322325080633,0.9000000357627869,0.0,vit_base,ViT-B/16 AugReg,8,20,29,end_to_end_null_modes
75,0.011277598328888416,0.013426032848656178,0.4,45.69772644042969,0.20811688899993896,9.708562720334157e-05,0.005738997366279364,0.9000000357627869,0.0,vit_base,ViT-B/16 AugReg,8,20,29,isotropic_gaussian_controls
76,0.010257402434945107,0.0126553475856781,0.4,45.69772644042969,0.19962993264198303,3.391979407751933e-05,-0.002533602761104703,0.9000000357627869,0.0,vit_base,ViT-B/16 AugReg,8,20,29,isotropic_gaussian_controls
77,0.009503049775958061,0.013284621760249138,0.4,45.69772644042969,0.19460861384868622,6.982032209634781e-05,0.0039909603074193,0.9000000357627869,0.0,vit_base,ViT-B/16 AugReg,8,20,29,isotropic_gaussian_controls
78,0.011985705234110355,0.012839706614613533,0.4,45.69772644042969,0.22092771530151367,6.371194467647001e-05,0.00870440062135458,0.9000000357627869,0.0,vit_base,ViT-B/16 AugReg,8,20,29,isotropic_gaussian_controls
79,0.012288423255085945,0.013787667267024517,0.4,45.69772644042969,0.21379385888576508,4.4657568651018664e-05,0.002291703363880515,0.9000000357627869,0.0,vit_base,ViT-B/16 AugReg,8,20,29,isotropic_gaussian_controls
80,0.011779279448091984,0.012611919082701206,0.4,45.69772644042969,0.21586938202381134,4.6352437493624166e-05,0.0009451627847738564,0.9000000357627869,0.0,vit_base,ViT-B/16 AugReg,8,20,29,isotropic_gaussian_controls
81,0.010244645178318024,0.012304342351853848,0.4,45.69772644042969,0.21569661796092987,6.340257823467255e-05,0.0019284486770629883,0.9000000357627869,0.0,vit_base,ViT-B/16 AugReg,8,20,29,isotropic_gaussian_controls
82,0.011821530759334564,0.013168999925255775,0.4,45.69772644042969,0.22178518772125244,5.9676451201085e-05,0.007999921217560768,0.9000000357627869,0.0,vit_base,ViT-B/16 AugReg,8,20,29,isotropic_gaussian_controls
83,0.008805004879832268,0.012501941062510014,0.4,45.69772644042969,0.19897913932800293,7.476599421352148e-05,0.0017502069240435958,0.9000000357627869,0.0,vit_base,ViT-B/16 AugReg,8,20,29,isotropic_gaussian_controls
84,0.00974007323384285,0.012695744633674622,0.4,45.69772644042969,0.21174633502960205,3.77840842702426e-05,-0.007456326391547918,0.9000000357627869,0.0,vit_base,ViT-B/16 AugReg,8,20,29,isotropic_gaussian_controls
85,0.013238880783319473,0.012089828960597515,0.4,45.69772644042969,0.21865320205688477,7.828720845282078e-05,-0.0007286787149496377,0.9000000357627869,0.0,vit_base,ViT-B/16 AugReg,8,20,29,isotropic_gaussian_controls
86,0.010248101316392422,0.012765382416546345,0.4,45.69772644042969,0.1968734711408615,8.390406583203003e-05,0.0008416414493694901,0.9000000357627869,0.0,vit_base,ViT-B/16 AugReg,8,20,29,isotropic_gaussian_controls
87,0.011198297142982483,0.01349190715700388,0.4,45.69772644042969,0.20677395164966583,5.157958003110252e-05,-0.0035681964363902807,0.9000000357627869,0.0,vit_base,ViT-B/16 AugReg,8,20,29,isotropic_gaussian_controls
88,0.00980827584862709,0.013136877678334713,0.4,45.69772644042969,0.21542644500732422,9.73252608673647e-05,-0.0007588386652059853,0.9000000357627869,0.0,vit_base,ViT-B/16 AugReg,8,20,29,isotropic_gaussian_controls
89,0.010627645999193192,0.01301584392786026,0.4,45.69772644042969,0.18767443299293518,6.966228102101013e-05,-0.005211186595261097,0.9000000357627869,0.0,vit_base,ViT-B/16 AugReg,8,20,29,isotropic_gaussian_controls
90,0.009808928705751896,0.01341719925403595,0.4,45.69772644042969,0.20751948654651642,4.541312955552712e-05,0.0005224943161010742,0.9000000357627869,0.0,vit_base,ViT-B/16 AugReg,8,20,29,isotropic_gaussian_controls
91,0.00983355101197958,0.013419571332633495,0.4,45.69772644042969,0.1957128643989563,2.7049054551753215e-05,-0.003813028335571289,0.9000000357627869,0.0,vit_base,ViT-B/16 AugReg,8,20,29,isotropic_gaussian_controls
92,0.00933874398469925,0.012953716330230236,0.4,45.69772644042969,0.20081210136413574,7.98699475126341e-05,-0.007218909449875355,0.9000000357627869,0.0,vit_base,ViT-B/16 AugReg,8,20,29,isotropic_gaussian_controls
93,0.010409004986286163,0.013503639958798885,0.4,45.69772644042969,0.21274428069591522,5.131345460540615e-05,0.004710340406745672,0.9000000357627869,0.0,vit_base,ViT-B/16 AugReg,8,20,29,isotropic_gaussian_controls
94,0.009890129789710045,0.012098937295377254,0.4,45.69772644042969,0.2026873379945755,5.6382887123618275e-05,0.0023335933219641447,0.9000000357627869,0.0,vit_base,ViT-B/16 AugReg,8,20,29,isotropic_gaussian_controls
95,0.01160243060439825,0.012593159452080727,0.4,45.69772644042969,0.21342778205871582,4.723998790723272e-05,0.0024609805550426245,0.9000000357627869,0.0,vit_base,ViT-B/16 AugReg,8,20,29,isotropic_gaussian_controls
96,0.00922938622534275,0.01295645534992218,0.4,45.69772644042969,0.2029612809419632,4.2211195250274613e-05,2.2649765014648438e-06,0.9000000357627869,0.0,vit_base,ViT-B/16 AugReg,8,20,29,isotropic_gaussian_controls
97,0.008504831232130527,0.011920719407498837,0.4,45.69772644042969,0.22730760276317596,0.00014658449799753726,0.008090376853942871,0.9000000357627869,0.0,vit_base,ViT-B/16 AugReg,8,20,29,isotropic_gaussian_controls
98,0.012848596088588238,0.013061264529824257,0.4,45.69772644042969,0.2326369732618332,0.00011777039617300034,0.00524373073130846,0.9000000357627869,0.0,vit_base,ViT-B/16 AugReg,8,20,29,isotropic_gaussian_controls
99,0.010050332173705101,0.013843731954693794,0.4,45.69772644042969,0.20841681957244873,4.40946314483881e-05,0.0003386259195394814,0.9000000357627869,0.0,vit_base,ViT-B/16 AugReg,8,20,29,isotropic_gaussian_controls
0,24.277311325073242,0.001710446085780859,0.4,0.7531423091888428,3.028775930404663,0.0023865203838795424,0.14164018630981445,1.0,0.0,dinov2,DINOv2 ViT-S/14,8,20,29,top_end_to_end_modes
1,20.372201919555664,0.0014024701667949557,0.4,0.7531423091888428,2.3972811698913574,0.000291590578854084,0.03126125410199165,1.0,0.0,dinov2,DINOv2 ViT-S/14,8,20,29,top_end_to_end_modes
2,23.18843650817871,0.0015324850101023912,0.4,0.7531423091888428,2.421032667160034,0.0009272079914808273,0.033280372619628906,1.0,0.0,dinov2,DINOv2 ViT-S/14,8,20,29,top_end_to_end_modes
3,25.376848220825195,0.0016974553000181913,0.4,0.7531423091888428,2.5901920795440674,0.002624467248097062,0.010906696319580078,1.0,0.0,dinov2,DINOv2 ViT-S/14,8,20,29,top_end_to_end_modes
4,22.695100784301758,0.0015052950475364923,0.4,0.7531423091888428,2.62294602394104,0.0021415669471025467,0.08693509548902512,1.0,0.0,dinov2,DINOv2 ViT-S/14,8,20,29,top_end_to_end_modes
5,22.734115600585938,0.0018352213082835078,0.4,0.7531423091888428,2.7282562255859375,0.0006695761112496257,0.050798606127500534,1.0,0.0,dinov2,DINOv2 ViT-S/14,8,20,29,top_end_to_end_modes
6,25.538225173950195,0.0016566819977015257,0.4,0.7531423091888428,2.5446667671203613,0.001963989110663533,0.10446872562170029,1.0,0.0,dinov2,DINOv2 ViT-S/14,8,20,29,top_end_to_end_modes
7,21.803735733032227,0.0017600287683308125,0.4,0.7531423091888428,2.64288330078125,0.00022273270587902516,0.04618887975811958,1.0,0.0,dinov2,DINOv2 ViT-S/14,8,20,29,top_end_to_end_modes
8,23.30667495727539,0.0015224666567519307,0.4,0.7531423091888428,2.602027654647827,0.002238087123259902,0.057837773114442825,1.0,0.0,dinov2,DINOv2 ViT-S/14,8,20,29,top_end_to_end_modes
9,23.63693618774414,0.0016924758674576879,0.4,0.7531423091888428,2.7247910499572754,0.00044211401836946607,0.05701027065515518,1.0,0.0,dinov2,DINOv2 ViT-S/14,8,20,29,top_end_to_end_modes
10,20.680068969726562,0.0013867935631424189,0.4,0.7531423091888428,2.4897427558898926,0.0005988740595057607,0.002956485841423273,1.0,0.0,dinov2,DINOv2 ViT-S/14,8,20,29,top_end_to_end_modes
11,21.198694229125977,0.0020066637080162764,0.4,0.7531423091888428,2.8051040172576904,0.0005893294000998139,0.06757941097021103,1.0,0.0,dinov2,DINOv2 ViT-S/14,8,20,29,top_end_to_end_modes
12,21.980443954467773,0.0013663041172549129,0.4,0.7531423091888428,2.3831725120544434,0.00022228507441468537,0.05873847007751465,1.0,0.0,dinov2,DINOv2 ViT-S/14,8,20,29,top_end_to_end_modes
13,24.85833168029785,0.0013109281426295638,0.4,0.7531423091888428,2.5558266639709473,0.0022385618649423122,0.12484746426343918,1.0,0.0,dinov2,DINOv2 ViT-S/14,8,20,29,top_end_to_end_modes
14,26.792150497436523,0.0014937269734218717,0.4,0.7531423091888428,2.9761853218078613,0.0014116448583081365,0.08563771098852158,1.0,0.0,dinov2,DINOv2 ViT-S/14,8,20,29,top_end_to_end_modes
15,23.331356048583984,0.001550143351778388,0.4,0.7531423091888428,2.750030517578125,0.0021794510539621115,0.0648731216788292,1.0,0.0,dinov2,DINOv2 ViT-S/14,8,20,29,top_end_to_end_modes
16,21.429489135742188,0.0012126523070037365,0.4,0.7531423091888428,2.283064603805542,0.0003686267009470612,0.01776561699807644,1.0,0.0,dinov2,DINOv2 ViT-S/14,8,20,29,top_end_to_end_modes
17,20.088354110717773,0.0015229254495352507,0.4,0.7531423091888428,2.194319486618042,0.0005660162423737347,0.10299887508153915,1.0,0.0,dinov2,DINOv2 ViT-S/14,8,20,29,top_end_to_end_modes
18,22.176332473754883,0.0017253751866519451,0.4,0.7531423091888428,2.405399799346924,0.00031415102421306074,0.05726432800292969,1.0,0.0,dinov2,DINOv2 ViT-S/14,8,20,29,top_end_to_end_modes
19,21.576744079589844,0.001647863071411848,0.4,0.7531423091888428,2.7987444400787354,0.0006284504197537899,0.06394615024328232,1.0,0.0,dinov2,DINOv2 ViT-S/14,8,20,29,top_end_to_end_modes
20,22.0316219329834,0.0021137725561857224,0.4,0.7531423091888428,2.325124502182007,0.0014694955898448825,0.04875383526086807,1.0,0.0,dinov2,DINOv2 ViT-S/14,8,20,29,top_end_to_end_modes
21,20.915218353271484,0.001452121650800109,0.4,0.7531423091888428,2.399792432785034,0.0005469383904710412,0.023114776238799095,1.0,0.0,dinov2,DINOv2 ViT-S/14,8,20,29,top_end_to_end_modes
22,20.05044937133789,0.0015798064414411783,0.4,0.7531423091888428,2.4620988368988037,0.0007918635383248329,0.03621497377753258,1.0,0.0,dinov2,DINOv2 ViT-S/14,8,20,29,top_end_to_end_modes
23,21.5848331451416,0.0013455635635182261,0.4,0.7531423091888428,2.415992498397827,0.0015412080101668835,0.1371995061635971,1.0,0.0,dinov2,DINOv2 ViT-S/14,8,20,29,top_end_to_end_modes
24,25.817089080810547,0.0014964832225814462,0.4,0.7531423091888428,2.6160309314727783,0.00045978790149092674,0.014298724941909313,1.0,0.0,dinov2,DINOv2 ViT-S/14,8,20,29,top_end_to_end_modes
25,3.5301480293273926,0.0015548989176750183,0.4,0.7531423091888428,1.491653323173523,8.518712274963036e-05,0.004946804139763117,1.0,0.0,dinov2,DINOv2 ViT-S/14,8,20,29,middle_end_to_end_modes
26,3.6211321353912354,0.0013723439769819379,0.4,0.7531423091888428,1.4810017347335815,2.9812841603416018e-05,0.008161735720932484,1.0,0.0,dinov2,DINOv2 ViT-S/14,8,20,29,middle_end_to_end_modes
27,3.4356985092163086,0.0014336401363834739,0.4,0.7531423091888428,1.4018144607543945,7.667019963264465e-05,-0.004863548558205366,1.0,0.0,dinov2,DINOv2 ViT-S/14,8,20,29,middle_end_to_end_modes
28,3.4710586071014404,0.0014050116296857595,0.4,0.7531423091888428,1.4672797918319702,0.00010697753168642521,0.013455629348754883,1.0,0.0,dinov2,DINOv2 ViT-S/14,8,20,29,middle_end_to_end_modes
29,3.5336709022521973,0.0012242731172591448,0.4,0.7531423091888428,1.4495242834091187,2.5758488845895045e-05,0.002305412432178855,1.0,0.0,dinov2,DINOv2 ViT-S/14,8,20,29,middle_end_to_end_modes
30,3.600708246231079,0.0018079491565003991,0.4,0.7531423091888428,1.451957106590271,0.00017472424951847643,0.006400203797966242,1.0,0.0,dinov2,DINOv2 ViT-S/14,8,20,29,middle_end_to_end_modes
31,3.5884456634521484,0.0012633904116228223,0.4,0.7531423091888428,1.4390573501586914,0.0001308646606048569,-0.005305290222167969,1.0,0.0,dinov2,DINOv2 ViT-S/14,8,20,29,middle_end_to_end_modes
32,3.4906795024871826,0.0014839695068076253,0.4,0.7531423091888428,1.4205498695373535,3.85174535040278e-05,0.01951928250491619,1.0,0.0,dinov2,DINOv2 ViT-S/14,8,20,29,middle_end_to_end_modes
33,3.527846336364746,0.0014583645388484001,0.4,0.7531423091888428,1.445687174797058,6.523330375785008e-05,-0.02170572243630886,1.0,0.0,dinov2,DINOv2 ViT-S/14,8,20,29,middle_end_to_end_modes
34,3.618367910385132,0.0016403800109401345,0.4,0.7531423091888428,1.4998396635055542,3.403210939723067e-05,0.0035430907737463713,1.0,0.0,dinov2,DINOv2 ViT-S/14,8,20,29,middle_end_to_end_modes
35,3.541802167892456,0.00148036889731884,0.4,0.7531423091888428,1.3455032110214233,2.3719316232018173e-05,0.001881933188997209,1.0,0.0,dinov2,DINOv2 ViT-S/14,8,20,29,middle_end_to_end_modes
36,3.532888650894165,0.0014620845904573798,0.4,0.7531423091888428,1.4840621948242188,4.347558206063695e-05,-0.006814193911850452,1.0,0.0,dinov2,DINOv2 ViT-S/14,8,20,29,middle_end_to_end_modes
37,3.6420931816101074,0.0017329646507278085,0.4,0.7531423091888428,1.5707721710205078,7.282711158040911e-05,0.00732421875,1.0,0.0,dinov2,DINOv2 ViT-S/14,8,20,29,middle_end_to_end_modes
38,3.563192844390869,0.0015638030599802732,0.4,0.7531423091888428,1.4050514698028564,6.285761628532782e-05,0.001734876655973494,1.0,0.0,dinov2,DINOv2 ViT-S/14,8,20,29,middle_end_to_end_modes
39,3.4416980743408203,0.0015639420598745346,0.4,0.7531423091888428,1.3624399900436401,6.720991950714961e-05,0.012130451388657093,1.0,0.0,dinov2,DINOv2 ViT-S/14,8,20,29,middle_end_to_end_modes
40,3.617715358734131,0.0015429769409820437,0.4,0.7531423091888428,1.4295389652252197,6.439476419473067e-05,0.012958908453583717,1.0,0.0,dinov2,DINOv2 ViT-S/14,8,20,29,middle_end_to_end_modes
41,3.4116950035095215,0.001397044281475246,0.4,0.7531423091888428,1.3817592859268188,0.00011932733468711376,0.007549762725830078,1.0,0.0,dinov2,DINOv2 ViT-S/14,8,20,29,middle_end_to_end_modes
42,3.620265483856201,0.0013901881175115705,0.4,0.7531423091888428,1.4590119123458862,0.00027254351880401373,0.023473454639315605,1.0,0.0,dinov2,DINOv2 ViT-S/14,8,20,29,middle_end_to_end_modes
43,3.606168270111084,0.0012971372343599796,0.4,0.7531423091888428,1.378359079360962,0.00011818186612799764,-0.0056550027802586555,1.0,0.0,dinov2,DINOv2 ViT-S/14,8,20,29,middle_end_to_end_modes
44,3.5198874473571777,0.0017460292438045144,0.4,0.7531423091888428,1.5444644689559937,9.380872506881133e-05,0.01266250666230917,1.0,0.0,dinov2,DINOv2 ViT-S/14,8,20,29,middle_end_to_end_modes
45,3.5541443824768066,0.0013378298608586192,0.4,0.7531423091888428,1.3836536407470703,4.5718694309471175e-05,0.0072190286591649055,1.0,0.0,dinov2,DINOv2 ViT-S/14,8,20,29,middle_end_to_end_modes
46,3.50946307182312,0.0013925087405368686,0.4,0.7531423091888428,1.4118558168411255,5.803331805509515e-05,-0.0043239593505859375,1.0,0.0,dinov2,DINOv2 ViT-S/14,8,20,29,middle_end_to_end_modes
47,3.5560202598571777,0.0016463946085423231,0.4,0.7531423091888428,1.5696803331375122,0.00019484582298900932,0.02173762395977974,1.0,0.0,dinov2,DINOv2 ViT-S/14,8,20,29,middle_end_to_end_modes
48,3.385385513305664,0.0011801733635365963,0.4,0.7531423091888428,1.4223045110702515,4.225105658406392e-05,0.009156227111816406,1.0,0.0,dinov2,DINOv2 ViT-S/14,8,20,29,middle_end_to_end_modes
49,3.6545848846435547,0.0016110490541905165,0.4,0.7531423091888428,1.4984791278839111,9.546986984787509e-05,-0.006103515625,1.0,0.0,dinov2,DINOv2 ViT-S/14,8,20,29,middle_end_to_end_modes
50,0.0001141014217864722,0.00031147414119914174,0.4,0.7531423091888428,0.5316385626792908,5.824229447171092e-06,0.003940582275390625,1.0,0.0,dinov2,DINOv2 ViT-S/14,8,20,29,end_to_end_null_modes
51,0.00010386939538875595,0.00034642088576219976,0.4,0.7531423091888428,0.572669506072998,7.784262379573192e-06,-0.005940818693488836,1.0,0.0,dinov2,DINOv2 ViT-S/14,8,20,29,end_to_end_null_modes
52,7.439713226631284e-05,0.00029593732324428856,0.4,0.7531423091888428,0.5508248209953308,1.0323547940060962e-05,0.0013745308388024569,1.0,0.0,dinov2,DINOv2 ViT-S/14,8,20,29,end_to_end_null_modes
53,0.00014241086319088936,0.0003136279992759228,0.4,0.7531423091888428,0.5703787207603455,2.3032422177493572e-05,-0.0012660026550292969,1.0,0.0,dinov2,DINOv2 ViT-S/14,8,20,29,end_to_end_null_modes
54,9.561286424286664e-05,0.0003449382493272424,0.4,0.7531423091888428,0.5645505785942078,1.0276108696416486e-05,-0.005937385838478804,1.0,0.0,dinov2,DINOv2 ViT-S/14,8,20,29,end_to_end_null_modes
55,7.577145152026787e-05,0.0003798260004259646,0.4,0.7531423091888428,0.5597840547561646,4.846905540034641e-06,-0.007096481509506702,1.0,0.0,dinov2,DINOv2 ViT-S/14,8,20,29,end_to_end_null_modes
56,9.307843720307574e-05,0.0003408273623790592,0.4,0.7531423091888428,0.5394008755683899,2.8304566512815654e-06,0.0013918876647949219,1.0,0.0,dinov2,DINOv2 ViT-S/14,8,20,29,end_to_end_null_modes
57,8.722170605324209e-05,0.0003378929977770895,0.4,0.7531423091888428,0.5555258989334106,6.074126758903731e-06,-0.004782676696777344,1.0,0.0,dinov2,DINOv2 ViT-S/14,8,20,29,end_to_end_null_modes
58,9.07380017451942e-05,0.0003833162481896579,0.4,0.7531423091888428,0.54901123046875,8.046720722632017e-06,0.0037933350540697575,1.0,0.0,dinov2,DINOv2 ViT-S/14,8,20,29,end_to_end_null_modes
59,0.00011831256415462121,0.00032274407567456365,0.4,0.7531423091888428,0.577274739742279,1.4396340702660382e-05,0.007111263461410999,1.0,0.0,dinov2,DINOv2 ViT-S/14,8,20,29,end_to_end_null_modes
60,9.340738324681297e-05,0.0003402318398002535,0.4,0.7531423091888428,0.5615033507347107,1.338640595349716e-05,0.0104210851714015,1.0,0.0,dinov2,DINOv2 ViT-S/14,8,20,29,end_to_end_null_modes
61,9.94461152004078e-05,0.0003208851849194616,0.4,0.7531423091888428,0.5520738959312439,5.878112460777629e-06,0.00706405658274889,1.0,0.0,dinov2,DINOv2 ViT-S/14,8,20,29,end_to_end_null_modes
62,8.781664655543864e-05,0.0003484633634798229,0.4,0.7531423091888428,0.5626311898231506,1.2372457604215015e-05,-0.00048341750516556203,1.0,0.0,dinov2,DINOv2 ViT-S/14,8,20,29,end_to_end_null_modes
63,0.00012392300413921475,0.00034319068072363734,0.4,0.7531423091888428,0.5319995284080505,7.907673534646165e-06,-0.0012747765285894275,1.0,0.0,dinov2,DINOv2 ViT-S/14,8,20,29,end_to_end_null_modes
64,8.659681043354794e-05,0.0003300395328551531,0.4,0.7531423091888428,0.5471414923667908,1.3303087143867742e-05,0.004589557647705078,1.0,0.0,dinov2,DINOv2 ViT-S/14,8,20,29,end_to_end_null_modes
65,0.00012544893252197653,0.0003007348859682679,0.4,0.7531423091888428,0.5475279092788696,5.633468390442431e-06,-0.0012502670288085938,1.0,0.0,dinov2,DINOv2 ViT-S/14,8,20,29,end_to_end_null_modes
66,9.995402069762349e-05,0.00039504439337179065,0.4,0.7531423091888428,0.5815708041191101,7.828604793758132e-06,0.0003048896905966103,1.0,0.0,dinov2,DINOv2 ViT-S/14,8,20,29,end_to_end_null_modes
67,9.608292020857334e-05,0.0003042096213903278,0.4,0.7531423091888428,0.5465918779373169,5.454121946968371e-06,0.0008054733625613153,1.0,0.0,dinov2,DINOv2 ViT-S/14,8,20,29,end_to_end_null_modes
68,0.00010529268911341205,0.00032228807685896754,0.4,0.7531423091888428,0.5419734716415405,3.844077582471073e-06,0.0025120736099779606,1.0,0.0,dinov2,DINOv2 ViT-S/14,8,20,29,end_to_end_null_modes
69,8.995072130346671e-05,0.0003451819939073175,0.4,0.7531423091888428,0.5692455172538757,4.988216005585855e-06,-0.0050137522630393505,1.0,0.0,dinov2,DINOv2 ViT-S/14,8,20,29,end_to_end_null_modes
70,8.243540651164949e-05,0.00032767647644504905,0.4,0.7531423091888428,0.5609435439109802,4.5747524382022675e-06,-0.0005086899036541581,1.0,0.0,dinov2,DINOv2 ViT-S/14,8,20,29,end_to_end_null_modes
71,0.0001749051734805107,0.00035544976708479226,0.4,0.7531423091888428,0.5896515250205994,9.46893123909831e-06,-0.001653957413509488,1.0,0.0,dinov2,DINOv2 ViT-S/14,8,20,29,end_to_end_null_modes
72,0.00019591316231526434,0.00036485010059550405,0.4,0.7531423091888428,0.5406001210212708,7.937272130220663e-06,0.004534339997917414,1.0,0.0,dinov2,DINOv2 ViT-S/14,8,20,29,end_to_end_null_modes
73,8.161590085364878e-05,0.00035951624158769846,0.4,0.7531423091888428,0.5541828274726868,5.910941581532825e-06,0.007081222720444202,1.0,0.0,dinov2,DINOv2 ViT-S/14,8,20,29,end_to_end_null_modes
74,7.88637189543806e-05,0.000355530675733462,0.4,0.7531423091888428,0.5444366335868835,5.967117886029882e-06,0.0025235177017748356,1.0,0.0,dinov2,DINOv2 ViT-S/14,8,20,29,end_to_end_null_modes
75,0.7312093377113342,0.0003594966256059706,0.4,0.7531423091888428,0.6126199960708618,7.6774103945354e-06,0.004770183470100164,1.0,0.0,dinov2,DINOv2 ViT-S/14,8,20,29,isotropic_gaussian_controls
76,0.6002973914146423,0.00035394905717112124,0.4,0.7531423091888428,0.6180168986320496,1.1575568350963295e-05,-0.013879966922104359,1.0,0.0,dinov2,DINOv2 ViT-S/14,8,20,29,isotropic_gaussian_controls
77,0.7157288193702698,0.0003807278990279883,0.4,0.7531423091888428,0.5962379574775696,1.829147913667839e-05,-0.01036682166159153,1.0,0.0,dinov2,DINOv2 ViT-S/14,8,20,29,isotropic_gaussian_controls
78,0.8066268563270569,0.00035331424442119896,0.4,0.7531423091888428,0.5821797251701355,5.8054224609804805e-06,-0.002708530519157648,1.0,0.0,dinov2,DINOv2 ViT-S/14,8,20,29,isotropic_gaussian_controls
79,0.6460788249969482,0.0003261344681959599,0.4,0.7531423091888428,0.6038936972618103,1.1207705028937198e-05,0.00014400482177734375,1.0,0.0,dinov2,DINOv2 ViT-S/14,8,20,29,isotropic_gaussian_controls
80,0.7960128784179688,0.00034498804598115385,0.4,0.7531423091888428,0.6111940741539001,1.0013371138484217e-05,-0.0049798013642430305,1.0,0.0,dinov2,DINOv2 ViT-S/14,8,20,29,isotropic_gaussian_controls
81,0.6195959448814392,0.0003767517046071589,0.4,0.7531423091888428,0.6134772300720215,8.41255587147316e-06,0.0012706756824627519,1.0,0.0,dinov2,DINOv2 ViT-S/14,8,20,29,isotropic_gaussian_controls
82,0.6104263067245483,0.0003467825590632856,0.4,0.7531423091888428,0.5980610251426697,1.3881270206184126e-05,0.008721733465790749,1.0,0.0,dinov2,DINOv2 ViT-S/14,8,20,29,isotropic_gaussian_controls
83,0.6338427066802979,0.0003466224006842822,0.4,0.7531423091888428,0.6144850254058838,1.3289065464050509e-05,0.0020248412620276213,1.0,0.0,dinov2,DINOv2 ViT-S/14,8,20,29,isotropic_gaussian_controls
84,0.6225930452346802,0.0003313274646643549,0.4,0.7531423091888428,0.6046672463417053,9.258155841962434e-06,0.005852413363754749,1.0,0.0,dinov2,DINOv2 ViT-S/14,8,20,29,isotropic_gaussian_controls
85,0.6352223753929138,0.0003363548603374511,0.4,0.7531423091888428,0.585336446762085,9.574898285791278e-06,0.006286716554313898,1.0,0.0,dinov2,DINOv2 ViT-S/14,8,20,29,isotropic_gaussian_controls
86,0.609680712223053,0.0003085597127210349,0.4,0.7531423091888428,0.5908831357955933,4.089821686648065e-06,-0.00395469693467021,1.0,0.0,dinov2,DINOv2 ViT-S/14,8,20,29,isotropic_gaussian_controls
87,0.7228690981864929,0.00033499085111543536,0.4,0.7531423091888428,0.5731880068778992,1.2940910892211832e-05,0.0017557144165039062,1.0,0.0,dinov2,DINOv2 ViT-S/14,8,20,29,isotropic_gaussian_controls
88,0.6640049815177917,0.00035457147168926895,0.4,0.7531423091888428,0.5858441591262817,6.586106792383362e-06,0.0038458823692053556,1.0,0.0,dinov2,DINOv2 ViT-S/14,8,20,29,isotropic_gaussian_controls
89,0.7329884171485901,0.0003318589006084949,0.4,0.7531423091888428,0.574978768825531,8.50426295073703e-06,0.005339432042092085,1.0,0.0,dinov2,DINOv2 ViT-S/14,8,20,29,isotropic_gaussian_controls
90,0.6328803896903992,0.0003708053845912218,0.4,0.7531423091888428,0.5748395323753357,1.0142568498849869e-05,-0.0043964385986328125,1.0,0.0,dinov2,DINOv2 ViT-S/14,8,20,29,isotropic_gaussian_controls
91,0.8610472083091736,0.00036481115967035294,0.4,0.7531423091888428,0.6027507781982422,8.277810593426693e-06,-0.0019762993324548006,1.0,0.0,dinov2,DINOv2 ViT-S/14,8,20,29,isotropic_gaussian_controls
92,0.652138352394104,0.000346548855304718,0.4,0.7531423091888428,0.6032311916351318,7.114888376236195e-06,-3.52859501617786e-06,1.0,0.0,dinov2,DINOv2 ViT-S/14,8,20,29,isotropic_gaussian_controls
93,0.7422073483467102,0.0003489601949695498,0.4,0.7531423091888428,0.6000673174858093,1.8134260244551115e-05,-0.003535747528076172,1.0,0.0,dinov2,DINOv2 ViT-S/14,8,20,29,isotropic_gaussian_controls
94,0.7469505667686462,0.0003392185317352414,0.4,0.7531423091888428,0.576093316078186,8.587324373365846e-06,-0.0018768310546875,1.0,0.0,dinov2,DINOv2 ViT-S/14,8,20,29,isotropic_gaussian_controls
95,0.6284196972846985,0.0003040364244952798,0.4,0.7531423091888428,0.6233252882957458,7.053755780361826e-06,-0.0032020569778978825,1.0,0.0,dinov2,DINOv2 ViT-S/14,8,20,29,isotropic_gaussian_controls
96,0.6469820141792297,0.0003164199006278068,0.4,0.7531423091888428,0.5773428082466125,5.893458819627995e-06,-0.004637432284653187,1.0,0.0,dinov2,DINOv2 ViT-S/14,8,20,29,isotropic_gaussian_controls
97,0.7420164942741394,0.00036441232077777386,0.4,0.7531423091888428,0.6080272197723389,1.0118610589415766e-05,0.005104446318000555,1.0,0.0,dinov2,DINOv2 ViT-S/14,8,20,29,isotropic_gaussian_controls
98,0.6833281517028809,0.00032025802647694945,0.4,0.7531423091888428,0.595838725566864,1.0049116099253297e-05,-0.008831501007080078,1.0,0.0,dinov2,DINOv2 ViT-S/14,8,20,29,isotropic_gaussian_controls
99,0.6318973302841187,0.00033214339055120945,0.4,0.7531423091888428,0.6063977479934692,7.302965968847275e-06,-0.001994228456169367,1.0,0.0,dinov2,DINOv2 ViT-S/14,8,20,29,isotropic_gaussian_controls
