model,architecture,k,n_patches,n_seeds,n_eval_images_per_seed,top1_accuracy_mean,top1_accuracy_sd_across_seeds,mean_true_class_margin,mean_margin_sd_across_seeds,median_true_class_margin_mean
dinov2,DINOv2 ViT-S/14,1,256,5,1000,0.0012000000000000001,0.0008366600265340755,-9.2327985498228,0.05550386961202281,-9.166225649999998
dinov2,DINOv2 ViT-S/14,2,256,5,1000,0.001,0.0007071067811865475,-8.705677547894599,0.08103880660790402,-8.70764525
dinov2,DINOv2 ViT-S/14,4,256,5,1000,0.0018000000000000002,0.0017888543819998318,-8.287592032444,0.05194067652364112,-8.26932985
dinov2,DINOv2 ViT-S/14,8,256,5,1000,0.0012000000000000001,0.0013038404810405298,-8.149589468262002,0.021299839568325752,-8.12896955
dinov2,DINOv2 ViT-S/14,16,256,5,1000,0.0008,0.0010954451150103322,-8.06426340833588,0.051518807341681586,-8.05653182
dinov2,DINOv2 ViT-S/14,32,256,5,1000,0.0006000000000000001,0.0008944271909999159,-8.061001445764001,0.0553855876751362,-8.084556850000002
dinov2,DINOv2 ViT-S/14,64,256,5,1000,0.0018000000000000002,0.0013038404810405296,-8.020540617265999,0.034125257206212,-8.047803009999999
dinov2,DINOv2 ViT-S/14,256,256,5,1000,0.001,0.0007071067811865475,-7.982412631498801,0.04606699328701634,-8.04755217
vitb,ViT-B/16 AugReg,1,196,5,1000,0.0324,0.008018728078691783,-2.26208281024044,0.021344244146416017,-2.2210712
vitb,ViT-B/16 AugReg,2,196,5,1000,0.0546,0.004159326868617082,-1.9186175949447577,0.03135248897251413,-1.91374188
vitb,ViT-B/16 AugReg,4,196,5,1000,0.06820000000000001,0.002489979919597749,-1.5888264901855398,0.026003181830904106,-1.6465401800000001
vitb,ViT-B/16 AugReg,8,196,5,1000,0.0952,0.008700574693662482,-1.30740512486714,0.01836913542902391,-1.4169209299999999
vitb,ViT-B/16 AugReg,16,196,5,1000,0.11579999999999999,0.004604345773288533,-1.08750521486802,0.012311680661905716,-1.20044169
vitb,ViT-B/16 AugReg,32,196,5,1000,0.131,0.0058309518948453055,-0.958304149332862,0.012733807022620681,-1.08765301
vitb,ViT-B/16 AugReg,64,196,5,1000,0.1378,0.006340346993658936,-0.883559437260544,0.00651832753139599,-1.0162747060000001
vitb,ViT-B/16 AugReg,196,196,5,1000,0.14579999999999999,0.004658325879540841,-0.8294630022204892,0.006949455731852728,-0.9593372159999998
