model,architecture,metric,k_lower,k_higher,n_paired_images,seeds_averaged_per_image,mean_difference_higher_minus_lower,paired_t_ci95_low,paired_t_ci95_high,paired_t_statistic,paired_t_p,wilcoxon_p,wilcoxon_bh_q_within_model_metric
dinov2,DINOv2 ViT-S/14,top1_accuracy,1,2,1000,5,-0.02,-0.13779285750832276,0.09779285750832274,-0.3331851357786778,0.7390644499853419,0.7388826803635273,0.8275486020071505
dinov2,DINOv2 ViT-S/14,top1_accuracy,1,4,1000,5,0.060000000000000005,-0.0920327438194059,0.2120327438194059,0.7744416413865852,0.438852911846936,0.5627235759949738,0.8275486020071505
dinov2,DINOv2 ViT-S/14,top1_accuracy,1,8,1000,5,0.0,-0.13602303302718272,0.13602303302718272,0.0,1.0,1.0,1.0
dinov2,DINOv2 ViT-S/14,top1_accuracy,1,16,1000,5,-0.04,-0.16414663577032762,0.08414663577032762,-0.6322656909571994,0.5273579504134066,0.5270892568655381,0.8275486020071505
dinov2,DINOv2 ViT-S/14,top1_accuracy,1,32,1000,5,-0.060000000000000005,-0.17774048766800687,0.05774048766800687,-1.0000000000000002,0.31755266017641265,0.31731050786291415,0.8275486020071505
dinov2,DINOv2 ViT-S/14,top1_accuracy,1,64,1000,5,0.060000000000000005,-0.0920327438194059,0.2120327438194059,0.7744416413865852,0.438852911846936,0.43857802608099994,0.8275486020071505
dinov2,DINOv2 ViT-S/14,top1_accuracy,1,256,1000,5,-0.02,-0.1615718161144632,0.12157181611446316,-0.27722205096908026,0.7816669612186917,0.528335537480213,0.8275486020071505
dinov2,DINOv2 ViT-S/14,top1_accuracy,2,4,1000,5,0.08,-0.06683768843708972,0.2268376884370897,1.0691214126401523,0.28527322061639426,0.36507084034472437,0.8275486020071505
dinov2,DINOv2 ViT-S/14,top1_accuracy,2,8,1000,5,0.020000000000000007,-0.09779285750832277,0.1377928575083228,0.3331851357786779,0.7390644499853416,0.7388826803635273,0.8275486020071505
dinov2,DINOv2 ViT-S/14,top1_accuracy,2,16,1000,5,-0.02,-0.1377928575083228,0.09779285750832277,-0.3331851357786778,0.7390644499853419,0.7388826803635273,0.8275486020071505
dinov2,DINOv2 ViT-S/14,top1_accuracy,2,32,1000,5,-0.04,-0.1510345723371992,0.07103457233719919,-0.7069298939339521,0.4797749025860142,0.47950012218695337,0.8275486020071505
dinov2,DINOv2 ViT-S/14,top1_accuracy,2,64,1000,5,0.08,-0.05593232075765557,0.21593232075765556,1.1548932293340142,0.24841032032416777,0.24821307898992373,0.8275486020071505
dinov2,DINOv2 ViT-S/14,top1_accuracy,2,256,1000,5,0.0,-0.12417147254876364,0.12417147254876364,0.0,1.0,0.7065840291480925,0.8275486020071505
dinov2,DINOv2 ViT-S/14,top1_accuracy,4,8,1000,5,-0.060000000000000005,-0.22185693099846787,0.10185693099846785,-0.7274355626397084,0.4671296157944841,0.5918647962868417,0.8275486020071505
dinov2,DINOv2 ViT-S/14,top1_accuracy,4,16,1000,5,-0.1,-0.24144106400518753,0.041441064005187524,-1.3873916142637879,0.1656317908785141,0.20556227878831157,0.8275486020071505
dinov2,DINOv2 ViT-S/14,top1_accuracy,4,32,1000,5,-0.12000000000000001,-0.26673264679803865,0.026732646798038644,-1.6048301483999503,0.10884724481532794,0.13143583987127785,0.8275486020071505
dinov2,DINOv2 ViT-S/14,top1_accuracy,4,64,1000,5,0.0,-0.15706586946846657,0.15706586946846657,0.0,1.0,1.0,1.0
dinov2,DINOv2 ViT-S/14,top1_accuracy,4,256,1000,5,-0.08,-0.24651945406924436,0.08651945406924433,-0.9427566152444588,0.346033334244477,0.24869023022905523,0.8275486020071505
dinov2,DINOv2 ViT-S/14,top1_accuracy,8,16,1000,5,-0.04000000000000001,-0.16414663577032762,0.0841466357703276,-0.6322656909571994,0.5273579504134066,0.5270892568655381,0.8275486020071505
dinov2,DINOv2 ViT-S/14,top1_accuracy,8,32,1000,5,-0.060000000000000005,-0.17774048766800687,0.05774048766800687,-1.0000000000000002,0.31755266017641265,0.31731050786291415,0.8275486020071505
dinov2,DINOv2 ViT-S/14,top1_accuracy,8,64,1000,5,0.060000000000000005,-0.08152824549986983,0.20152824549986986,0.8319221880562011,0.4056516781770124,0.40538055645894233,0.8275486020071505
dinov2,DINOv2 ViT-S/14,top1_accuracy,8,256,1000,5,-0.02,-0.1502262193222306,0.11022621932223059,-0.3013742503386124,0.7631918457867513,0.4806035363637976,0.8275486020071505
dinov2,DINOv2 ViT-S/14,top1_accuracy,16,32,1000,5,-0.02,-0.10779370958106675,0.06779370958106674,-0.4470346384717841,0.6549469494305251,0.6547208460185769,0.8275486020071505
dinov2,DINOv2 ViT-S/14,top1_accuracy,16,64,1000,5,0.1,-0.041441064005187524,0.24144106400518753,1.3873916142637879,0.1656317908785141,0.16551785869747015,0.8275486020071505
dinov2,DINOv2 ViT-S/14,top1_accuracy,16,256,1000,5,0.02,-0.11022621932223059,0.1502262193222306,0.3013742503386124,0.7631918457867513,0.9988676590124985,1.0
dinov2,DINOv2 ViT-S/14,top1_accuracy,32,64,1000,5,0.12,-0.003947762377489567,0.24394776237748952,1.8998404716564699,0.05774180996988161,0.057779571123597245,0.8275486020071505
dinov2,DINOv2 ViT-S/14,top1_accuracy,32,256,1000,5,0.04,-0.07103457233719919,0.1510345723371992,0.7069298939339521,0.4797749025860142,0.6540741071294129,0.8275486020071505
dinov2,DINOv2 ViT-S/14,top1_accuracy,64,256,1000,5,-0.08,-0.17605447969566615,0.016054479695666146,-1.6343570584949925,0.10249895567526017,0.10247043485974937,0.8275486020071505
dinov2,DINOv2 ViT-S/14,mean_true_class_margin,1,2,1000,5,0.5271210019281999,0.4195639118818454,0.6346780919745544,9.617138179102032,5.317000457061524e-21,8.777852255171295e-20,2.234362392225421e-19
dinov2,DINOv2 ViT-S/14,mean_true_class_margin,1,4,1000,5,0.9452065173787999,0.8358775509284583,1.0545354838291414,16.96547583506564,6.358085993530025e-57,2.3311028468337066e-50,1.6317719927835947e-49
dinov2,DINOv2 ViT-S/14,mean_true_class_margin,1,8,1000,5,1.0832090815608,0.9711731334879412,1.1952450296336588,18.972714815076245,8.608576059833556e-69,5.9271311571328675e-62,8.297983619986014e-61
dinov2,DINOv2 ViT-S/14,mean_true_class_margin,1,16,1000,5,1.16853514148692,1.0529498397448216,1.2841204432290185,19.8387244949852,4.177581634243517e-74,1.1450737234376266e-65,3.2062064256253546e-64
dinov2,DINOv2 ViT-S/14,mean_true_class_margin,1,32,1000,5,1.1717971040588,1.0415410402799767,1.3020531678376233,17.653427983477343,6.486246539208719e-61,1.2671748677919392e-54,1.1826965432724766e-53
dinov2,DINOv2 ViT-S/14,mean_true_class_margin,1,64,1000,5,1.2122579325568,1.0668824090179851,1.3576334560956147,16.363579953051552,1.674545195479918e-53,3.295872608022028e-49,1.845688660492336e-48
dinov2,DINOv2 ViT-S/14,mean_true_class_margin,1,256,1000,5,1.250385918324,1.0907205860536908,1.4100512505943092,15.367669957248983,5.318303203991619e-48,4.2753412187611864e-44,1.995159235421887e-43
dinov2,DINOv2 ViT-S/14,mean_true_class_margin,2,4,1000,5,0.41808551545059996,0.31596201256155493,0.5202090183396451,8.033670194014368,2.6514922432673625e-15,3.5516236996878085e-14,7.649651045481433e-14
dinov2,DINOv2 ViT-S/14,mean_true_class_margin,2,8,1000,5,0.5560880796326001,0.45182239602438495,0.6603537632408152,10.46590457130184,2.1447464596656872e-24,1.2689095889544122e-22,3.9477187211915043e-22
dinov2,DINOv2 ViT-S/14,mean_true_class_margin,2,16,1000,5,0.6414141395587201,0.5342147779074319,0.7486135012100082,11.741427751292841,6.519274685886278e-30,1.0123193385246651e-26,4.0492773540986605e-26
dinov2,DINOv2 ViT-S/14,mean_true_class_margin,2,32,1000,5,0.6446761021306,0.5259019330355152,0.7634502712256848,10.6510923532542,3.636891833335969e-25,8.25809873157649e-23,2.8903345560517714e-22
dinov2,DINOv2 ViT-S/14,mean_true_class_margin,2,64,1000,5,0.6851369306286,0.5509572877413422,0.8193165735158578,10.019944729290145,1.3911010883638021e-22,4.250260992515372e-21,1.1900730779043041e-20
dinov2,DINOv2 ViT-S/14,mean_true_class_margin,2,256,1000,5,0.7232649163957999,0.5750404672975857,0.8714893654940141,9.575294369191855,7.709582867589288e-21,1.6785559385794457e-18,3.91663052335204e-18
dinov2,DINOv2 ViT-S/14,mean_true_class_margin,4,8,1000,5,0.13800256418200008,0.04317301592279263,0.23283211244120752,2.8557359853369806,0.004382644378375944,0.00702343663893433,0.010925345882786736
dinov2,DINOv2 ViT-S/14,mean_true_class_margin,4,16,1000,5,0.22332862410812002,0.12538231375375397,0.32127493446248606,4.474359646215255,8.544304563221183e-06,2.272280332747193e-05,4.544560665494386e-05
dinov2,DINOv2 ViT-S/14,mean_true_class_margin,4,32,1000,5,0.22659058668,0.11789233433933453,0.3352888390206655,4.090664692116376,4.647714827305661e-05,0.0003429167418584326,0.000564804045413889
dinov2,DINOv2 ViT-S/14,mean_true_class_margin,4,64,1000,5,0.267051415178,0.14538597523829228,0.38871685511770776,4.307271354279792,1.815909706909247e-05,0.00014079100086132262,0.0002463842515073146
dinov2,DINOv2 ViT-S/14,mean_true_class_margin,4,256,1000,5,0.30517940094519996,0.16824363203243625,0.4421151698579637,4.3733364650703335,1.3519003260701383e-05,0.00010393848618366186,0.0001940185075428355
dinov2,DINOv2 ViT-S/14,mean_true_class_margin,8,16,1000,5,0.08532605992611998,-0.004252145374577271,0.17490426522681723,1.8691920043064223,0.061888516164534814,0.04940621381570355,0.06587495175427141
dinov2,DINOv2 ViT-S/14,mean_true_class_margin,8,32,1000,5,0.08858802249799995,-0.008575579571374767,0.18575162456737465,1.7891468184097012,0.07389404111392907,0.1263530521080423,0.16081297541023565
dinov2,DINOv2 ViT-S/14,mean_true_class_margin,8,64,1000,5,0.129048850996,0.019857589253415825,0.23824011273858417,2.319214072441857,0.02058437495757552,0.013899917730764455,0.019459884823070237
dinov2,DINOv2 ViT-S/14,mean_true_class_margin,8,256,1000,5,0.16717683676320003,0.04231959845043069,0.29203407507596935,2.627465115797095,0.008734188787842077,0.010958604620387198,0.016149522598465346
dinov2,DINOv2 ViT-S/14,mean_true_class_margin,16,32,1000,5,0.0032619625718800054,-0.07892480742537748,0.0854487325691375,0.07788460843125032,0.9379354391828505,0.7491656444073888,0.7491656444073888
dinov2,DINOv2 ViT-S/14,mean_true_class_margin,16,64,1000,5,0.043722791069880015,-0.04883241792855372,0.13627800006831375,0.9270039648914062,0.35414837290458,0.293332442207594,0.3158964762235628
dinov2,DINOv2 ViT-S/14,mean_true_class_margin,16,256,1000,5,0.08185077683708002,-0.0248414056403527,0.18854295931451273,1.5054446284980367,0.1325259022035256,0.17280532353224254,0.20160621078761629
dinov2,DINOv2 ViT-S/14,mean_true_class_margin,32,64,1000,5,0.04046082849800003,-0.037629865642064365,0.11855152263806443,1.0167403707671767,0.3095231259767973,0.35864408073803544,0.3719271948394442
dinov2,DINOv2 ViT-S/14,mean_true_class_margin,32,256,1000,5,0.0785888142652,-0.008417755379590788,0.1655953839099908,1.7724878620490587,0.07661831795203608,0.1471365421509809,0.17912274696641153
dinov2,DINOv2 ViT-S/14,mean_true_class_margin,64,256,1000,5,0.03812798576719998,-0.030786360932999975,0.10704233246739994,1.085697403850822,0.27787480124356745,0.27396927335500265,0.30684558615760293
vitb,ViT-B/16 AugReg,top1_accuracy,1,2,1000,5,2.22,1.4438746563478284,2.9961253436521718,5.613008361789328,2.5752644937939377e-08,5.474873551263215e-08,8.516469968631668e-08
vitb,ViT-B/16 AugReg,top1_accuracy,1,4,1000,5,3.58,2.7314817129199183,4.428518287080081,8.279353006088748,3.9414023731130757e-16,4.580209980611335e-15,1.0687156621426449e-14
vitb,ViT-B/16 AugReg,top1_accuracy,1,8,1000,5,6.279999999999999,5.185173711664006,7.374826288335994,11.256127576775965,9.33847431583297e-28,2.4862111366538322e-27,1.7403477956576826e-26
vitb,ViT-B/16 AugReg,top1_accuracy,1,16,1000,5,8.34,6.9950956911582525,9.684904308841748,12.168841811465043,7.23580720502423e-32,3.306075357517617e-30,4.628505500524664e-29
vitb,ViT-B/16 AugReg,top1_accuracy,1,32,1000,5,9.86,8.34839349033855,11.371606509661449,12.800081689982456,7.591715089627887e-35,1.6994249178633278e-32,4.758389770017318e-31
vitb,ViT-B/16 AugReg,top1_accuracy,1,64,1000,5,10.540000000000001,8.909013025663706,12.170986974336296,12.68132690560769,2.8120442984486143e-34,1.0648566798263211e-27,9.938662345045663e-27
vitb,ViT-B/16 AugReg,top1_accuracy,1,196,1000,5,11.34,9.55024535829449,13.12975464170551,12.433521137873848,4.202485794618918e-33,8.2073709872214325e-25,4.5961277528440026e-24
vitb,ViT-B/16 AugReg,top1_accuracy,2,4,1000,5,1.36,0.525759896741928,2.1942401032580725,3.1990602905790815,0.001422163297863809,0.00597340810528629,0.006690217077920644
vitb,ViT-B/16 AugReg,top1_accuracy,2,8,1000,5,4.0600000000000005,3.0887671270912516,5.031232872908749,8.203085536366872,7.159734354539833e-16,3.1230276453388216e-12,5.8296516046324675e-12
vitb,ViT-B/16 AugReg,top1_accuracy,2,16,1000,5,6.12,4.930048510567898,7.309951489432103,10.092453220818427,7.128753718784782e-23,8.803019491296076e-19,3.0810568219536264e-18
vitb,ViT-B/16 AugReg,top1_accuracy,2,32,1000,5,7.640000000000001,6.303741865092069,8.976258134907933,11.219605233005758,1.3481918793687173e-27,3.635592252223054e-23,1.696609717704092e-22
vitb,ViT-B/16 AugReg,top1_accuracy,2,64,1000,5,8.32,6.870357751932222,9.769642248067779,11.262558730191566,8.752927766454114e-28,1.78238590906513e-20,7.12954363626052e-20
vitb,ViT-B/16 AugReg,top1_accuracy,2,196,1000,5,9.120000000000001,7.5210956781006155,10.718904321899386,11.193011289304177,1.7604621199602764e-27,1.714689192546134e-17,4.8011297391291753e-17
vitb,ViT-B/16 AugReg,top1_accuracy,4,8,1000,5,2.7,1.7423690267541196,3.6576309732458805,5.532738699022761,4.026759184538754e-08,6.459662283869895e-06,9.043527197417853e-06
vitb,ViT-B/16 AugReg,top1_accuracy,4,16,1000,5,4.760000000000001,3.7068414288821803,5.81315857111782,8.8692677543145,3.331121653534269e-18,3.1318709190895086e-14,6.745568133423557e-14
vitb,ViT-B/16 AugReg,top1_accuracy,4,32,1000,5,6.279999999999999,5.04488139879441,7.515118601205588,9.977587872038512,2.052080345290105e-22,2.166062327117859e-18,6.738860573255561e-18
vitb,ViT-B/16 AugReg,top1_accuracy,4,64,1000,5,6.959999999999999,5.593608179006461,8.326391820993537,9.99559303535482,1.739783024141626e-22,4.508873778906336e-15,1.0687156621426449e-14
vitb,ViT-B/16 AugReg,top1_accuracy,4,196,1000,5,7.759999999999999,6.240506430105639,9.279493569894358,10.021608541228803,1.369982525126774e-22,1.851384649378763e-12,3.702769298757526e-12
vitb,ViT-B/16 AugReg,top1_accuracy,8,16,1000,5,2.06,1.1404676964419704,2.9795323035580292,4.396173352793794,1.2196882385550821e-05,0.0004228655589921007,0.0005147928544251661
vitb,ViT-B/16 AugReg,top1_accuracy,8,32,1000,5,3.58,2.5659219086244476,4.594078091375551,6.927654280873377,7.655954885776546e-12,4.9597480253559356e-09,8.679559044372887e-09
vitb,ViT-B/16 AugReg,top1_accuracy,8,64,1000,5,4.26,3.1303596254579444,5.389640374542055,7.400208785753939,2.880277079149468e-13,4.819189460479071e-08,7.937488523141999e-08
vitb,ViT-B/16 AugReg,top1_accuracy,8,196,1000,5,5.06,3.783392251321968,6.336607748678031,7.777994300612315,1.8299760548079618e-14,1.0205160419574624e-07,1.5039183776215234e-07
vitb,ViT-B/16 AugReg,top1_accuracy,16,32,1000,5,1.5200000000000002,0.6523763259019322,2.387623674098068,3.4378488162204066,0.0006105394136900622,0.003924449622523193,0.0045785245596103915
vitb,ViT-B/16 AugReg,top1_accuracy,16,64,1000,5,2.1999999999999997,1.2808794386718763,3.1191205613281237,4.69704562832903,3.0083077015585788e-06,0.0001080237338708885,0.00014403164516118468
vitb,ViT-B/16 AugReg,top1_accuracy,16,196,1000,5,2.9999999999999996,1.973424037606883,4.0265759623931165,5.734621303304947,1.294184543494765e-08,0.00020369266454294997,0.0002592452094183
vitb,ViT-B/16 AugReg,top1_accuracy,32,64,1000,5,0.6799999999999998,-0.11783818868167789,1.4778381886816776,1.6725098052471663,0.09473695110512778,0.3500171986921147,0.3500171986921147
vitb,ViT-B/16 AugReg,top1_accuracy,32,196,1000,5,1.48,0.6015151327386494,2.3584848672613505,3.3059936154978535,0.0009800911017921548,0.11381441635040805,0.11802976510412687
vitb,ViT-B/16 AugReg,top1_accuracy,64,196,1000,5,0.7999999999999998,0.03214224773721219,1.5678577522627875,2.0444843648195574,0.04116742892129564,0.03912255652096244,0.04213198394565187
vitb,ViT-B/16 AugReg,mean_true_class_margin,1,2,1000,5,0.343465215295682,0.29894948028410906,0.387980950307255,15.140624596148328,8.93146525764885e-47,4.757375390639028e-45,5.328260437515712e-45
vitb,ViT-B/16 AugReg,mean_true_class_margin,1,4,1000,5,0.6732563200549,0.628945416706089,0.7175672234037109,29.815659148580952,3.0769802450891162e-140,1.0138991750826933e-118,1.892611793487694e-118
vitb,ViT-B/16 AugReg,mean_true_class_margin,1,8,1000,5,0.9546776853733,0.9080147148719654,1.0013406558746347,40.147542771057765,1.2851776689304676e-210,3.442359195333381e-149,1.2048257183666833e-148
vitb,ViT-B/16 AugReg,mean_true_class_margin,1,16,1000,5,1.1745775953724198,1.1241098407652663,1.2250453499795733,45.67118812119725,7.885821015608148e-247,1.8372751441600845e-158,1.2860926009120592e-157
vitb,ViT-B/16 AugReg,mean_true_class_margin,1,32,1000,5,1.3037786609075779,1.252024554151832,1.3555327676633238,49.43489672258594,1.1782744061551958e-270,1.999297181989115e-161,4.991435183402675e-160
vitb,ViT-B/16 AugReg,mean_true_class_margin,1,64,1000,5,1.378523372979896,1.3233683151955622,1.4336784307642298,49.045974723071375,3.155910064005068e-268,2.875450195094714e-160,2.683753515421733e-159
vitb,ViT-B/16 AugReg,mean_true_class_margin,1,196,1000,5,1.4326198080199508,1.3764814925244973,1.4887581235154044,50.07790530419941,1.1879916273784582e-274,3.565310845287625e-161,4.991435183402675e-160
vitb,ViT-B/16 AugReg,mean_true_class_margin,2,4,1000,5,0.329791104759218,0.28796620059658085,0.3716160089218552,15.47314384428736,1.421829039441756e-48,2.6725508517343587e-48,3.40142835675282e-48
vitb,ViT-B/16 AugReg,mean_true_class_margin,2,8,1000,5,0.611212470077618,0.5682875681080941,0.654137372047142,27.941999085907284,2.0342785347636e-127,1.194708029398571e-120,2.389416058797142e-120
vitb,ViT-B/16 AugReg,mean_true_class_margin,2,16,1000,5,0.831112380076738,0.7859894380511476,0.8762353221023285,36.144059076665286,1.3088841729565784e-183,1.212731559762176e-148,3.772942630371215e-148
vitb,ViT-B/16 AugReg,mean_true_class_margin,2,32,1000,5,0.960313445611896,0.914272679638495,1.006354211585297,40.93031143523657,7.86380964003385e-216,1.079896838596359e-154,4.319587354385436e-154
vitb,ViT-B/16 AugReg,mean_true_class_margin,2,64,1000,5,1.035058157684214,0.9859153656572133,1.0842009497112146,41.33134186580529,1.7156837193181435e-218,5.187280038400448e-156,2.4207306845868757e-155
vitb,ViT-B/16 AugReg,mean_true_class_margin,2,196,1000,5,1.0891545927242687,1.0391221644740856,1.139187020974452,42.718158794919724,1.2158325783370902e-227,4.058048725504738e-157,2.2725072862826534e-156
vitb,ViT-B/16 AugReg,mean_true_class_margin,4,8,1000,5,0.2814213653184,0.2463057772097857,0.3165369534270143,15.726486240382975,5.848958330347139e-50,5.743770933041265e-49,7.658361244055019e-49
vitb,ViT-B/16 AugReg,mean_true_class_margin,4,16,1000,5,0.50132127531752,0.46701172880335284,0.5356308218316872,28.67317186770884,2.0625376878803134e-132,1.6217559965895556e-111,2.671127523794562e-111
vitb,ViT-B/16 AugReg,mean_true_class_margin,4,32,1000,5,0.630522340852678,0.5946932085758702,0.6663514731294858,34.53335464747023,1.2918519430717056e-172,3.2765731990355267e-133,7.645337464416229e-133
vitb,ViT-B/16 AugReg,mean_true_class_margin,4,64,1000,5,0.7052670529249959,0.6671877253060733,0.7433463805439186,36.34451723980502,5.6603682504467665e-185,1.68228440013818e-139,4.282178473079004e-139
vitb,ViT-B/16 AugReg,mean_true_class_margin,4,196,1000,5,0.7593634879650508,0.7210642192937866,0.797662756636315,38.907543360554286,2.6070617100757187e-202,2.2107361687578282e-144,6.19006127252192e-144
vitb,ViT-B/16 AugReg,mean_true_class_margin,8,16,1000,5,0.21989990999911999,0.19130395602058908,0.2484958639776509,15.090201607358866,1.6652590561861628e-46,1.3951882781500443e-47,1.6984900777478802e-47
vitb,ViT-B/16 AugReg,mean_true_class_margin,8,32,1000,5,0.34910097553427794,0.3201912401553745,0.3780107109131814,23.696353821106158,7.388406832322172e-99,1.803937103501872e-94,2.806124383225134e-94
vitb,ViT-B/16 AugReg,mean_true_class_margin,8,64,1000,5,0.423845687606596,0.39315087982038055,0.4545404953928115,27.096764107659748,1.152612690567866e-121,9.191596293480119e-113,1.6085293513590208e-112
vitb,ViT-B/16 AugReg,mean_true_class_margin,8,196,1000,5,0.47794212264665076,0.44663324458773374,0.5092510007055678,29.955900736102322,3.357623846896736e-141,1.5892050855059325e-122,3.4229032610897005e-122
vitb,ViT-B/16 AugReg,mean_true_class_margin,16,32,1000,5,0.12920106553515803,0.10603555456003617,0.15236657651027988,10.944572213172467,2.0794745533181847e-26,1.1471445418928356e-30,1.2353864297307462e-30
vitb,ViT-B/16 AugReg,mean_true_class_margin,16,64,1000,5,0.20394577760747598,0.18069401522547193,0.22719753998948003,17.21208262183169,2.411628134259763e-58,3.0864820550416744e-61,4.321074877058344e-61
vitb,ViT-B/16 AugReg,mean_true_class_margin,16,196,1000,5,0.2580422126475308,0.23485278490548236,0.2812316403895792,21.83611162093014,9.951511855580071e-87,1.1940816131451626e-85,1.7596992193718186e-85
vitb,ViT-B/16 AugReg,mean_true_class_margin,32,64,1000,5,0.074744712072318,0.05680915745030915,0.09268026669432686,8.177870748418666,8.712841190791045e-16,3.505917384391801e-16,3.505917384391801e-16
vitb,ViT-B/16 AugReg,mean_true_class_margin,32,196,1000,5,0.12884114711237282,0.11167224150788227,0.14601005271686338,14.726059464877894,1.4408233841759517e-44,1.5253956709200681e-47,1.7796282827400794e-47
vitb,ViT-B/16 AugReg,mean_true_class_margin,64,196,1000,5,0.054096435040054805,0.041874742207695305,0.0663181278724143,8.685840728834421,1.5134118116399056e-17,1.3759278408290987e-19,1.4268881312301762e-19
