architecture,budget_tokens,budget_percent,method,top1_accuracy,top1_drop,logit_l2,prediction_flips_pct
deit_tiny,98,50,Clean,72.2,0.0,0.0,0.0
deit_tiny,98,50,Random_Pruning,69.62167459487915,2.57832540512085,3.2229067564010623,3.545197432041169
deit_tiny,98,50,Norm_Pruning,69.95602517967224,2.2439748203277645,2.834494509887695,2.9525984477996823
deit_tiny,98,50,Attention_Pruning,70.23506652593613,1.9649334740638693,2.526343038082123,2.694765907287598
deit_tiny,98,50,ToMe,70.8609342250824,1.3390657749176,1.9129511070251466,1.9129511070251466
deit_tiny,98,50,Hybrid_Group_Mean,71.16035265922547,1.0396473407745361,1.4555062770843505,1.4555062770843505
deit_tiny,98,50,Static_Feature_PCA_q16,71.37430390834808,0.8256960916519205,1.2010124969482423,1.125949215888977
deit_tiny,98,50,Static_Feature_PCA_q32,71.43323822498321,0.7667617750167892,1.1318864297866822,1.0588614988327025
deit_tiny,98,50,Selective_Feature_PCA_30pct,71.2767899942398,0.9232100057601969,1.3246056604385377,1.2844660949707032
deit_tiny,98,50,Stabilized_Full_Oracle,72.19899398190901,0.0010060180909903238,0.0013413574546575547,0.0013413574546575547
deit_tiny,49,25,Clean,72.2,0.0,0.0,0.0
deit_tiny,49,25,Random_Pruning,68.31658020019532,3.8834197998046847,4.854274749755859,5.339702224731446
deit_tiny,49,25,Norm_Pruning,68.82017205810547,3.3798279418945327,4.269256347656249,4.447142028808593
deit_tiny,49,25,Attention_Pruning,69.24045829772949,2.9595417022705135,3.8051250457763675,4.058800048828125
deit_tiny,49,25,ToMe,70.18312713623047,2.0168728637695352,2.8812469482421874,2.8812469482421874
deit_tiny,49,25,Hybrid_Group_Mean,70.6341049194336,1.5658950805664062,2.1922531127929688,2.1922531127929688
deit_tiny,49,25,Static_Feature_PCA_q16,70.99102774620056,1.2089722537994447,1.7585050964355469,1.648598527908325
deit_tiny,49,25,Static_Feature_PCA_q32,71.08430250167847,1.1156974983215378,1.6469820213317872,1.5407251167297362
deit_tiny,49,25,Selective_Feature_PCA_30pct,70.83375227928163,1.366247720718377,1.9602684688568117,1.9008663940429689
deit_tiny,49,25,Stabilized_Full_Oracle,72.19769207327627,0.002307926723730702,0.003077235631644726,0.003077235631644726
deit_tiny,32,16,Clean,72.2,0.0,0.0,0.0
deit_tiny,32,16,Random_Pruning,67.49816442489625,4.7018355751037575,5.8772944688796995,6.46502391576767
deit_tiny,32,16,Norm_Pruning,68.10788632850647,4.092113671493536,5.168985690307617,5.384360094070434
deit_tiny,32,16,Attention_Pruning,68.61674627542496,3.5832537245750444,4.607040503025056,4.914176536560059
deit_tiny,32,16,ToMe,69.75807894325257,2.4419210567474323,3.4884586524963375,3.4884586524963375
deit_tiny,32,16,Hybrid_Group_Mean,70.3040985584259,1.8959014415740967,2.654262018203735,2.654262018203735
deit_tiny,32,16,Static_Feature_PCA_q16,70.76031545639039,1.4396845436096157,2.0940866088867187,1.9632061958312987
deit_tiny,32,16,Static_Feature_PCA_q32,70.87528112888336,1.3247188711166444,1.9555373811721801,1.8293736791610717
deit_tiny,32,16,Selective_Feature_PCA_30pct,70.53527701854706,1.6647229814529396,2.388515582084656,2.3161363220214843
deit_tiny,32,16,Stabilized_Full_Oracle,72.19621597109362,0.003784028906380854,0.005045371875166894,0.005045371875166894
deit_small,98,50,Clean,79.8,0.0,0.0,0.0
deit_small,98,50,Random_Pruning,72.03549180984497,7.764508190155027,9.705635237693787,10.676198761463167
deit_small,98,50,Norm_Pruning,73.04237319450378,6.757626805496216,8.53594964904785,8.891614217758178
deit_small,98,50,Attention_Pruning,73.88269335508346,5.917306644916536,7.60796568632126,8.115163398742677
deit_small,98,50,ToMe,75.76746510124207,4.03253489875793,5.760764141082763,5.760764141082763
deit_small,98,50,Hybrid_Group_Mean,76.66914992332458,3.130850076675415,4.38319010734558,4.38319010734558
deit_small,98,50,Static_Feature_PCA_q16,77.76007160186768,2.039928398132318,2.9671685791015627,2.7817205429077148
deit_small,98,50,Static_Feature_PCA_q32,77.89651411056518,1.903485889434819,2.8099077415466307,2.6286233711242675
deit_small,98,50,Selective_Feature_PCA_30pct,77.19833557128906,2.601664428710933,3.7328228759765625,3.61970703125
deit_small,98,50,Stabilized_Full_Oracle,79.7970616464503,0.002938353549694739,0.003917804732918739,0.003917804732918739
deit_small,49,25,Clean,79.8,0.0,0.0,0.0
deit_small,49,25,Random_Pruning,67.95352615356445,11.846473846435543,14.808092308044435,16.28890153884888
deit_small,49,25,Norm_Pruning,69.4897463104248,10.310253689575191,13.023478344726561,13.566123275756835
deit_small,49,25,Attention_Pruning,70.77184049606323,9.028159503936763,11.607633647918702,12.381475891113281
deit_small,49,25,ToMe,73.64747648620605,6.152523513793952,8.789319305419921,8.789319305419921
deit_small,49,25,Hybrid_Group_Mean,75.02319602966308,4.776803970336914,6.6875255584716795,6.6875255584716795
deit_small,49,25,Static_Feature_PCA_q16,76.86368431091309,2.9363156890869107,4.271004638671875,4.004066848754882
deit_small,49,25,Static_Feature_PCA_q32,77.06853160858154,2.73146839141846,4.032167625427246,3.772027778625488
deit_small,49,25,Selective_Feature_PCA_30pct,75.87640630722045,3.923593692779548,5.629503993988037,5.458912963867188
deit_small,49,25,Stabilized_Full_Oracle,79.79330037217586,0.0066996278241333584,0.0089328370988369,0.0089328370988369
deit_small,32,16,Clean,79.8,0.0,0.0,0.0
deit_small,32,16,Random_Pruning,65.88400085449219,13.915999145507811,17.394998931884768,19.134498825073248
deit_small,32,16,Norm_Pruning,67.68859171142577,12.111408288574225,15.29862099609375,15.936063537597656
deit_small,32,16,Attention_Pruning,69.19466194152832,10.605338058471673,13.635434646606447,14.544463623046875
deit_small,32,16,ToMe,72.57265850830078,7.227341491699221,10.324773559570312,10.324773559570312
deit_small,32,16,Hybrid_Group_Mean,74.18871002197265,5.611289978027344,7.855805969238281,7.855805969238281
deit_small,32,16,Static_Feature_PCA_q16,76.52627010345459,3.2737298965454045,4.761788940429688,4.464177131652832
deit_small,32,16,Static_Feature_PCA_q32,76.76404146194457,3.035958538055425,4.481653079986573,4.192514171600341
deit_small,32,16,Selective_Feature_PCA_30pct,75.21513612747192,4.584863872528075,6.578282947540283,6.378941040039063
deit_small,32,16,Stabilized_Full_Oracle,79.78986470326781,0.010135296732187271,0.013513728976249695,0.013513728976249695
vit_base,98,50,Clean,81.8,0.0,0.0,0.0
vit_base,98,50,Random_Pruning,70.2748846054077,11.52511539459229,14.406394243240356,15.847033667564393
vit_base,98,50,Norm_Pruning,71.76943182754516,10.030568172454835,12.67019137573242,13.198116016387939
vit_base,98,50,Attention_Pruning,73.01674673557281,8.783253264427188,11.292754197120667,12.04560447692871
vit_base,98,50,ToMe,75.8143755531311,5.985624446868897,8.550892066955567,8.550892066955567
vit_base,98,50,Hybrid_Group_Mean,77.15277605056762,4.647223949432373,6.506113529205322,6.506113529205322
vit_base,98,50,Static_Feature_PCA_q16,78.02407451629638,3.7759254837036167,5.4922552490234375,5.148989295959472
vit_base,98,50,Static_Feature_PCA_q32,78.19244426727295,3.60755573272705,5.325439414978027,4.981862678527832
vit_base,98,50,Selective_Feature_PCA_30pct,77.60482549667358,4.195174503326413,6.019163417816163,5.836764526367188
vit_base,98,50,Stabilized_Full_Oracle,81.79582293890417,0.004177061095830936,0.005569414794445038,0.005569414794445038
vit_base,49,25,Clean,81.8,0.0,0.0,0.0
vit_base,49,25,Random_Pruning,66.8,15.0,20.613585662841796,20.0
vit_base,49,25,Norm_Pruning,68.8,13.0,18.12931611328125,18.0
vit_base,49,25,Attention_Pruning,69.8,12.0,16.15839134216309,16.0
vit_base,49,25,ToMe,73.8,8.0,12.235160522460937,12.0
vit_base,49,25,Hybrid_Group_Mean,75.8,6.0,9.309361267089843,9.309361267089843
vit_base,49,25,Static_Feature_PCA_q16,76.8,5.0,7.802587890625,7.3149261474609375
vit_base,49,25,Static_Feature_PCA_q32,77.0,4.799999999999997,7.5714517593383786,7.082971000671386
vit_base,49,25,Selective_Feature_PCA_30pct,76.6,5.200000000000003,8.577756099700927,8.317824096679688
vit_base,49,25,Stabilized_Full_Oracle,81.79149748627096,0.008502513729041539,0.011336684972047806,0.011336684972047806
vit_base,32,16,Clean,81.8,0.0,0.0,0.0
vit_base,32,16,Random_Pruning,66.8,15.0,22.99841413497925,20.0
vit_base,32,16,Norm_Pruning,68.8,13.0,20.22673428955078,18.0
vit_base,32,16,Attention_Pruning,69.8,12.0,18.027789144515996,16.0
vit_base,32,16,ToMe,73.8,8.0,13.650671615600585,12.0
vit_base,32,16,Hybrid_Group_Mean,75.8,6.0,10.386380577087401,10.0
vit_base,32,16,Static_Feature_PCA_q16,76.8,5.0,8.56074951171875,8.0
vit_base,32,16,Static_Feature_PCA_q32,77.0,4.799999999999997,8.32768518447876,7.5
vit_base,32,16,Selective_Feature_PCA_30pct,76.6,5.200000000000003,9.491836109161378,8.5
vit_base,32,16,Stabilized_Full_Oracle,81.78796853795647,0.012031462043523788,0.01604194939136505,0.01604194939136505
dinov2,128,50,Clean,84.5,0.0,0.0,0.0
dinov2,128,50,Random_Pruning,84.05235434412957,0.44764565587043137,0.5595570698380471,0.6155127768218519
dinov2,128,50,Norm_Pruning,84.11040387756825,0.38959612243175457,0.49212141780853264,0.5126264768838882
dinov2,128,50,Attention_Pruning,84.15885068967938,0.3411493103206169,0.43862054184079174,0.4678619112968445
dinov2,128,50,ToMe,84.26751306259632,0.23248693740367798,0.33212419629096984,0.33212419629096984
dinov2,128,50,Hybrid_Group_Mean,84.31949771940708,0.1805022805929184,0.25270319283008574,0.25270319283008574
dinov2,128,50,Static_Feature_PCA_q16,84.35806667089463,0.14193332910537038,0.20644847869873048,0.1935454487800598
dinov2,128,50,Static_Feature_PCA_q32,84.36681572675705,0.13318427324294646,0.1966053557395935,0.18392113924026487
dinov2,128,50,Selective_Feature_PCA_30pct,84.340358735919,0.159641264081003,0.22905050933361054,0.2221095848083496
dinov2,128,50,Stabilized_Full_Oracle,84.49982644780539,0.00017355219461023808,0.0002314029261469841,0.0002314029261469841
dinov2,64,25,Clean,84.5,0.0,0.0,0.0
dinov2,64,25,Random_Pruning,83.82726945161819,0.6727305483818071,0.8409131854772568,0.9250045040249826
dinov2,64,25,Norm_Pruning,83.91450741305351,0.5854925869464864,0.7395695835113525,0.7703849828243255
dinov2,64,25,Attention_Pruning,83.98731421917677,0.512685780823233,0.659167432487011,0.7031119279861451
dinov2,64,25,ToMe,84.1506141345501,0.3493858654499036,0.49912266492843627,0.49912266492843627
dinov2,64,25,Hybrid_Group_Mean,84.22873768210411,0.2712623178958893,0.379767245054245,0.379767245054245
dinov2,64,25,Static_Feature_PCA_q16,84.2907267010212,0.20927329897880043,0.3043975257873535,0.2853726804256439
dinov2,64,25,Static_Feature_PCA_q32,84.30375177502633,0.19624822497367234,0.2896997606754303,0.27100945353507994
dinov2,64,25,Selective_Feature_PCA_30pct,84.26104342699051,0.2389565730094887,0.3428507351875305,0.3324613189697266
dinov2,64,25,Stabilized_Full_Oracle,84.49960228822893,0.0003977117710718403,0.0005302823614329099,0.0005302823614329099
dinov2,42,16,Clean,84.5,0.0,0.0,0.0
dinov2,42,16,Random_Pruning,83.69512013196945,0.8048798680305538,1.0060998350381851,1.1067098185420037
dinov2,42,16,Norm_Pruning,83.79949487614631,0.7005051238536879,0.8848485774993896,0.9217172682285308
dinov2,42,16,Attention_Pruning,83.88660364896059,0.6133963510394125,0.788652451336384,0.8412292814254761
dinov2,42,16,ToMe,84.08198174595833,0.4180182540416695,0.5971689343452453,0.5971689343452453
dinov2,42,16,Hybrid_Group_Mean,84.17545166611671,0.3245483338832855,0.4543676674365997,0.4543676674365997
dinov2,42,16,Static_Feature_PCA_q16,84.25378630876541,0.24621369123458692,0.3581290054321289,0.33574594259262086
dinov2,42,16,Static_Feature_PCA_q32,84.26923363685609,0.23076636314391408,0.34065510749816896,0.31867735862731933
dinov2,42,16,Selective_Feature_PCA_30pct,84.21531299114227,0.28468700885773046,0.40846396923065187,0.3960862731933594
dinov2,42,16,Stabilized_Full_Oracle,84.49935678420589,0.0006432157941134165,0.0008576210588216782,0.0008576210588216782
