architecture,batch_size,budget_tokens,method,batch_latency_ms,per_image_ms,throughput_img_per_sec
deit_tiny,1,98,Clean,2.8773012797037762,2.8773012797037762,347.54789394281016
deit_tiny,1,98,Attention_Pruning,2.9149205525716146,2.9149205525716146,343.0625233054038
deit_tiny,1,98,ToMe,2.851635233561198,2.851635233561198,350.67598696737014
deit_tiny,1,98,Hybrid_Group_Mean,3.156328582763672,3.156328582763672,316.8237950449389
deit_tiny,1,98,Static_Feature_PCA_q16,4.851121012369791,4.851121012369791,206.13792099807796
deit_tiny,1,98,Static_Feature_PCA_q32,5.259219360351563,5.259219360351563,190.14228756815973
deit_tiny,1,98,Selective_Feature_PCA_30pct,3.9466710408528645,3.9466710408528645,253.3780975532997
deit_tiny,8,98,Clean,2.4749610900878904,0.3093701362609863,3232.374049046527
deit_tiny,8,98,Attention_Pruning,2.6497835795084637,0.33122294743855796,3019.1144899026076
deit_tiny,8,98,ToMe,2.614965311686198,0.32687066396077474,3059.314004758782
deit_tiny,8,98,Hybrid_Group_Mean,2.6900566101074217,0.3362570762634277,2973.9151101658554
deit_tiny,8,98,Static_Feature_PCA_q16,4.584405517578125,0.5730506896972656,1745.0463248343451
deit_tiny,8,98,Static_Feature_PCA_q32,5.18809814453125,0.6485122680664063,1541.9908754873427
deit_tiny,8,98,Selective_Feature_PCA_30pct,3.567163848876953,0.44589548110961913,2242.6780318820042
deit_tiny,16,98,Clean,2.4674090067545573,0.15421306292215983,6484.534974217828
deit_tiny,16,98,Attention_Pruning,2.7068992614746095,0.1691812038421631,5910.822108423735
deit_tiny,16,98,ToMe,2.5450281778971355,0.15906426111857097,6286.7673289260865
deit_tiny,16,98,Hybrid_Group_Mean,2.8003199259440104,0.17501999537150065,5713.632878788401
deit_tiny,16,98,Static_Feature_PCA_q16,4.247234090169271,0.26545213063557943,3767.15755720503
deit_tiny,16,98,Static_Feature_PCA_q32,6.322344462076823,0.39514652887980145,2530.706780684355
deit_tiny,16,98,Selective_Feature_PCA_30pct,3.742186737060547,0.2338866710662842,4275.574984418829
deit_tiny,32,98,Clean,2.8912811279296875,0.09035253524780273,11067.758057451063
deit_tiny,32,98,Attention_Pruning,2.312091827392578,0.07225286960601807,13840.280745288326
deit_tiny,32,98,ToMe,2.552445983886719,0.07976393699645996,12536.994005754523
deit_tiny,32,98,Hybrid_Group_Mean,2.9892054239908856,0.09341266949971518,10705.185981255456
deit_tiny,32,98,Static_Feature_PCA_q16,5.826159159342448,0.1820674737294515,5492.469245143585
deit_tiny,32,98,Static_Feature_PCA_q32,12.945975748697917,0.4045617421468099,2471.810593590715
deit_tiny,32,98,Selective_Feature_PCA_30pct,3.5100479125976562,0.10968899726867676,9116.68467121236
deit_tiny,64,98,Clean,5.7867177327473955,0.09041746457417806,11059.81023367012
deit_tiny,64,98,Attention_Pruning,4.4207916259765625,0.06907486915588379,14477.04515723748
deit_tiny,64,98,ToMe,4.451295979817709,0.0695514996846517,14377.835194554049
deit_tiny,64,98,Hybrid_Group_Mean,4.546636962890625,0.07104120254516602,14076.338296275711
deit_tiny,64,98,Static_Feature_PCA_q16,11.160104370117187,0.17437663078308105,5734.713393126444
deit_tiny,64,98,Static_Feature_PCA_q32,25.554960123697917,0.39929625193277996,2504.4061775174046
deit_tiny,64,98,Selective_Feature_PCA_30pct,5.347931925455729,0.08356143633524576,11967.242831825348
deit_small,1,98,Clean,4.476603698730469,4.476603698730469,223.3836335084994
deit_small,1,98,Attention_Pruning,6.52451426188151,6.52451426188151,153.26811466140077
deit_small,1,98,ToMe,11.499068196614584,11.499068196614584,86.96356808236061
deit_small,1,98,Hybrid_Group_Mean,6.942559814453125,6.942559814453125,144.03909029608718
deit_small,1,98,Static_Feature_PCA_q16,9.412605794270833,9.412605794270833,106.24050574907425
deit_small,1,98,Static_Feature_PCA_q32,10.867277018229167,10.867277018229167,92.01937139566458
deit_small,1,98,Selective_Feature_PCA_30pct,11.643236287434895,11.643236287434895,85.88677368672629
deit_small,8,98,Clean,6.366265360514323,0.7957831700642903,1256.623710600981
deit_small,8,98,Attention_Pruning,4.981085713704427,0.6226357142130534,1606.0755545702928
deit_small,8,98,ToMe,6.359861246744791,0.7949826558430989,1257.8890780195388
deit_small,8,98,Hybrid_Group_Mean,5.316245524088542,0.6645306905110677,1504.8213939237844
deit_small,8,98,Static_Feature_PCA_q16,15.553053792317709,1.9441317240397136,514.3684389461527
deit_small,8,98,Static_Feature_PCA_q32,11.058381144205729,1.3822976430257161,723.4331947576042
deit_small,8,98,Selective_Feature_PCA_30pct,4.48253428141276,0.560316785176595,1784.7047000114947
deit_small,16,98,Clean,3.031067657470703,0.18944172859191893,5278.6680497100215
deit_small,16,98,Attention_Pruning,2.7092374165852866,0.1693273385365804,5905.720887380311
deit_small,16,98,ToMe,2.64025395711263,0.16501587231953938,6060.023111374305
deit_small,16,98,Hybrid_Group_Mean,2.1859563191731772,0.13662226994832358,7319.450923910451
deit_small,16,98,Static_Feature_PCA_q16,5.102786254882813,0.3189241409301758,3135.5418786530076
deit_small,16,98,Static_Feature_PCA_q32,15.423805745442708,0.9639878590901693,1037.3574631363301
deit_small,16,98,Selective_Feature_PCA_30pct,11.00502217610677,0.6878138860066731,1453.881668202171
deit_small,32,98,Clean,7.362888590494792,0.23009026845296224,4346.120358429812
deit_small,32,98,Attention_Pruning,3.983165740966797,0.1244739294052124,8033.8108130627115
deit_small,32,98,ToMe,3.9905237833658855,0.12470386823018392,8018.99743923064
deit_small,32,98,Hybrid_Group_Mean,5.171400451660157,0.1616062641143799,6187.878950609434
deit_small,32,98,Static_Feature_PCA_q16,11.109736124674479,0.34717925389607746,2880.3564405934635
deit_small,32,98,Static_Feature_PCA_q32,25.37796630859375,0.7930614471435546,1260.9363418204173
deit_small,32,98,Selective_Feature_PCA_30pct,13.470306396484375,0.4209470748901367,2375.5955550017557
deit_small,64,98,Clean,12.321966552734375,0.19253072738647461,5193.9761178622675
deit_small,64,98,Attention_Pruning,8.779782104492188,0.13718409538269044,7289.47475441951
deit_small,64,98,ToMe,8.79944559733073,0.13749133745829265,7273.185485619015
deit_small,64,98,Hybrid_Group_Mean,8.946724446614583,0.13979256947835286,7153.456036551727
deit_small,64,98,Static_Feature_PCA_q16,22.268992106119793,0.34795300165812176,2873.951353299551
deit_small,64,98,Static_Feature_PCA_q32,50.94571533203125,0.7960268020629883,1256.2391082918232
deit_small,64,98,Selective_Feature_PCA_30pct,14.440560913085937,0.22563376426696777,4431.960807145908
vit_base,1,98,Clean,2.5290006001790366,2.5290006001790366,395.4131129621743
vit_base,1,98,Attention_Pruning,2.5592384338378906,2.5592384338378906,390.7412403542166
vit_base,1,98,ToMe,2.600791422526042,2.600791422526042,384.4983459030102
vit_base,1,98,Hybrid_Group_Mean,2.6900863647460938,2.6900863647460938,371.73527701754136
vit_base,1,98,Static_Feature_PCA_q16,4.091010030110677,4.091010030110677,244.43841316442487
vit_base,1,98,Static_Feature_PCA_q32,4.730474853515625,4.730474853515625,211.39526812129938
vit_base,1,98,Selective_Feature_PCA_30pct,10.83119405110677,10.83119405110677,92.3259241115541
vit_base,8,98,Clean,7.191645812988281,0.8989557266235352,1112.401835133734
vit_base,8,98,Attention_Pruning,2.1879849751790363,0.27349812189737954,3656.332237539878
vit_base,8,98,ToMe,2.205335489908854,0.2756669362386068,3627.5659810519974
vit_base,8,98,Hybrid_Group_Mean,2.443579610188802,0.30544745127360023,3273.8855597922934
vit_base,8,98,Static_Feature_PCA_q16,5.606600443522136,0.700825055440267,1426.8896242183973
vit_base,8,98,Static_Feature_PCA_q32,12.808441162109375,1.6010551452636719,624.5881055117022
vit_base,8,98,Selective_Feature_PCA_30pct,2.9789822896321616,0.3723727862040202,2685.4808864902056
vit_base,16,98,Clean,5.356840515136719,0.33480253219604494,2986.8352352079764
vit_base,16,98,Attention_Pruning,3.8215510050455728,0.2388469378153483,4186.781748791338
vit_base,16,98,ToMe,4.018534342447917,0.2511583964029948,3981.5511419154614
vit_base,16,98,Hybrid_Group_Mean,3.9519808451334635,0.24699880282084147,4048.602619039177
vit_base,16,98,Static_Feature_PCA_q16,10.242349243164062,0.6401468276977539,1562.1416161608338
vit_base,16,98,Static_Feature_PCA_q32,25.222062174479166,1.576378885904948,634.3652588482448
vit_base,16,98,Selective_Feature_PCA_30pct,7.141712951660156,0.44635705947875975,2240.3588758465366
vit_base,32,98,Clean,11.534622192382812,0.3604569435119629,2774.256448653518
vit_base,32,98,Attention_Pruning,8.078448994954426,0.2524515310923258,3961.1564076206096
vit_base,32,98,ToMe,8.179978434244791,0.25562432607014973,3911.990753671757
vit_base,32,98,Hybrid_Group_Mean,8.32444356282552,0.2601388613382975,3844.10078085008
vit_base,32,98,Static_Feature_PCA_q16,21.65352579752604,0.6766726811726888,1477.8193768174265
vit_base,32,98,Static_Feature_PCA_q32,49.91795247395833,1.5599360148111978,641.0519345058085
vit_base,32,98,Selective_Feature_PCA_30pct,9.82282206217448,0.3069631894429525,3257.7196041476655
vit_base,64,98,Clean,25.210345458984374,0.39391164779663085,2538.640341288616
vit_base,64,98,Attention_Pruning,17.959346516927084,0.2806147893269857,3563.60405094242
vit_base,64,98,ToMe,18.318546549479166,0.28622728983561196,3493.726962842456
vit_base,64,98,Hybrid_Group_Mean,18.41923624674479,0.28780056635538737,3474.6283256620172
vit_base,64,98,Static_Feature_PCA_q16,45.350590006510416,0.7086029688517252,1411.2275053271044
vit_base,64,98,Static_Feature_PCA_q32,1816.2727864583333,28.379262288411457,35.23699770054789
vit_base,64,98,Selective_Feature_PCA_30pct,31.2001953125,0.4875030517578125,2051.2692103039217
dinov2,1,128,Clean,2.447673543294271,2.447673543294271,408.55121498519844
dinov2,1,128,Attention_Pruning,2.4753941853841144,2.4753941853841144,403.97606405657245
dinov2,1,128,ToMe,2.712351989746094,2.712351989746094,368.6837120626114
dinov2,1,128,Hybrid_Group_Mean,2.7028350830078125,2.7028350830078125,369.9818780238578
dinov2,1,128,Static_Feature_PCA_q16,4.217250061035156,4.217250061035156,237.1213434174549
dinov2,1,128,Static_Feature_PCA_q32,4.98784434000651,4.98784434000651,200.4874113610961
dinov2,1,128,Selective_Feature_PCA_30pct,3.5753087361653644,3.5753087361653644,279.69612522820415
dinov2,8,128,Clean,2.4867647806803386,0.3108455975850423,3217.0312456376873
dinov2,8,128,Attention_Pruning,2.217834726969401,0.2772293408711751,3607.1218034049543
dinov2,8,128,ToMe,2.4158719380696616,0.3019839922587077,3311.4338032305586
dinov2,8,128,Hybrid_Group_Mean,2.579987080891927,0.32249838511149087,3100.790720717222
dinov2,8,128,Static_Feature_PCA_q16,3.1227798461914062,0.3903474807739258,2561.8200430481616
dinov2,8,128,Static_Feature_PCA_q32,8.86879374186198,1.1085992177327475,902.0392437630894
dinov2,8,128,Selective_Feature_PCA_30pct,3.1710464477539064,0.3963808059692383,2522.826496491877
dinov2,16,128,Clean,4.443112691243489,0.2776945432027181,3601.0790434221685
dinov2,16,128,Attention_Pruning,3.5436693827311196,0.22147933642069498,4515.093896166109
dinov2,16,128,ToMe,3.5638506571451822,0.2227406660715739,4489.52594798593
dinov2,16,128,Hybrid_Group_Mean,3.611650085449219,0.22572813034057618,4430.108017512973
dinov2,16,128,Static_Feature_PCA_q16,7.833139038085937,0.48957118988037107,2042.6038555176308
dinov2,16,128,Static_Feature_PCA_q32,17.381223551432292,1.0863264719645183,920.5335834186153
dinov2,16,128,Selective_Feature_PCA_30pct,4.179748280843099,0.2612342675526937,3827.9817168254526
dinov2,32,128,Clean,9.157275390625,0.28616485595703123,3494.489205027168
dinov2,32,128,Attention_Pruning,7.1330922444661455,0.22290913263956705,4486.132928510157
dinov2,32,128,ToMe,7.173245747884114,0.22416392962137857,4461.021011226196
dinov2,32,128,Hybrid_Group_Mean,7.3043263753255205,0.22826019922892252,4380.965246582907
dinov2,32,128,Static_Feature_PCA_q16,15.945981852213542,0.4983119328816732,2006.7751422630597
dinov2,32,128,Static_Feature_PCA_q32,35.112841796875,1.0972763061523438,911.3474832119101
dinov2,32,128,Selective_Feature_PCA_30pct,14.954822794596355,0.4673382123311361,2139.7779458518626
dinov2,64,128,Clean,20.1160888671875,0.3143138885498047,3181.532972067649
dinov2,64,128,Attention_Pruning,15.541455078125,0.24283523559570314,4118.018530329355
dinov2,64,128,ToMe,15.65191650390625,0.24456119537353516,4088.956134159514
dinov2,64,128,Hybrid_Group_Mean,15.803910319010416,0.24693609873453776,4049.6306741892126
dinov2,64,128,Static_Feature_PCA_q16,33.265543619791664,0.5197741190592448,1923.9126446117227
dinov2,64,128,Static_Feature_PCA_q32,70.48672688802084,1.1013551076253256,907.9723633879892
dinov2,64,128,Selective_Feature_PCA_30pct,18.316172281901043,0.2861901919047038,3494.1798436369268
