architecture,q,group_mean_je,stabilized_full_oracle_je,restricted_oracle_je,static_alpha_je,static_gain,restricted_oracle_gain,recovery_vs_full_oracle_pct,recovery_vs_restricted_oracle_pct,top1_accuracy,top1_drop
deit_tiny,8,4.1585893630981445,0.006706787273287773,3.201139450073242,3.7791264057159424,0.37946295738220215,0.9574499130249023,9.139539725706573,39.632669262390195,71.36859219074249,0.8314078092575073
deit_tiny,16,4.1585893630981445,0.006706787273287773,2.6028521060943604,3.753164052963257,0.4054253101348877,1.5557372570037842,9.764854923777358,26.060011631764983,71.37430390834808,0.8256960916519165
deit_tiny,32,4.1585893630981445,0.006706787273287773,1.2877951860427856,3.6512465476989746,0.5073428153991699,2.870794177055359,12.219584878273583,17.67255972072381,71.39672575950623,0.8032742404937744
deit_tiny,64,4.1585893630981445,0.006706787273287773,0.29007837176322937,3.6192290782928467,0.5393602848052979,3.868510991334915,12.990740343810009,13.942322666612863,71.40376960277558,0.7962303972244262
deit_small,8,12.52340030670166,0.019589023664593697,8.066271781921387,9.433591842651367,3.089808464050293,4.457128524780273,24.710933283534054,69.32284871014829,77.7246097946167,2.0753902053833007
deit_small,16,12.52340030670166,0.019589023664593697,6.60230016708374,9.272401809692383,3.2509984970092773,5.92110013961792,26.00006048891389,54.905311856777004,77.76007160186768,2.039928398132324
deit_small,32,12.52340030670166,0.019589023664593697,3.5163824558258057,9.064218521118164,3.459181785583496,9.007017850875854,27.6650191472123,38.40540612725798,77.805871925354,1.9941280746459962
deit_small,64,12.52340030670166,0.019589023664593697,0.9936704635620117,9.059405326843262,3.4639949798583984,11.529729843139648,27.703512964544874,30.044025549475684,77.80693082809448,1.9930691719055176
vit_base,8,18.588895797729492,0.02784707397222519,14.687078475952148,17.245525360107422,1.3433704376220703,3.9018173217773438,7.237578315834167,34.42935244877488,78.00598442077636,3.794015579223633
vit_base,16,18.588895797729492,0.02784707397222519,11.808582305908203,17.163297653198242,1.42559814453125,6.780313491821289,7.6805904975970005,21.02554913206991,78.02407451629638,3.775925483703613
vit_base,32,18.588895797729492,0.02784707397222519,6.516563415527344,17.178836822509766,1.4100589752197266,12.072332382202148,7.596871255528345,11.680087414578903,78.02065589904785,3.7793441009521485
vit_base,64,18.588895797729492,0.02784707397222519,2.02036452293396,17.294036865234375,1.2948589324951172,16.568531274795532,6.9762164399566435,7.815170282865623,77.99531188964843,3.8046881103515626
dinov2,8,0.7220091223716736,0.0011570146307349205,0.5514792799949646,0.6480796933174133,0.07392942905426025,0.17052984237670898,10.255838647118052,43.35278097011691,84.35742246747017,0.14257753252983094
dinov2,16,0.7220091223716736,0.0011570146307349205,0.46512171626091003,0.6451514959335327,0.07685762643814087,0.25688740611076355,10.662051981647549,29.918798901726518,84.35806667089463,0.1419333291053772
dinov2,32,0.7220091223716736,0.0011570146307349205,0.3002760708332062,0.6342108249664307,0.08779829740524292,0.4217330515384674,12.179793394846541,20.818453067635513,84.36047361850738,0.13952638149261476
dinov2,64,0.7220091223716736,0.0011570146307349205,0.15039649605751038,0.6283714771270752,0.09363764524459839,0.5716126263141632,12.989855233696574,16.381311562060272,84.36175827503205,0.13824172496795653
