architecture,batch_size,regime,method,throughput_img_per_sec,per_image_ms,speedup_vs_clean,top1_accuracy,top1_drop
deit_tiny,1,BS=1_Latency,Clean,347.54789394281016,2.8773012797037762,1.0,72.2,0.0
deit_tiny,1,BS=1_Latency,Attention_Pruning,343.0625233054038,2.9149205525716146,0.9870942373250449,70.23506652593613,1.9649334740638693
deit_tiny,1,BS=1_Latency,ToMe,350.67598696737014,2.851635233561198,1.0090004660625989,70.8609342250824,1.3390657749176
deit_tiny,1,BS=1_Latency,Hybrid_Group_Mean,316.8237950449389,3.156328582763672,0.9115975109234096,71.16035265922547,1.0396473407745361
deit_tiny,1,BS=1_Latency,Static_Feature_PCA_q16,206.13792099807796,4.851121012369791,0.5931209038832457,71.37430390834808,0.8256960916519205
deit_tiny,1,BS=1_Latency,Static_Feature_PCA_q32,190.14228756815973,5.259219360351563,0.5470966473456694,71.43323822498321,0.7667617750167892
deit_tiny,1,BS=1_Latency,Selective_Feature_PCA_30pct,253.3780975532997,3.9466710408528645,0.7290451243390175,71.2767899942398,0.9232100057601969
deit_tiny,64,BS=64_Throughput,Clean,11059.81023367012,0.09041746457417806,1.0,72.2,0.0
deit_tiny,64,BS=64_Throughput,Attention_Pruning,14477.04515723748,0.06907486915588379,1.308977717643296,70.23506652593613,1.9649334740638693
deit_tiny,64,BS=64_Throughput,ToMe,14377.835194554049,0.0695514996846517,1.3000074043569612,70.8609342250824,1.3390657749176
deit_tiny,64,BS=64_Throughput,Hybrid_Group_Mean,14076.338296275711,0.07104120254516602,1.272746819237655,71.16035265922547,1.0396473407745361
deit_tiny,64,BS=64_Throughput,Static_Feature_PCA_q16,5734.713393126444,0.17437663078308105,0.5185182450660747,71.37430390834808,0.8256960916519205
deit_tiny,64,BS=64_Throughput,Static_Feature_PCA_q32,2504.4061775174046,0.39929625193277996,0.22644205683503263,71.43323822498321,0.7667617750167892
deit_tiny,64,BS=64_Throughput,Selective_Feature_PCA_30pct,11967.242831825348,0.08356143633524576,1.0820477547971548,71.2767899942398,0.9232100057601969
deit_small,1,BS=1_Latency,Clean,223.3836335084994,4.476603698730469,1.0,79.8,0.0
deit_small,1,BS=1_Latency,Attention_Pruning,153.26811466140077,6.52451426188151,0.6861206089906724,73.88269335508346,5.917306644916536
deit_small,1,BS=1_Latency,ToMe,86.96356808236061,11.499068196614584,0.3893014305322945,75.76746510124207,4.03253489875793
deit_small,1,BS=1_Latency,Hybrid_Group_Mean,144.03909029608718,6.942559814453125,0.644805924381236,76.66914992332458,3.130850076675415
deit_small,1,BS=1_Latency,Static_Feature_PCA_q16,106.24050574907425,9.412605794270833,0.47559664099130144,77.76007160186768,2.039928398132318
deit_small,1,BS=1_Latency,Static_Feature_PCA_q32,92.01937139566458,10.867277018229167,0.4119342583446848,77.89651411056518,1.903485889434819
deit_small,1,BS=1_Latency,Selective_Feature_PCA_30pct,85.88677368672629,11.643236287434895,0.38448104875802563,77.19833557128906,2.601664428710933
deit_small,64,BS=64_Throughput,Clean,5193.9761178622675,0.19253072738647461,1.0,79.8,0.0
deit_small,64,BS=64_Throughput,Attention_Pruning,7289.47475441951,0.13718409538269044,1.4034478767337317,73.88269335508346,5.917306644916536
deit_small,64,BS=64_Throughput,ToMe,7273.185485619015,0.13749133745829265,1.4003116919629786,75.76746510124207,4.03253489875793
deit_small,64,BS=64_Throughput,Hybrid_Group_Mean,7153.456036551727,0.13979256947835286,1.377260094044472,76.66914992332458,3.130850076675415
deit_small,64,BS=64_Throughput,Static_Feature_PCA_q16,2873.951353299551,0.34795300165812176,0.5533239445241057,77.76007160186768,2.039928398132318
deit_small,64,BS=64_Throughput,Static_Feature_PCA_q32,1256.2391082918232,0.7960268020629883,0.24186462929076097,77.89651411056518,1.903485889434819
deit_small,64,BS=64_Throughput,Selective_Feature_PCA_30pct,4431.960807145908,0.22563376426696777,0.8532886379481488,77.19833557128906,2.601664428710933
vit_base,1,BS=1_Latency,Clean,395.4131129621743,2.5290006001790366,1.0,81.8,0.0
vit_base,1,BS=1_Latency,Attention_Pruning,390.7412403542166,2.5592384338378906,0.9881848313705149,73.01674673557281,8.783253264427188
vit_base,1,BS=1_Latency,ToMe,384.4983459030102,2.600791422526042,0.9723965475565597,75.8143755531311,5.985624446868897
vit_base,1,BS=1_Latency,Hybrid_Group_Mean,371.73527701754136,2.6900863647460938,0.9401187386850826,77.15277605056762,4.647223949432373
vit_base,1,BS=1_Latency,Static_Feature_PCA_q16,244.43841316442487,4.091010030110677,0.6181848935996418,78.02407451629638,3.7759254837036167
vit_base,1,BS=1_Latency,Static_Feature_PCA_q32,211.39526812129938,4.730474853515625,0.5346187599537745,78.19244426727295,3.60755573272705
vit_base,1,BS=1_Latency,Selective_Feature_PCA_30pct,92.3259241115541,10.83119405110677,0.23349231749020452,77.60482549667358,4.195174503326413
vit_base,64,BS=64_Throughput,Clean,2538.640341288616,0.39391164779663085,1.0,81.8,0.0
vit_base,64,BS=64_Throughput,Attention_Pruning,3563.60405094242,0.2806147893269857,1.4037451438014774,73.01674673557281,8.783253264427188
vit_base,64,BS=64_Throughput,ToMe,3493.726962842456,0.28622728983561196,1.3762197448847902,75.8143755531311,5.985624446868897
vit_base,64,BS=64_Throughput,Hybrid_Group_Mean,3474.6283256620172,0.28780056635538737,1.3686965692423736,77.15277605056762,4.647223949432373
vit_base,64,BS=64_Throughput,Static_Feature_PCA_q16,1411.2275053271044,0.7086029688517252,0.5558989520393283,78.02407451629638,3.7759254837036167
vit_base,64,BS=64_Throughput,Static_Feature_PCA_q32,35.23699770054789,28.379262288411457,0.01388026382762891,78.19244426727295,3.60755573272705
vit_base,64,BS=64_Throughput,Selective_Feature_PCA_30pct,2051.2692103039217,0.4875030517578125,0.8080188347053114,77.60482549667358,4.195174503326413
dinov2,1,BS=1_Latency,Clean,408.55121498519844,2.447673543294271,1.0,84.5,0.0
dinov2,1,BS=1_Latency,Attention_Pruning,403.97606405657245,2.4753941853841144,0.988801524115424,84.15885068967938,0.3411493103206169
dinov2,1,BS=1_Latency,ToMe,368.6837120626114,2.712351989746094,0.9024173678591767,84.26751306259632,0.23248693740367798
dinov2,1,BS=1_Latency,Hybrid_Group_Mean,369.9818780238578,2.7028350830078125,0.9055948543373247,84.31949771940708,0.1805022805929184
dinov2,1,BS=1_Latency,Static_Feature_PCA_q16,237.1213434174549,4.217250061035156,0.5803956388332995,84.35806667089463,0.14193332910537038
dinov2,1,BS=1_Latency,Static_Feature_PCA_q32,200.4874113610961,4.98784434000651,0.4907277325521101,84.36681572675705,0.13318427324294646
dinov2,1,BS=1_Latency,Selective_Feature_PCA_30pct,279.69612522820415,3.5753087361653644,0.6846048058829965,84.340358735919,0.159641264081003
dinov2,64,BS=64_Throughput,Clean,3181.532972067649,0.3143138885498047,1.0,84.5,0.0
dinov2,64,BS=64_Throughput,Attention_Pruning,4118.018530329355,0.24283523559570314,1.2943504173879714,84.15885068967938,0.3411493103206169
dinov2,64,BS=64_Throughput,ToMe,4088.956134159514,0.24456119537353516,1.2852157026372537,84.26751306259632,0.23248693740367798
dinov2,64,BS=64_Throughput,Hybrid_Group_Mean,4049.6306741892126,0.24693609873453776,1.2728551643949786,84.31949771940708,0.1805022805929184
dinov2,64,BS=64_Throughput,Static_Feature_PCA_q16,1923.9126446117227,0.5197741190592448,0.6047124645580491,84.35806667089463,0.14193332910537038
dinov2,64,BS=64_Throughput,Static_Feature_PCA_q32,907.9723633879892,1.1013551076253256,0.2853883242322352,84.36681572675705,0.13318427324294646
dinov2,64,BS=64_Throughput,Selective_Feature_PCA_30pct,3494.1798436369268,0.2861901919047038,1.098269253945871,84.340358735919,0.159641264081003
