sample_id,global_index
0,29
1,68
2,134
3,171
4,230
5,259
6,338
7,386
8,400
9,451
10,535
11,551
12,644
13,662
14,710
15,750
16,802
17,896
18,946
19,985
20,1019
21,1088
22,1115
23,1193
24,1232
25,1272
26,1338
27,1366
28,1416
29,1487
30,1503
31,1585
32,1627
33,1697
34,1705
35,1790
36,1830
37,1875
38,1937
39,1966
40,2015
41,2086
42,2109
43,2198
44,2212
45,2260
46,2317
47,2398
48,2426
49,2499
50,2548
51,2558
52,2604
53,2683
54,2741
55,2774
56,2830
57,2898
58,2919
59,2956
60,3030
61,3092
62,3144
63,3187
64,3242
65,3293
66,3324
67,3399
68,3448
69,3470
70,3543
71,3569
72,3622
73,3668
74,3744
75,3753
76,3801
77,3864
78,3903
79,3964
80,4007
81,4073
82,4146
83,4189
84,4244
85,4251
86,4310
87,4355
88,4401
89,4451
90,4549
91,4592
92,4609
93,4699
94,4739
95,4794
96,4814
97,4879
98,4916
99,4989
