model_key,architecture,depth,D,N_img,sensitivity_PC1,sensitivity_PC_bottom,ratio_PC1_to_PC_bottom_raw,PC_bottom_over_lambda_max_M,ratio_stability_threshold,ratio_numerically_stable,covariance_min_eigenvalue,covariance_bottom_eigengap,covariance_bottom_eigengap_relative,lambda_max_M
deit_tiny,DeiT-Tiny,5,192,100,0.00036327322558190873,0.0007523668660248041,0.4828405422759969,0.46751416882457814,1.609292116036614e-13,True,0.007078948193856171,0.004108735689082823,0.0012398987069126943,0.001609292116036614
deit_tiny,DeiT-Tiny,7,192,100,0.00012767874407770626,0.0007561036059726882,0.16886408564796376,0.5391904583437855,1.4022941138372293e-13,True,0.013438545596846601,0.016472985649979052,0.0027221951792620806,0.0014022941138372292
deit_tiny,DeiT-Tiny,8,192,100,5.915772782667007e-05,0.0006640574698787835,0.0890852531746517,0.5383798904566107,1.2334366153898935e-13,True,0.02192634143773856,0.029809039140673736,0.002578562756748485,0.0012334366153898934
deit_tiny,DeiT-Tiny,10,192,100,3.306070645457445e-06,0.0001061144571373284,0.031155704271086094,0.28928753088138476,3.6681310395240656e-14,True,0.06725475457004297,0.035141945216492,0.00117106878912344,0.00036681310395240654
deit_small,DeiT-Small,5,384,100,1.4753391031523214e-05,6.905055880142498e-05,0.2136607043825799,0.31208875992242113,2.2125295002162057e-14,True,0.022825230954947037,0.014973630056834292,0.00029415353519948647,0.00022125295002162058
deit_small,DeiT-Small,7,384,100,3.02130697702928e-06,7.458130993443534e-05,0.04051024284348612,0.5475131799754466,1.362182914715952e-14,True,0.052496519184146974,0.08458185869804224,0.00039133028875883293,0.0001362182914715952
deit_small,DeiT-Small,8,384,100,1.8353886059176034e-06,4.488452771391579e-05,0.040891342727631466,0.48324168044849947,9.288215303004948e-15,True,0.10455315611659709,0.10059460711038735,0.00035181093922995914,9.288215303004947e-05
deit_small,DeiT-Small,10,384,100,3.7733258591762797e-07,2.7692741743977387e-06,0.13625685365721876,0.16857631755141445,1.642742120970303e-15,True,0.20970381606582952,0.0406669436669542,0.00012148286411754407,1.642742120970303e-05
vit_base,ViT-B/16 AugReg,5,768,100,3.462573417980074e-06,1.1921251357473695e-07,29.045385540078478,0.0034957286997566103,3.410233568269675e-15,True,0.03227323248222465,0.020383842415170432,1.0105350754231052e-05,3.410233568269675e-05
vit_base,ViT-B/16 AugReg,7,768,100,1.4054044397029205e-06,2.2579488394368234e-08,62.24252804830848,0.0011986406034453204,1.8837580113227214e-15,True,0.05694570277521746,0.09566349714838931,1.3782085566642621e-05,1.8837580113227213e-05
vit_base,ViT-B/16 AugReg,8,768,100,6.429639937843239e-07,9.859115182182853e-09,65.21518228595933,0.0006788396661315723,1.452348127852618e-15,True,0.07279856567929913,0.14321485734066064,1.530462159956565e-05,1.452348127852618e-05
vit_base,ViT-B/16 AugReg,10,768,100,3.6386914687952556e-08,1.0985496242656816e-09,33.122686389588594,0.00043837195053017666,2.505976084777029e-16,True,0.11171293257554869,0.34610253618258396,2.899177380513665e-05,2.505976084777029e-06
dinov2,DINOv2 ViT-S/14,5,384,100,0.05541955980866908,0.13931860187599526,0.3977900945201628,0.6418138357576882,2.1707011303600803e-11,True,1.5596563377903883e-05,1.641464283425672e-05,0.0005831854570086979,0.217070113036008
dinov2,DINOv2 ViT-S/14,7,384,100,0.012302807693544759,0.055828213579552054,0.22036900170581228,0.7009825628842,7.964279931564388e-12,True,8.877168034191745e-05,0.00018947627122342287,0.0018696880891024962,0.07964279931564387
dinov2,DINOv2 ViT-S/14,8,384,100,0.003884499756318904,0.01948445439696571,0.19936405080574554,0.6332231173294771,3.0770282801958422e-12,True,0.00019142753135517517,0.00021999160362175707,0.0009751380860322621,0.030770282801958423
dinov2,DINOv2 ViT-S/14,10,384,100,0.0011202703224776258,0.0052529932501431745,0.2132632328143753,0.4380330309569217,1.1992230902467671e-12,True,0.001124506380882632,0.0007276575129188856,0.0005538065805215884,0.011992230902467671
