architecture,depth,N,D,ambient_dim,oracle_rank,envelope_K,mean_capture,median_capture,q10_capture,q90_capture,std_capture,level_l1_passed
deit_tiny,8,196,192,37632,32,16,0.03133678808808327,0.02822813019156456,0.018511569127440453,0.053491201251745224,0.012781364843249321,False
deit_tiny,8,196,192,37632,32,32,0.05283889174461365,0.04816359654068947,0.03209873288869858,0.08478174358606339,0.020028311759233475,False
deit_tiny,8,196,192,37632,32,48,0.07088501751422882,0.06758914887905121,0.0449066087603569,0.1078144758939743,0.0241868793964386,False
deit_tiny,8,196,192,37632,32,64,0.08634620904922485,0.08373181521892548,0.05579150468111038,0.12425290793180466,0.027102453634142876,False
deit_tiny,8,196,192,37632,32,96,0.11265391111373901,0.11125722527503967,0.07398132234811783,0.15233436226844788,0.03023681417107582,False
deit_tiny,8,196,192,37632,32,128,0.13331949710845947,0.1318119466304779,0.09547869116067886,0.17325904965400696,0.031625717878341675,False
deit_small,8,196,384,75264,32,16,0.029764967039227486,0.02860907092690468,0.01879844442009926,0.04254266619682312,0.009440702386200428,False
deit_small,8,196,384,75264,32,32,0.04567587375640869,0.0436985120177269,0.02999667264521122,0.06414637714624405,0.013923689723014832,False
deit_small,8,196,384,75264,32,48,0.05878833681344986,0.05659554898738861,0.03890558332204819,0.08120676130056381,0.01685957983136177,False
deit_small,8,196,384,75264,32,64,0.07037967443466187,0.06710958480834961,0.049384381622076035,0.09599651396274567,0.019017396494746208,False
deit_small,8,196,384,75264,32,96,0.08974950015544891,0.0873580127954483,0.06518128514289856,0.12125424295663834,0.02193061076104641,False
deit_small,8,196,384,75264,32,128,0.10528803616762161,0.10272844135761261,0.07989724725484848,0.13915440440177917,0.0236784927546978,False
vit_base,7,196,768,150528,32,16,0.022105924785137177,0.022842101752758026,0.012991342693567276,0.030679883435368538,0.006919016130268574,False
vit_base,7,196,768,150528,32,32,0.033820658922195435,0.034688614308834076,0.020552240312099457,0.046472880989313126,0.010127668268978596,False
vit_base,7,196,768,150528,32,48,0.04280703514814377,0.04459208622574806,0.02675674855709076,0.05831911414861679,0.01244870014488697,False
vit_base,7,196,768,150528,32,64,0.05035192519426346,0.05177224427461624,0.032457925379276276,0.06760949641466141,0.014350660145282745,False
vit_base,7,196,768,150528,32,96,0.06235424429178238,0.06396707147359848,0.04003796726465225,0.08370622247457504,0.017371851950883865,False
vit_base,7,196,768,150528,32,128,0.0711800828576088,0.07348627597093582,0.046734362840652466,0.09529341757297516,0.0193896796554327,False
dinov2,8,256,384,98304,32,16,0.020325135439634323,0.01709780842065811,0.00842953659594059,0.03698787838220596,0.010835916735231876,False
dinov2,8,256,384,98304,32,32,0.03335006907582283,0.029062829911708832,0.015680057927966118,0.05650074779987335,0.016045348718762398,False
dinov2,8,256,384,98304,32,48,0.04409215599298477,0.038968585431575775,0.02112330123782158,0.07252463698387146,0.020379455760121346,False
dinov2,8,256,384,98304,32,64,0.05336986482143402,0.04783982038497925,0.026280025020241737,0.08598262816667557,0.024017183110117912,False
dinov2,8,256,384,98304,32,96,0.06947043538093567,0.06376542150974274,0.03679429367184639,0.10899879038333893,0.02974281832575798,False
dinov2,8,256,384,98304,32,128,0.08262710273265839,0.07608844339847565,0.0461033396422863,0.12627267837524414,0.033467721194028854,False
