evidence_scope,model,method,budget_tokens,n,correct_count,top1_accuracy_pct,source_csv,source_filter
historical_strict_confirmatory_actual_model,DeiT-Tiny,Clean,,1000,679,67.9,outputs/fungibility_operator_compression_confirmatory/per_image_results.csv,model == 'DeiT-Tiny'; distinct image_idx; clean_correct
historical_strict_confirmatory_actual_model,DeiT-Tiny,Attention Pruning,98,1000,665,66.5,outputs/fungibility_operator_compression_confirmatory/per_image_results.csv,model == 'DeiT-Tiny'; budget == 98; method == 'Attention Pruning'
historical_strict_confirmatory_actual_model,DeiT-Tiny,Group-Mean Merging,98,1000,673,67.30000000000001,outputs/fungibility_operator_compression_confirmatory/per_image_results.csv,model == 'DeiT-Tiny'; budget == 98; method == 'Group-Mean Merging'
historical_strict_confirmatory_actual_model,DeiT-Tiny,Norm Pruning,98,1000,653,65.3,outputs/fungibility_operator_compression_confirmatory/per_image_results.csv,model == 'DeiT-Tiny'; budget == 98; method == 'Norm Pruning'
historical_strict_confirmatory_actual_model,DeiT-Tiny,Operator-Aware (Oracle),98,1000,679,67.9,outputs/fungibility_operator_compression_confirmatory/per_image_results.csv,model == 'DeiT-Tiny'; budget == 98; method == 'Operator-Aware (Oracle)'
historical_strict_confirmatory_actual_model,DeiT-Tiny,Operator-Aware (Rank-16),98,1000,678,67.80000000000001,outputs/fungibility_operator_compression_confirmatory/per_image_results.csv,model == 'DeiT-Tiny'; budget == 98; method == 'Operator-Aware (Rank-16)'
historical_strict_confirmatory_actual_model,DeiT-Tiny,Operator-Aware (Rank-32),98,1000,678,67.80000000000001,outputs/fungibility_operator_compression_confirmatory/per_image_results.csv,model == 'DeiT-Tiny'; budget == 98; method == 'Operator-Aware (Rank-32)'
historical_strict_confirmatory_actual_model,DeiT-Tiny,Random Pruning,98,1000,638,63.800000000000004,outputs/fungibility_operator_compression_confirmatory/per_image_results.csv,model == 'DeiT-Tiny'; budget == 98; method == 'Random Pruning'
historical_strict_confirmatory_actual_model,DeiT-Tiny,ToMe (BSM),98,1000,676,67.60000000000001,outputs/fungibility_operator_compression_confirmatory/per_image_results.csv,model == 'DeiT-Tiny'; budget == 98; method == 'ToMe (BSM)'
historical_strict_confirmatory_actual_model,DeiT-Tiny,Attention Pruning,49,1000,625,62.5,outputs/fungibility_operator_compression_confirmatory/per_image_results.csv,model == 'DeiT-Tiny'; budget == 49; method == 'Attention Pruning'
historical_strict_confirmatory_actual_model,DeiT-Tiny,Group-Mean Merging,49,1000,682,68.2,outputs/fungibility_operator_compression_confirmatory/per_image_results.csv,model == 'DeiT-Tiny'; budget == 49; method == 'Group-Mean Merging'
historical_strict_confirmatory_actual_model,DeiT-Tiny,Norm Pruning,49,1000,593,59.3,outputs/fungibility_operator_compression_confirmatory/per_image_results.csv,model == 'DeiT-Tiny'; budget == 49; method == 'Norm Pruning'
historical_strict_confirmatory_actual_model,DeiT-Tiny,Operator-Aware (Oracle),49,1000,680,68.0,outputs/fungibility_operator_compression_confirmatory/per_image_results.csv,model == 'DeiT-Tiny'; budget == 49; method == 'Operator-Aware (Oracle)'
historical_strict_confirmatory_actual_model,DeiT-Tiny,Operator-Aware (Rank-16),49,1000,682,68.2,outputs/fungibility_operator_compression_confirmatory/per_image_results.csv,model == 'DeiT-Tiny'; budget == 49; method == 'Operator-Aware (Rank-16)'
historical_strict_confirmatory_actual_model,DeiT-Tiny,Operator-Aware (Rank-32),49,1000,682,68.2,outputs/fungibility_operator_compression_confirmatory/per_image_results.csv,model == 'DeiT-Tiny'; budget == 49; method == 'Operator-Aware (Rank-32)'
historical_strict_confirmatory_actual_model,DeiT-Tiny,Random Pruning,49,1000,611,61.1,outputs/fungibility_operator_compression_confirmatory/per_image_results.csv,model == 'DeiT-Tiny'; budget == 49; method == 'Random Pruning'
historical_strict_confirmatory_actual_model,DeiT-Tiny,ToMe (BSM),49,1000,665,66.5,outputs/fungibility_operator_compression_confirmatory/per_image_results.csv,model == 'DeiT-Tiny'; budget == 49; method == 'ToMe (BSM)'
historical_strict_confirmatory_actual_model,DeiT-Tiny,Attention Pruning,32,1000,575,57.49999999999999,outputs/fungibility_operator_compression_confirmatory/per_image_results.csv,model == 'DeiT-Tiny'; budget == 32; method == 'Attention Pruning'
historical_strict_confirmatory_actual_model,DeiT-Tiny,Group-Mean Merging,32,1000,665,66.5,outputs/fungibility_operator_compression_confirmatory/per_image_results.csv,model == 'DeiT-Tiny'; budget == 32; method == 'Group-Mean Merging'
historical_strict_confirmatory_actual_model,DeiT-Tiny,Norm Pruning,32,1000,505,50.5,outputs/fungibility_operator_compression_confirmatory/per_image_results.csv,model == 'DeiT-Tiny'; budget == 32; method == 'Norm Pruning'
historical_strict_confirmatory_actual_model,DeiT-Tiny,Operator-Aware (Oracle),32,1000,671,67.10000000000001,outputs/fungibility_operator_compression_confirmatory/per_image_results.csv,model == 'DeiT-Tiny'; budget == 32; method == 'Operator-Aware (Oracle)'
historical_strict_confirmatory_actual_model,DeiT-Tiny,Operator-Aware (Rank-16),32,1000,671,67.10000000000001,outputs/fungibility_operator_compression_confirmatory/per_image_results.csv,model == 'DeiT-Tiny'; budget == 32; method == 'Operator-Aware (Rank-16)'
historical_strict_confirmatory_actual_model,DeiT-Tiny,Operator-Aware (Rank-32),32,1000,679,67.9,outputs/fungibility_operator_compression_confirmatory/per_image_results.csv,model == 'DeiT-Tiny'; budget == 32; method == 'Operator-Aware (Rank-32)'
historical_strict_confirmatory_actual_model,DeiT-Tiny,Random Pruning,32,1000,586,58.599999999999994,outputs/fungibility_operator_compression_confirmatory/per_image_results.csv,model == 'DeiT-Tiny'; budget == 32; method == 'Random Pruning'
historical_strict_confirmatory_actual_model,DeiT-Tiny,ToMe (BSM),32,1000,658,65.8,outputs/fungibility_operator_compression_confirmatory/per_image_results.csv,model == 'DeiT-Tiny'; budget == 32; method == 'ToMe (BSM)'
historical_strict_confirmatory_actual_model,DeiT-Small,Clean,,1000,761,76.1,outputs/fungibility_operator_compression_confirmatory/per_image_results.csv,model == 'DeiT-Small'; distinct image_idx; clean_correct
historical_strict_confirmatory_actual_model,DeiT-Small,Attention Pruning,98,1000,759,75.9,outputs/fungibility_operator_compression_confirmatory/per_image_results.csv,model == 'DeiT-Small'; budget == 98; method == 'Attention Pruning'
historical_strict_confirmatory_actual_model,DeiT-Small,Group-Mean Merging,98,1000,765,76.5,outputs/fungibility_operator_compression_confirmatory/per_image_results.csv,model == 'DeiT-Small'; budget == 98; method == 'Group-Mean Merging'
historical_strict_confirmatory_actual_model,DeiT-Small,Norm Pruning,98,1000,751,75.1,outputs/fungibility_operator_compression_confirmatory/per_image_results.csv,model == 'DeiT-Small'; budget == 98; method == 'Norm Pruning'
historical_strict_confirmatory_actual_model,DeiT-Small,Operator-Aware (Oracle),98,1000,761,76.1,outputs/fungibility_operator_compression_confirmatory/per_image_results.csv,model == 'DeiT-Small'; budget == 98; method == 'Operator-Aware (Oracle)'
historical_strict_confirmatory_actual_model,DeiT-Small,Operator-Aware (Rank-16),98,1000,763,76.3,outputs/fungibility_operator_compression_confirmatory/per_image_results.csv,model == 'DeiT-Small'; budget == 98; method == 'Operator-Aware (Rank-16)'
historical_strict_confirmatory_actual_model,DeiT-Small,Operator-Aware (Rank-32),98,1000,761,76.1,outputs/fungibility_operator_compression_confirmatory/per_image_results.csv,model == 'DeiT-Small'; budget == 98; method == 'Operator-Aware (Rank-32)'
historical_strict_confirmatory_actual_model,DeiT-Small,Random Pruning,98,1000,739,73.9,outputs/fungibility_operator_compression_confirmatory/per_image_results.csv,model == 'DeiT-Small'; budget == 98; method == 'Random Pruning'
historical_strict_confirmatory_actual_model,DeiT-Small,ToMe (BSM),98,1000,765,76.5,outputs/fungibility_operator_compression_confirmatory/per_image_results.csv,model == 'DeiT-Small'; budget == 98; method == 'ToMe (BSM)'
historical_strict_confirmatory_actual_model,DeiT-Small,Attention Pruning,49,1000,738,73.8,outputs/fungibility_operator_compression_confirmatory/per_image_results.csv,model == 'DeiT-Small'; budget == 49; method == 'Attention Pruning'
historical_strict_confirmatory_actual_model,DeiT-Small,Group-Mean Merging,49,1000,763,76.3,outputs/fungibility_operator_compression_confirmatory/per_image_results.csv,model == 'DeiT-Small'; budget == 49; method == 'Group-Mean Merging'
historical_strict_confirmatory_actual_model,DeiT-Small,Norm Pruning,49,1000,717,71.7,outputs/fungibility_operator_compression_confirmatory/per_image_results.csv,model == 'DeiT-Small'; budget == 49; method == 'Norm Pruning'
historical_strict_confirmatory_actual_model,DeiT-Small,Operator-Aware (Oracle),49,1000,760,76.0,outputs/fungibility_operator_compression_confirmatory/per_image_results.csv,model == 'DeiT-Small'; budget == 49; method == 'Operator-Aware (Oracle)'
historical_strict_confirmatory_actual_model,DeiT-Small,Operator-Aware (Rank-16),49,1000,758,75.8,outputs/fungibility_operator_compression_confirmatory/per_image_results.csv,model == 'DeiT-Small'; budget == 49; method == 'Operator-Aware (Rank-16)'
historical_strict_confirmatory_actual_model,DeiT-Small,Operator-Aware (Rank-32),49,1000,760,76.0,outputs/fungibility_operator_compression_confirmatory/per_image_results.csv,model == 'DeiT-Small'; budget == 49; method == 'Operator-Aware (Rank-32)'
historical_strict_confirmatory_actual_model,DeiT-Small,Random Pruning,49,1000,716,71.6,outputs/fungibility_operator_compression_confirmatory/per_image_results.csv,model == 'DeiT-Small'; budget == 49; method == 'Random Pruning'
historical_strict_confirmatory_actual_model,DeiT-Small,ToMe (BSM),49,1000,768,76.8,outputs/fungibility_operator_compression_confirmatory/per_image_results.csv,model == 'DeiT-Small'; budget == 49; method == 'ToMe (BSM)'
historical_strict_confirmatory_actual_model,DeiT-Small,Attention Pruning,32,1000,716,71.6,outputs/fungibility_operator_compression_confirmatory/per_image_results.csv,model == 'DeiT-Small'; budget == 32; method == 'Attention Pruning'
historical_strict_confirmatory_actual_model,DeiT-Small,Group-Mean Merging,32,1000,764,76.4,outputs/fungibility_operator_compression_confirmatory/per_image_results.csv,model == 'DeiT-Small'; budget == 32; method == 'Group-Mean Merging'
historical_strict_confirmatory_actual_model,DeiT-Small,Norm Pruning,32,1000,642,64.2,outputs/fungibility_operator_compression_confirmatory/per_image_results.csv,model == 'DeiT-Small'; budget == 32; method == 'Norm Pruning'
historical_strict_confirmatory_actual_model,DeiT-Small,Operator-Aware (Oracle),32,1000,758,75.8,outputs/fungibility_operator_compression_confirmatory/per_image_results.csv,model == 'DeiT-Small'; budget == 32; method == 'Operator-Aware (Oracle)'
historical_strict_confirmatory_actual_model,DeiT-Small,Operator-Aware (Rank-16),32,1000,765,76.5,outputs/fungibility_operator_compression_confirmatory/per_image_results.csv,model == 'DeiT-Small'; budget == 32; method == 'Operator-Aware (Rank-16)'
historical_strict_confirmatory_actual_model,DeiT-Small,Operator-Aware (Rank-32),32,1000,765,76.5,outputs/fungibility_operator_compression_confirmatory/per_image_results.csv,model == 'DeiT-Small'; budget == 32; method == 'Operator-Aware (Rank-32)'
historical_strict_confirmatory_actual_model,DeiT-Small,Random Pruning,32,1000,711,71.1,outputs/fungibility_operator_compression_confirmatory/per_image_results.csv,model == 'DeiT-Small'; budget == 32; method == 'Random Pruning'
historical_strict_confirmatory_actual_model,DeiT-Small,ToMe (BSM),32,1000,764,76.4,outputs/fungibility_operator_compression_confirmatory/per_image_results.csv,model == 'DeiT-Small'; budget == 32; method == 'ToMe (BSM)'
historical_strict_confirmatory_actual_model,ViT-B/16,Clean,,1000,761,76.1,outputs/fungibility_operator_compression_confirmatory/per_image_results.csv,model == 'ViT-B/16'; distinct image_idx; clean_correct
historical_strict_confirmatory_actual_model,ViT-B/16,Attention Pruning,98,1000,737,73.7,outputs/fungibility_operator_compression_confirmatory/per_image_results.csv,model == 'ViT-B/16'; budget == 98; method == 'Attention Pruning'
historical_strict_confirmatory_actual_model,ViT-B/16,Group-Mean Merging,98,1000,751,75.1,outputs/fungibility_operator_compression_confirmatory/per_image_results.csv,model == 'ViT-B/16'; budget == 98; method == 'Group-Mean Merging'
historical_strict_confirmatory_actual_model,ViT-B/16,Norm Pruning,98,1000,728,72.8,outputs/fungibility_operator_compression_confirmatory/per_image_results.csv,model == 'ViT-B/16'; budget == 98; method == 'Norm Pruning'
historical_strict_confirmatory_actual_model,ViT-B/16,Operator-Aware (Oracle),98,1000,758,75.8,outputs/fungibility_operator_compression_confirmatory/per_image_results.csv,model == 'ViT-B/16'; budget == 98; method == 'Operator-Aware (Oracle)'
historical_strict_confirmatory_actual_model,ViT-B/16,Operator-Aware (Rank-16),98,1000,756,75.6,outputs/fungibility_operator_compression_confirmatory/per_image_results.csv,model == 'ViT-B/16'; budget == 98; method == 'Operator-Aware (Rank-16)'
historical_strict_confirmatory_actual_model,ViT-B/16,Operator-Aware (Rank-32),98,1000,756,75.6,outputs/fungibility_operator_compression_confirmatory/per_image_results.csv,model == 'ViT-B/16'; budget == 98; method == 'Operator-Aware (Rank-32)'
historical_strict_confirmatory_actual_model,ViT-B/16,Random Pruning,98,1000,733,73.3,outputs/fungibility_operator_compression_confirmatory/per_image_results.csv,model == 'ViT-B/16'; budget == 98; method == 'Random Pruning'
historical_strict_confirmatory_actual_model,ViT-B/16,ToMe (BSM),98,1000,744,74.4,outputs/fungibility_operator_compression_confirmatory/per_image_results.csv,model == 'ViT-B/16'; budget == 98; method == 'ToMe (BSM)'
historical_strict_confirmatory_actual_model,ViT-B/16,Attention Pruning,49,1000,688,68.8,outputs/fungibility_operator_compression_confirmatory/per_image_results.csv,model == 'ViT-B/16'; budget == 49; method == 'Attention Pruning'
historical_strict_confirmatory_actual_model,ViT-B/16,Group-Mean Merging,49,1000,746,74.6,outputs/fungibility_operator_compression_confirmatory/per_image_results.csv,model == 'ViT-B/16'; budget == 49; method == 'Group-Mean Merging'
historical_strict_confirmatory_actual_model,ViT-B/16,Norm Pruning,49,1000,678,67.80000000000001,outputs/fungibility_operator_compression_confirmatory/per_image_results.csv,model == 'ViT-B/16'; budget == 49; method == 'Norm Pruning'
historical_strict_confirmatory_actual_model,ViT-B/16,Operator-Aware (Oracle),49,1000,752,75.2,outputs/fungibility_operator_compression_confirmatory/per_image_results.csv,model == 'ViT-B/16'; budget == 49; method == 'Operator-Aware (Oracle)'
historical_strict_confirmatory_actual_model,ViT-B/16,Operator-Aware (Rank-16),49,1000,748,74.8,outputs/fungibility_operator_compression_confirmatory/per_image_results.csv,model == 'ViT-B/16'; budget == 49; method == 'Operator-Aware (Rank-16)'
historical_strict_confirmatory_actual_model,ViT-B/16,Operator-Aware (Rank-32),49,1000,751,75.1,outputs/fungibility_operator_compression_confirmatory/per_image_results.csv,model == 'ViT-B/16'; budget == 49; method == 'Operator-Aware (Rank-32)'
historical_strict_confirmatory_actual_model,ViT-B/16,Random Pruning,49,1000,705,70.5,outputs/fungibility_operator_compression_confirmatory/per_image_results.csv,model == 'ViT-B/16'; budget == 49; method == 'Random Pruning'
historical_strict_confirmatory_actual_model,ViT-B/16,ToMe (BSM),49,1000,729,72.89999999999999,outputs/fungibility_operator_compression_confirmatory/per_image_results.csv,model == 'ViT-B/16'; budget == 49; method == 'ToMe (BSM)'
historical_strict_confirmatory_actual_model,ViT-B/16,Attention Pruning,32,1000,628,62.8,outputs/fungibility_operator_compression_confirmatory/per_image_results.csv,model == 'ViT-B/16'; budget == 32; method == 'Attention Pruning'
historical_strict_confirmatory_actual_model,ViT-B/16,Group-Mean Merging,32,1000,732,73.2,outputs/fungibility_operator_compression_confirmatory/per_image_results.csv,model == 'ViT-B/16'; budget == 32; method == 'Group-Mean Merging'
historical_strict_confirmatory_actual_model,ViT-B/16,Norm Pruning,32,1000,583,58.3,outputs/fungibility_operator_compression_confirmatory/per_image_results.csv,model == 'ViT-B/16'; budget == 32; method == 'Norm Pruning'
historical_strict_confirmatory_actual_model,ViT-B/16,Operator-Aware (Oracle),32,1000,744,74.4,outputs/fungibility_operator_compression_confirmatory/per_image_results.csv,model == 'ViT-B/16'; budget == 32; method == 'Operator-Aware (Oracle)'
historical_strict_confirmatory_actual_model,ViT-B/16,Operator-Aware (Rank-16),32,1000,737,73.7,outputs/fungibility_operator_compression_confirmatory/per_image_results.csv,model == 'ViT-B/16'; budget == 32; method == 'Operator-Aware (Rank-16)'
historical_strict_confirmatory_actual_model,ViT-B/16,Operator-Aware (Rank-32),32,1000,742,74.2,outputs/fungibility_operator_compression_confirmatory/per_image_results.csv,model == 'ViT-B/16'; budget == 32; method == 'Operator-Aware (Rank-32)'
historical_strict_confirmatory_actual_model,ViT-B/16,Random Pruning,32,1000,692,69.19999999999999,outputs/fungibility_operator_compression_confirmatory/per_image_results.csv,model == 'ViT-B/16'; budget == 32; method == 'Random Pruning'
historical_strict_confirmatory_actual_model,ViT-B/16,ToMe (BSM),32,1000,730,73.0,outputs/fungibility_operator_compression_confirmatory/per_image_results.csv,model == 'ViT-B/16'; budget == 32; method == 'ToMe (BSM)'
historical_strict_confirmatory_actual_model,DINOv2 ViT-S/14,Clean,,1000,788,78.8,outputs/fungibility_operator_compression_confirmatory/per_image_results.csv,model == 'DINOv2 ViT-S/14'; distinct image_idx; clean_correct
historical_strict_confirmatory_actual_model,DINOv2 ViT-S/14,Attention Pruning,128,1000,771,77.10000000000001,outputs/fungibility_operator_compression_confirmatory/per_image_results.csv,model == 'DINOv2 ViT-S/14'; budget == 128; method == 'Attention Pruning'
historical_strict_confirmatory_actual_model,DINOv2 ViT-S/14,Group-Mean Merging,128,1000,782,78.2,outputs/fungibility_operator_compression_confirmatory/per_image_results.csv,model == 'DINOv2 ViT-S/14'; budget == 128; method == 'Group-Mean Merging'
historical_strict_confirmatory_actual_model,DINOv2 ViT-S/14,Norm Pruning,128,1000,743,74.3,outputs/fungibility_operator_compression_confirmatory/per_image_results.csv,model == 'DINOv2 ViT-S/14'; budget == 128; method == 'Norm Pruning'
historical_strict_confirmatory_actual_model,DINOv2 ViT-S/14,Operator-Aware (Oracle),128,1000,790,79.0,outputs/fungibility_operator_compression_confirmatory/per_image_results.csv,model == 'DINOv2 ViT-S/14'; budget == 128; method == 'Operator-Aware (Oracle)'
historical_strict_confirmatory_actual_model,DINOv2 ViT-S/14,Operator-Aware (Rank-16),128,1000,786,78.60000000000001,outputs/fungibility_operator_compression_confirmatory/per_image_results.csv,model == 'DINOv2 ViT-S/14'; budget == 128; method == 'Operator-Aware (Rank-16)'
historical_strict_confirmatory_actual_model,DINOv2 ViT-S/14,Operator-Aware (Rank-32),128,1000,784,78.4,outputs/fungibility_operator_compression_confirmatory/per_image_results.csv,model == 'DINOv2 ViT-S/14'; budget == 128; method == 'Operator-Aware (Rank-32)'
historical_strict_confirmatory_actual_model,DINOv2 ViT-S/14,Random Pruning,128,1000,760,76.0,outputs/fungibility_operator_compression_confirmatory/per_image_results.csv,model == 'DINOv2 ViT-S/14'; budget == 128; method == 'Random Pruning'
historical_strict_confirmatory_actual_model,DINOv2 ViT-S/14,ToMe (BSM),128,1000,762,76.2,outputs/fungibility_operator_compression_confirmatory/per_image_results.csv,model == 'DINOv2 ViT-S/14'; budget == 128; method == 'ToMe (BSM)'
historical_strict_confirmatory_actual_model,DINOv2 ViT-S/14,Attention Pruning,64,1000,678,67.80000000000001,outputs/fungibility_operator_compression_confirmatory/per_image_results.csv,model == 'DINOv2 ViT-S/14'; budget == 64; method == 'Attention Pruning'
historical_strict_confirmatory_actual_model,DINOv2 ViT-S/14,Group-Mean Merging,64,1000,752,75.2,outputs/fungibility_operator_compression_confirmatory/per_image_results.csv,model == 'DINOv2 ViT-S/14'; budget == 64; method == 'Group-Mean Merging'
historical_strict_confirmatory_actual_model,DINOv2 ViT-S/14,Norm Pruning,64,1000,640,64.0,outputs/fungibility_operator_compression_confirmatory/per_image_results.csv,model == 'DINOv2 ViT-S/14'; budget == 64; method == 'Norm Pruning'
historical_strict_confirmatory_actual_model,DINOv2 ViT-S/14,Operator-Aware (Oracle),64,1000,771,77.10000000000001,outputs/fungibility_operator_compression_confirmatory/per_image_results.csv,model == 'DINOv2 ViT-S/14'; budget == 64; method == 'Operator-Aware (Oracle)'
historical_strict_confirmatory_actual_model,DINOv2 ViT-S/14,Operator-Aware (Rank-16),64,1000,756,75.6,outputs/fungibility_operator_compression_confirmatory/per_image_results.csv,model == 'DINOv2 ViT-S/14'; budget == 64; method == 'Operator-Aware (Rank-16)'
historical_strict_confirmatory_actual_model,DINOv2 ViT-S/14,Operator-Aware (Rank-32),64,1000,753,75.3,outputs/fungibility_operator_compression_confirmatory/per_image_results.csv,model == 'DINOv2 ViT-S/14'; budget == 64; method == 'Operator-Aware (Rank-32)'
historical_strict_confirmatory_actual_model,DINOv2 ViT-S/14,Random Pruning,64,1000,696,69.6,outputs/fungibility_operator_compression_confirmatory/per_image_results.csv,model == 'DINOv2 ViT-S/14'; budget == 64; method == 'Random Pruning'
historical_strict_confirmatory_actual_model,DINOv2 ViT-S/14,ToMe (BSM),64,1000,737,73.7,outputs/fungibility_operator_compression_confirmatory/per_image_results.csv,model == 'DINOv2 ViT-S/14'; budget == 64; method == 'ToMe (BSM)'
historical_strict_confirmatory_actual_model,DINOv2 ViT-S/14,Attention Pruning,42,1000,603,60.3,outputs/fungibility_operator_compression_confirmatory/per_image_results.csv,model == 'DINOv2 ViT-S/14'; budget == 42; method == 'Attention Pruning'
historical_strict_confirmatory_actual_model,DINOv2 ViT-S/14,Group-Mean Merging,42,1000,722,72.2,outputs/fungibility_operator_compression_confirmatory/per_image_results.csv,model == 'DINOv2 ViT-S/14'; budget == 42; method == 'Group-Mean Merging'
historical_strict_confirmatory_actual_model,DINOv2 ViT-S/14,Norm Pruning,42,1000,562,56.2,outputs/fungibility_operator_compression_confirmatory/per_image_results.csv,model == 'DINOv2 ViT-S/14'; budget == 42; method == 'Norm Pruning'
historical_strict_confirmatory_actual_model,DINOv2 ViT-S/14,Operator-Aware (Oracle),42,1000,735,73.5,outputs/fungibility_operator_compression_confirmatory/per_image_results.csv,model == 'DINOv2 ViT-S/14'; budget == 42; method == 'Operator-Aware (Oracle)'
historical_strict_confirmatory_actual_model,DINOv2 ViT-S/14,Operator-Aware (Rank-16),42,1000,732,73.2,outputs/fungibility_operator_compression_confirmatory/per_image_results.csv,model == 'DINOv2 ViT-S/14'; budget == 42; method == 'Operator-Aware (Rank-16)'
historical_strict_confirmatory_actual_model,DINOv2 ViT-S/14,Operator-Aware (Rank-32),42,1000,730,73.0,outputs/fungibility_operator_compression_confirmatory/per_image_results.csv,model == 'DINOv2 ViT-S/14'; budget == 42; method == 'Operator-Aware (Rank-32)'
historical_strict_confirmatory_actual_model,DINOv2 ViT-S/14,Random Pruning,42,1000,615,61.5,outputs/fungibility_operator_compression_confirmatory/per_image_results.csv,model == 'DINOv2 ViT-S/14'; budget == 42; method == 'Random Pruning'
historical_strict_confirmatory_actual_model,DINOv2 ViT-S/14,ToMe (BSM),42,1000,694,69.39999999999999,outputs/fungibility_operator_compression_confirmatory/per_image_results.csv,model == 'DINOv2 ViT-S/14'; budget == 42; method == 'ToMe (BSM)'
