architecture,checkpoint,checkpoint_state_sha256,method,depth,budget_tokens,batch_size,precision,gpu,torch_version,cuda_version,compile_mode,attention_backend,warmups,iterations,batch_latency_ms,batch_latency_p25_ms,batch_latency_p75_ms,per_image_ms,img_per_sec,peak_allocated_mb,peak_reserved_mb,actual_model_execution,actual_callable,status
DeiT-Tiny,deit_tiny_patch16_224,f0b707f051e6643293c66143e225044e3e59bd68cbdfca8a287534a5ffbdf741,Clean,8,98,1,float32,NVIDIA GeForce RTX 5070 Laptop GPU,2.11.0+cu128,12.8,disabled,"{""flash"": true, ""math"": true, ""mem_efficient"": true}",50,100,7.58238410949707,7.372119903564453,7.798879861831665,7.58238410949707,131.8846401816392,33.263671875,48.0,True,model.forward,MEASURED
DeiT-Tiny,deit_tiny_patch16_224,f0b707f051e6643293c66143e225044e3e59bd68cbdfca8a287534a5ffbdf741,Hybrid Group Mean,8,98,1,float32,NVIDIA GeForce RTX 5070 Laptop GPU,2.11.0+cu128,12.8,disabled,"{""flash"": true, ""math"": true, ""mem_efficient"": true}",50,100,13.82587194442749,13.60864806175232,14.2150399684906,13.82587194442749,72.32816881419544,33.13232421875,46.0,True,forward_with_carriers -> forward_prefix_only + forward_suffix_from_hidden,MEASURED
DeiT-Tiny,deit_tiny_patch16_224,f0b707f051e6643293c66143e225044e3e59bd68cbdfca8a287534a5ffbdf741,Static Feature-PCA q=16,8,98,1,float32,NVIDIA GeForce RTX 5070 Laptop GPU,2.11.0+cu128,12.8,disabled,"{""flash"": true, ""math"": true, ""mem_efficient"": true}",50,100,15.117440223693848,14.903792142868042,15.342472076416016,15.117440223693848,66.1487649498148,34.49267578125,48.0,True,forward_with_carriers -> forward_prefix_only + forward_suffix_from_hidden,MEASURED
DeiT-Tiny,deit_tiny_patch16_224,f0b707f051e6643293c66143e225044e3e59bd68cbdfca8a287534a5ffbdf741,Static Feature-PCA q=32,8,98,1,float32,NVIDIA GeForce RTX 5070 Laptop GPU,2.11.0+cu128,12.8,disabled,"{""flash"": true, ""math"": true, ""mem_efficient"": true}",50,100,15.705999851226807,15.526592254638672,15.92734408378601,15.705999851226807,63.66993565977204,36.80126953125,46.0,True,forward_with_carriers -> forward_prefix_only + forward_suffix_from_hidden,MEASURED
DeiT-Tiny,deit_tiny_patch16_224,f0b707f051e6643293c66143e225044e3e59bd68cbdfca8a287534a5ffbdf741,Selective Feature-PCA q16 target30,8,98,1,float32,NVIDIA GeForce RTX 5070 Laptop GPU,2.11.0+cu128,12.8,disabled,"{""flash"": true, ""math"": true, ""mem_efficient"": true}",50,100,15.43169641494751,15.21940016746521,15.618264198303223,15.43169641494751,64.80168952982875,34.5810546875,48.0,True,forward_with_carriers -> forward_prefix_only + forward_suffix_from_hidden,MEASURED
DeiT-Tiny,deit_tiny_patch16_224,f0b707f051e6643293c66143e225044e3e59bd68cbdfca8a287534a5ffbdf741,Clean,8,98,8,float32,NVIDIA GeForce RTX 5070 Laptop GPU,2.11.0+cu128,12.8,disabled,"{""flash"": true, ""math"": true, ""mem_efficient"": true}",50,100,6.94158411026001,6.805975914001465,7.080640077590942,0.8676980137825012,1152.4746906366227,49.763671875,66.0,True,model.forward,MEASURED
DeiT-Tiny,deit_tiny_patch16_224,f0b707f051e6643293c66143e225044e3e59bd68cbdfca8a287534a5ffbdf741,Hybrid Group Mean,8,98,8,float32,NVIDIA GeForce RTX 5070 Laptop GPU,2.11.0+cu128,12.8,disabled,"{""flash"": true, ""math"": true, ""mem_efficient"": true}",50,100,13.551983833312988,13.399815797805786,13.69380784034729,1.6939979791641235,590.3194763511077,48.71044921875,70.0,True,forward_with_carriers -> forward_prefix_only + forward_suffix_from_hidden,MEASURED
DeiT-Tiny,deit_tiny_patch16_224,f0b707f051e6643293c66143e225044e3e59bd68cbdfca8a287534a5ffbdf741,Static Feature-PCA q=16,8,98,8,float32,NVIDIA GeForce RTX 5070 Laptop GPU,2.11.0+cu128,12.8,disabled,"{""flash"": true, ""math"": true, ""mem_efficient"": true}",50,100,15.222864151000977,14.810640096664429,15.787232160568237,1.902858018875122,525.5252835895511,67.814453125,90.0,True,forward_with_carriers -> forward_prefix_only + forward_suffix_from_hidden,MEASURED
DeiT-Tiny,deit_tiny_patch16_224,f0b707f051e6643293c66143e225044e3e59bd68cbdfca8a287534a5ffbdf741,Static Feature-PCA q=32,8,98,8,float32,NVIDIA GeForce RTX 5070 Laptop GPU,2.11.0+cu128,12.8,disabled,"{""flash"": true, ""math"": true, ""mem_efficient"": true}",50,100,15.608176231384277,15.33629584312439,16.086888313293457,1.9510220289230347,512.5518754660093,87.01220703125,98.0,True,forward_with_carriers -> forward_prefix_only + forward_suffix_from_hidden,MEASURED
DeiT-Tiny,deit_tiny_patch16_224,f0b707f051e6643293c66143e225044e3e59bd68cbdfca8a287534a5ffbdf741,Selective Feature-PCA q16 target30,8,98,8,float32,NVIDIA GeForce RTX 5070 Laptop GPU,2.11.0+cu128,12.8,disabled,"{""flash"": true, ""math"": true, ""mem_efficient"": true}",50,100,15.106031894683838,14.88968801498413,15.35591983795166,1.8882539868354797,529.5897728651946,67.814453125,92.0,True,forward_with_carriers -> forward_prefix_only + forward_suffix_from_hidden,MEASURED
DeiT-Tiny,deit_tiny_patch16_224,f0b707f051e6643293c66143e225044e3e59bd68cbdfca8a287534a5ffbdf741,Clean,8,98,16,float32,NVIDIA GeForce RTX 5070 Laptop GPU,2.11.0+cu128,12.8,disabled,"{""flash"": true, ""math"": true, ""mem_efficient"": true}",50,100,6.672688007354736,6.664520025253296,6.694415926933289,0.417043000459671,2397.8342734389144,68.1796875,86.0,True,model.forward,MEASURED
DeiT-Tiny,deit_tiny_patch16_224,f0b707f051e6643293c66143e225044e3e59bd68cbdfca8a287534a5ffbdf741,Hybrid Group Mean,8,98,16,float32,NVIDIA GeForce RTX 5070 Laptop GPU,2.11.0+cu128,12.8,disabled,"{""flash"": true, ""math"": true, ""mem_efficient"": true}",50,100,13.067840099334717,12.865936040878296,13.390247821807861,0.8167400062084198,1224.3798422980826,65.87109375,86.0,True,forward_with_carriers -> forward_prefix_only + forward_suffix_from_hidden,MEASURED
DeiT-Tiny,deit_tiny_patch16_224,f0b707f051e6643293c66143e225044e3e59bd68cbdfca8a287534a5ffbdf741,Static Feature-PCA q=16,8,98,16,float32,NVIDIA GeForce RTX 5070 Laptop GPU,2.11.0+cu128,12.8,disabled,"{""flash"": true, ""math"": true, ""mem_efficient"": true}",50,100,14.502287864685059,14.205400228500366,15.098743677139282,0.9063929915428162,1103.274197098381,96.27392578125,114.0,True,forward_with_carriers -> forward_prefix_only + forward_suffix_from_hidden,MEASURED
DeiT-Tiny,deit_tiny_patch16_224,f0b707f051e6643293c66143e225044e3e59bd68cbdfca8a287534a5ffbdf741,Static Feature-PCA q=32,8,98,16,float32,NVIDIA GeForce RTX 5070 Laptop GPU,2.11.0+cu128,12.8,disabled,"{""flash"": true, ""math"": true, ""mem_efficient"": true}",50,100,18.069536209106445,17.79572057723999,18.28495979309082,1.1293460130691528,885.4682164966986,123.4228515625,190.0,True,forward_with_carriers -> forward_prefix_only + forward_suffix_from_hidden,MEASURED
DeiT-Tiny,deit_tiny_patch16_224,f0b707f051e6643293c66143e225044e3e59bd68cbdfca8a287534a5ffbdf741,Selective Feature-PCA q16 target30,8,98,16,float32,NVIDIA GeForce RTX 5070 Laptop GPU,2.11.0+cu128,12.8,disabled,"{""flash"": true, ""math"": true, ""mem_efficient"": true}",50,100,15.041920185089111,14.661375999450684,15.544431924819946,0.9401200115680695,1063.6939834224504,96.27392578125,114.0,True,forward_with_carriers -> forward_prefix_only + forward_suffix_from_hidden,MEASURED
DeiT-Tiny,deit_tiny_patch16_224,f0b707f051e6643293c66143e225044e3e59bd68cbdfca8a287534a5ffbdf741,Clean,8,98,32,float32,NVIDIA GeForce RTX 5070 Laptop GPU,2.11.0+cu128,12.8,disabled,"{""flash"": true, ""math"": true, ""mem_efficient"": true}",50,100,12.692671775817871,12.57098388671875,12.764711856842041,0.39664599299430847,2521.1398013904786,104.73828125,146.0,True,model.forward,MEASURED
DeiT-Tiny,deit_tiny_patch16_224,f0b707f051e6643293c66143e225044e3e59bd68cbdfca8a287534a5ffbdf741,Hybrid Group Mean,8,98,32,float32,NVIDIA GeForce RTX 5070 Laptop GPU,2.11.0+cu128,12.8,disabled,"{""flash"": true, ""math"": true, ""mem_efficient"": true}",50,100,16.236560821533203,16.098199367523193,16.433512210845947,0.5073925256729126,1970.8607230147566,100.12109375,126.0,True,forward_with_carriers -> forward_prefix_only + forward_suffix_from_hidden,MEASURED
DeiT-Tiny,deit_tiny_patch16_224,f0b707f051e6643293c66143e225044e3e59bd68cbdfca8a287534a5ffbdf741,Static Feature-PCA q=16,8,98,32,float32,NVIDIA GeForce RTX 5070 Laptop GPU,2.11.0+cu128,12.8,disabled,"{""flash"": true, ""math"": true, ""mem_efficient"": true}",50,100,19.42193603515625,19.291312217712402,19.56575918197632,0.6069355010986328,1647.6215317605725,141.7119140625,230.0,True,forward_with_carriers -> forward_prefix_only + forward_suffix_from_hidden,MEASURED
DeiT-Tiny,deit_tiny_patch16_224,f0b707f051e6643293c66143e225044e3e59bd68cbdfca8a287534a5ffbdf741,Static Feature-PCA q=32,8,98,32,float32,NVIDIA GeForce RTX 5070 Laptop GPU,2.11.0+cu128,12.8,disabled,"{""flash"": true, ""math"": true, ""mem_efficient"": true}",50,100,26.935104370117188,26.606544494628906,27.255431652069092,0.8417220115661621,1188.0406907018337,216.2255859375,302.0,True,forward_with_carriers -> forward_prefix_only + forward_suffix_from_hidden,MEASURED
DeiT-Tiny,deit_tiny_patch16_224,f0b707f051e6643293c66143e225044e3e59bd68cbdfca8a287534a5ffbdf741,Selective Feature-PCA q16 target30,8,98,32,float32,NVIDIA GeForce RTX 5070 Laptop GPU,2.11.0+cu128,12.8,disabled,"{""flash"": true, ""math"": true, ""mem_efficient"": true}",50,100,20.025792121887207,19.770344734191895,20.434399127960205,0.6258060038089752,1597.939287756092,144.3837890625,230.0,True,forward_with_carriers -> forward_prefix_only + forward_suffix_from_hidden,MEASURED
DeiT-Tiny,deit_tiny_patch16_224,f0b707f051e6643293c66143e225044e3e59bd68cbdfca8a287534a5ffbdf741,Clean,8,98,64,float32,NVIDIA GeForce RTX 5070 Laptop GPU,2.11.0+cu128,12.8,disabled,"{""flash"": true, ""math"": true, ""mem_efficient"": true}",50,100,26.69183921813965,26.573559284210205,26.900951385498047,0.417059987783432,2397.736606944114,178.51953125,228.0,True,model.forward,MEASURED
DeiT-Tiny,deit_tiny_patch16_224,f0b707f051e6643293c66143e225044e3e59bd68cbdfca8a287534a5ffbdf741,Hybrid Group Mean,8,98,64,float32,NVIDIA GeForce RTX 5070 Laptop GPU,2.11.0+cu128,12.8,disabled,"{""flash"": true, ""math"": true, ""mem_efficient"": true}",50,100,27.76028823852539,27.16706371307373,28.508063316345215,0.43375450372695923,2305.451566283868,169.58203125,226.0,True,forward_with_carriers -> forward_prefix_only + forward_suffix_from_hidden,MEASURED
DeiT-Tiny,deit_tiny_patch16_224,f0b707f051e6643293c66143e225044e3e59bd68cbdfca8a287534a5ffbdf741,Static Feature-PCA q=16,8,98,64,float32,NVIDIA GeForce RTX 5070 Laptop GPU,2.11.0+cu128,12.8,disabled,"{""flash"": true, ""math"": true, ""mem_efficient"": true}",50,100,34.659183502197266,34.489943504333496,34.89340686798096,0.5415497422218323,1846.5524439126684,252.8935546875,374.0,True,forward_with_carriers -> forward_prefix_only + forward_suffix_from_hidden,MEASURED
DeiT-Tiny,deit_tiny_patch16_224,f0b707f051e6643293c66143e225044e3e59bd68cbdfca8a287534a5ffbdf741,Static Feature-PCA q=32,8,98,64,float32,NVIDIA GeForce RTX 5070 Laptop GPU,2.11.0+cu128,12.8,disabled,"{""flash"": true, ""math"": true, ""mem_efficient"": true}",50,100,47.60508728027344,47.194889068603516,48.01659965515137,0.7438294887542725,1344.394132148147,400.9091796875,522.0,True,forward_with_carriers -> forward_prefix_only + forward_suffix_from_hidden,MEASURED
DeiT-Tiny,deit_tiny_patch16_224,f0b707f051e6643293c66143e225044e3e59bd68cbdfca8a287534a5ffbdf741,Selective Feature-PCA q16 target30,8,98,64,float32,NVIDIA GeForce RTX 5070 Laptop GPU,2.11.0+cu128,12.8,disabled,"{""flash"": true, ""math"": true, ""mem_efficient"": true}",50,100,34.9478874206543,34.80232048034668,35.237135887145996,0.5460607409477234,1831.298104794049,259.6728515625,374.0,True,forward_with_carriers -> forward_prefix_only + forward_suffix_from_hidden,MEASURED
DeiT-Small,deit_small_patch16_224,9cc8d3502a88115f32ba516560697d043dc82e00144147347f559adf5dc377f6,Clean,8,98,1,float32,NVIDIA GeForce RTX 5070 Laptop GPU,2.11.0+cu128,12.8,disabled,"{""flash"": true, ""math"": true, ""mem_efficient"": true}",50,100,7.482752084732056,7.395807862281799,7.656376123428345,7.482752084732056,133.64066972637224,98.90771484375,150.0,True,model.forward,MEASURED
DeiT-Small,deit_small_patch16_224,9cc8d3502a88115f32ba516560697d043dc82e00144147347f559adf5dc377f6,Hybrid Group Mean,8,98,1,float32,NVIDIA GeForce RTX 5070 Laptop GPU,2.11.0+cu128,12.8,disabled,"{""flash"": true, ""math"": true, ""mem_efficient"": true}",50,100,14.008768081665039,13.842671871185303,14.273312330245972,14.008768081665039,71.38386431772115,98.619140625,152.0,True,forward_with_carriers -> forward_prefix_only + forward_suffix_from_hidden,MEASURED
DeiT-Small,deit_small_patch16_224,9cc8d3502a88115f32ba516560697d043dc82e00144147347f559adf5dc377f6,Static Feature-PCA q=16,8,98,1,float32,NVIDIA GeForce RTX 5070 Laptop GPU,2.11.0+cu128,12.8,disabled,"{""flash"": true, ""math"": true, ""mem_efficient"": true}",50,100,14.956399917602539,14.79423213005066,15.269176006317139,14.956399917602539,66.86100970214606,100.72314453125,152.0,True,forward_with_carriers -> forward_prefix_only + forward_suffix_from_hidden,MEASURED
DeiT-Small,deit_small_patch16_224,9cc8d3502a88115f32ba516560697d043dc82e00144147347f559adf5dc377f6,Static Feature-PCA q=32,8,98,1,float32,NVIDIA GeForce RTX 5070 Laptop GPU,2.11.0+cu128,12.8,disabled,"{""flash"": true, ""math"": true, ""mem_efficient"": true}",50,100,15.663167953491211,15.401983737945557,15.928935766220093,15.663167953491211,63.84404502137174,105.34033203125,152.0,True,forward_with_carriers -> forward_prefix_only + forward_suffix_from_hidden,MEASURED
DeiT-Small,deit_small_patch16_224,9cc8d3502a88115f32ba516560697d043dc82e00144147347f559adf5dc377f6,Selective Feature-PCA q16 target30,8,98,1,float32,NVIDIA GeForce RTX 5070 Laptop GPU,2.11.0+cu128,12.8,disabled,"{""flash"": true, ""math"": true, ""mem_efficient"": true}",50,100,15.38215970993042,15.140536069869995,15.707871913909912,15.38215970993042,65.01037688188998,100.89453125,152.0,True,forward_with_carriers -> forward_prefix_only + forward_suffix_from_hidden,MEASURED
DeiT-Small,deit_small_patch16_224,9cc8d3502a88115f32ba516560697d043dc82e00144147347f559adf5dc377f6,Clean,8,98,8,float32,NVIDIA GeForce RTX 5070 Laptop GPU,2.11.0+cu128,12.8,disabled,"{""flash"": true, ""math"": true, ""mem_efficient"": true}",50,100,10.239552021026611,10.229112148284912,10.250208139419556,1.2799440026283264,781.2841795785832,127.44091796875,148.0,True,model.forward,MEASURED
DeiT-Small,deit_small_patch16_224,9cc8d3502a88115f32ba516560697d043dc82e00144147347f559adf5dc377f6,Hybrid Group Mean,8,98,8,float32,NVIDIA GeForce RTX 5070 Laptop GPU,2.11.0+cu128,12.8,disabled,"{""flash"": true, ""math"": true, ""mem_efficient"": true}",50,100,14.748015880584717,14.584743738174438,14.985935926437378,1.8435019850730896,542.4458493112785,125.14404296875,148.0,True,forward_with_carriers -> forward_prefix_only + forward_suffix_from_hidden,MEASURED
DeiT-Small,deit_small_patch16_224,9cc8d3502a88115f32ba516560697d043dc82e00144147347f559adf5dc377f6,Static Feature-PCA q=16,8,98,8,float32,NVIDIA GeForce RTX 5070 Laptop GPU,2.11.0+cu128,12.8,disabled,"{""flash"": true, ""math"": true, ""mem_efficient"": true}",50,100,15.914703845977783,15.70913577079773,16.39262342453003,1.989337980747223,502.67979080376585,155.70263671875,176.0,True,forward_with_carriers -> forward_prefix_only + forward_suffix_from_hidden,MEASURED
DeiT-Small,deit_small_patch16_224,9cc8d3502a88115f32ba516560697d043dc82e00144147347f559adf5dc377f6,Static Feature-PCA q=32,8,98,8,float32,NVIDIA GeForce RTX 5070 Laptop GPU,2.11.0+cu128,12.8,disabled,"{""flash"": true, ""math"": true, ""mem_efficient"": true}",50,100,19.694191932678223,19.562544345855713,19.92802381515503,2.461773991584778,406.2111320610084,182.01123046875,224.0,True,forward_with_carriers -> forward_prefix_only + forward_suffix_from_hidden,MEASURED
DeiT-Small,deit_small_patch16_224,9cc8d3502a88115f32ba516560697d043dc82e00144147347f559adf5dc377f6,Selective Feature-PCA q16 target30,8,98,8,float32,NVIDIA GeForce RTX 5070 Laptop GPU,2.11.0+cu128,12.8,disabled,"{""flash"": true, ""math"": true, ""mem_efficient"": true}",50,100,16.08364772796631,15.965912103652954,16.235544204711914,2.0104559659957886,497.3996033306281,155.70263671875,176.0,True,forward_with_carriers -> forward_prefix_only + forward_suffix_from_hidden,MEASURED
DeiT-Small,deit_small_patch16_224,9cc8d3502a88115f32ba516560697d043dc82e00144147347f559adf5dc377f6,Clean,8,98,16,float32,NVIDIA GeForce RTX 5070 Laptop GPU,2.11.0+cu128,12.8,disabled,"{""flash"": true, ""math"": true, ""mem_efficient"": true}",50,100,19.946431159973145,19.906936168670654,20.010376453399658,1.2466519474983215,802.1485082558269,158.89794921875,188.0,True,model.forward,MEASURED
DeiT-Small,deit_small_patch16_224,9cc8d3502a88115f32ba516560697d043dc82e00144147347f559adf5dc377f6,Hybrid Group Mean,8,98,16,float32,NVIDIA GeForce RTX 5070 Laptop GPU,2.11.0+cu128,12.8,disabled,"{""flash"": true, ""math"": true, ""mem_efficient"": true}",50,100,21.524991989135742,21.39887237548828,21.66380786895752,1.3453119993209839,743.3219955703418,154.28076171875,188.0,True,forward_with_carriers -> forward_prefix_only + forward_suffix_from_hidden,MEASURED
DeiT-Small,deit_small_patch16_224,9cc8d3502a88115f32ba516560697d043dc82e00144147347f559adf5dc377f6,Static Feature-PCA q=16,8,98,16,float32,NVIDIA GeForce RTX 5070 Laptop GPU,2.11.0+cu128,12.8,disabled,"{""flash"": true, ""math"": true, ""mem_efficient"": true}",50,100,24.972111701965332,24.590272426605225,25.348912715911865,1.5607569813728333,640.7147377424546,196.35498046875,292.0,True,forward_with_carriers -> forward_prefix_only + forward_suffix_from_hidden,MEASURED
DeiT-Small,deit_small_patch16_224,9cc8d3502a88115f32ba516560697d043dc82e00144147347f559adf5dc377f6,Static Feature-PCA q=32,8,98,16,float32,NVIDIA GeForce RTX 5070 Laptop GPU,2.11.0+cu128,12.8,disabled,"{""flash"": true, ""math"": true, ""mem_efficient"": true}",50,100,31.748767852783203,31.62218475341797,31.96247148513794,1.9842979907989502,503.956565312735,270.06298828125,336.0,True,forward_with_carriers -> forward_prefix_only + forward_suffix_from_hidden,MEASURED
DeiT-Small,deit_small_patch16_224,9cc8d3502a88115f32ba516560697d043dc82e00144147347f559adf5dc377f6,Selective Feature-PCA q16 target30,8,98,16,float32,NVIDIA GeForce RTX 5070 Laptop GPU,2.11.0+cu128,12.8,disabled,"{""flash"": true, ""math"": true, ""mem_efficient"": true}",50,100,25.26200008392334,24.69437551498413,26.622856616973877,1.5788750052452087,633.3623603375075,199.02783203125,292.0,True,forward_with_carriers -> forward_prefix_only + forward_suffix_from_hidden,MEASURED
DeiT-Small,deit_small_patch16_224,9cc8d3502a88115f32ba516560697d043dc82e00144147347f559adf5dc377f6,Clean,8,98,32,float32,NVIDIA GeForce RTX 5070 Laptop GPU,2.11.0+cu128,12.8,disabled,"{""flash"": true, ""math"": true, ""mem_efficient"": true}",50,100,39.45470428466797,39.42445468902588,39.48980712890625,1.232959508895874,811.0566428053332,223.49169921875,292.0,True,model.forward,MEASURED
DeiT-Small,deit_small_patch16_224,9cc8d3502a88115f32ba516560697d043dc82e00144147347f559adf5dc377f6,Hybrid Group Mean,8,98,32,float32,NVIDIA GeForce RTX 5070 Laptop GPU,2.11.0+cu128,12.8,disabled,"{""flash"": true, ""math"": true, ""mem_efficient"": true}",50,100,37.607696533203125,37.445335388183594,37.813279151916504,1.1752405166625977,850.8896569016878,214.55419921875,272.0,True,forward_with_carriers -> forward_prefix_only + forward_suffix_from_hidden,MEASURED
DeiT-Small,deit_small_patch16_224,9cc8d3502a88115f32ba516560697d043dc82e00144147347f559adf5dc377f6,Static Feature-PCA q=16,8,98,32,float32,NVIDIA GeForce RTX 5070 Laptop GPU,2.11.0+cu128,12.8,disabled,"{""flash"": true, ""math"": true, ""mem_efficient"": true}",50,100,44.89950370788574,44.72599124908447,45.126888275146484,1.4031094908714294,712.7027552061742,297.62548828125,420.0,True,forward_with_carriers -> forward_prefix_only + forward_suffix_from_hidden,MEASURED
DeiT-Small,deit_small_patch16_224,9cc8d3502a88115f32ba516560697d043dc82e00144147347f559adf5dc377f6,Static Feature-PCA q=32,8,98,32,float32,NVIDIA GeForce RTX 5070 Laptop GPU,2.11.0+cu128,12.8,disabled,"{""flash"": true, ""math"": true, ""mem_efficient"": true}",50,100,60.22036933898926,60.011576652526855,60.468750953674316,1.8818865418434143,531.38166290325,445.65087890625,568.0,True,forward_with_carriers -> forward_prefix_only + forward_suffix_from_hidden,MEASURED
DeiT-Small,deit_small_patch16_224,9cc8d3502a88115f32ba516560697d043dc82e00144147347f559adf5dc377f6,Selective Feature-PCA q16 target30,8,98,32,float32,NVIDIA GeForce RTX 5070 Laptop GPU,2.11.0+cu128,12.8,disabled,"{""flash"": true, ""math"": true, ""mem_efficient"": true}",50,100,45.073007583618164,44.796112060546875,45.42182540893555,1.4085314869880676,709.9592797448563,303.59423828125,420.0,True,forward_with_carriers -> forward_prefix_only + forward_suffix_from_hidden,MEASURED
DeiT-Small,deit_small_patch16_224,9cc8d3502a88115f32ba516560697d043dc82e00144147347f559adf5dc377f6,Clean,8,98,64,float32,NVIDIA GeForce RTX 5070 Laptop GPU,2.11.0+cu128,12.8,disabled,"{""flash"": true, ""math"": true, ""mem_efficient"": true}",50,100,78.73947143554688,78.71875381469727,78.77448272705078,1.23030424118042,812.8070817999833,352.92919921875,450.0,True,model.forward,MEASURED
DeiT-Small,deit_small_patch16_224,9cc8d3502a88115f32ba516560697d043dc82e00144147347f559adf5dc377f6,Hybrid Group Mean,8,98,64,float32,NVIDIA GeForce RTX 5070 Laptop GPU,2.11.0+cu128,12.8,disabled,"{""flash"": true, ""math"": true, ""mem_efficient"": true}",50,100,70.59732818603516,70.26707077026367,71.77236747741699,1.1030832529067993,906.5498885644772,334.46044921875,430.0,True,forward_with_carriers -> forward_prefix_only + forward_suffix_from_hidden,MEASURED
DeiT-Small,deit_small_patch16_224,9cc8d3502a88115f32ba516560697d043dc82e00144147347f559adf5dc377f6,Static Feature-PCA q=16,8,98,64,float32,NVIDIA GeForce RTX 5070 Laptop GPU,2.11.0+cu128,12.8,disabled,"{""flash"": true, ""math"": true, ""mem_efficient"": true}",50,100,85.07236862182617,84.82396125793457,85.46152877807617,1.329255759716034,752.3006710263402,500.75244140625,746.0,True,forward_with_carriers -> forward_prefix_only + forward_suffix_from_hidden,MEASURED
DeiT-Small,deit_small_patch16_224,9cc8d3502a88115f32ba516560697d043dc82e00144147347f559adf5dc377f6,Static Feature-PCA q=32,8,98,64,float32,NVIDIA GeForce RTX 5070 Laptop GPU,2.11.0+cu128,12.8,disabled,"{""flash"": true, ""math"": true, ""mem_efficient"": true}",50,100,116.5201301574707,116.2677173614502,116.6983585357666,1.8206270337104797,549.2613157358084,792.77978515625,1018.0,True,forward_with_carriers -> forward_prefix_only + forward_suffix_from_hidden,MEASURED
DeiT-Small,deit_small_patch16_224,9cc8d3502a88115f32ba516560697d043dc82e00144147347f559adf5dc377f6,Selective Feature-PCA q16 target30,8,98,64,float32,NVIDIA GeForce RTX 5070 Laptop GPU,2.11.0+cu128,12.8,disabled,"{""flash"": true, ""math"": true, ""mem_efficient"": true}",50,100,85.69598388671875,85.33142471313477,86.14481544494629,1.3389997482299805,746.826129968954,510.93798828125,746.0,True,forward_with_carriers -> forward_prefix_only + forward_suffix_from_hidden,MEASURED
ViT-B/16 AugReg,vit_base_patch16_224.augreg_in1k,167c33a7ad88a6ace79d302775d7d89aa3c3967c597fa9e45259a0a14be75d68,Clean,7,98,1,float32,NVIDIA GeForce RTX 5070 Laptop GPU,2.11.0+cu128,12.8,disabled,"{""flash"": true, ""math"": true, ""mem_efficient"": true}",50,100,7.30182409286499,7.097767949104309,7.646376132965088,7.30182409286499,136.95208036813082,347.4794921875,426.0,True,model.forward,MEASURED
ViT-B/16 AugReg,vit_base_patch16_224.augreg_in1k,167c33a7ad88a6ace79d302775d7d89aa3c3967c597fa9e45259a0a14be75d68,Hybrid Group Mean,7,98,1,float32,NVIDIA GeForce RTX 5070 Laptop GPU,2.11.0+cu128,12.8,disabled,"{""flash"": true, ""math"": true, ""mem_efficient"": true}",50,100,14.26417589187622,14.026184320449829,14.59283971786499,14.26417589187622,70.10569748859612,348.39599609375,390.0,True,forward_with_carriers -> forward_prefix_only + forward_suffix_from_hidden,MEASURED
ViT-B/16 AugReg,vit_base_patch16_224.augreg_in1k,167c33a7ad88a6ace79d302775d7d89aa3c3967c597fa9e45259a0a14be75d68,Static Feature-PCA q=16,7,98,1,float32,NVIDIA GeForce RTX 5070 Laptop GPU,2.11.0+cu128,12.8,disabled,"{""flash"": true, ""math"": true, ""mem_efficient"": true}",50,100,16.549903869628906,15.669424057006836,18.111823558807373,16.549903869628906,60.42331169277195,353.32421875,410.0,True,forward_with_carriers -> forward_prefix_only + forward_suffix_from_hidden,MEASURED
ViT-B/16 AugReg,vit_base_patch16_224.augreg_in1k,167c33a7ad88a6ace79d302775d7d89aa3c3967c597fa9e45259a0a14be75d68,Static Feature-PCA q=32,7,98,1,float32,NVIDIA GeForce RTX 5070 Laptop GPU,2.11.0+cu128,12.8,disabled,"{""flash"": true, ""math"": true, ""mem_efficient"": true}",50,100,15.874687671661377,15.593960046768188,16.440328121185303,15.874687671661377,62.993365329961435,361.39990234375,410.0,True,forward_with_carriers -> forward_prefix_only + forward_suffix_from_hidden,MEASURED
ViT-B/16 AugReg,vit_base_patch16_224.augreg_in1k,167c33a7ad88a6ace79d302775d7d89aa3c3967c597fa9e45259a0a14be75d68,Selective Feature-PCA q16 target30,7,98,1,float32,NVIDIA GeForce RTX 5070 Laptop GPU,2.11.0+cu128,12.8,disabled,"{""flash"": true, ""math"": true, ""mem_efficient"": true}",50,100,15.59486436843872,15.312607765197754,15.989911794662476,15.59486436843872,64.12367407464122,354.1865234375,410.0,True,forward_with_carriers -> forward_prefix_only + forward_suffix_from_hidden,MEASURED
ViT-B/16 AugReg,vit_base_patch16_224.augreg_in1k,167c33a7ad88a6ace79d302775d7d89aa3c3967c597fa9e45259a0a14be75d68,Clean,7,98,8,float32,NVIDIA GeForce RTX 5070 Laptop GPU,2.11.0+cu128,12.8,disabled,"{""flash"": true, ""math"": true, ""mem_efficient"": true}",50,100,35.132320404052734,35.06151294708252,35.231950759887695,4.391540050506592,227.71054994355424,400.1513671875,478.0,True,model.forward,MEASURED
ViT-B/16 AugReg,vit_base_patch16_224.augreg_in1k,167c33a7ad88a6ace79d302775d7d89aa3c3967c597fa9e45259a0a14be75d68,Hybrid Group Mean,7,98,8,float32,NVIDIA GeForce RTX 5070 Laptop GPU,2.11.0+cu128,12.8,disabled,"{""flash"": true, ""math"": true, ""mem_efficient"": true}",50,100,32.85281562805176,32.603031158447266,33.11807155609131,4.10660195350647,243.5103307604815,395.5107421875,458.0,True,forward_with_carriers -> forward_prefix_only + forward_suffix_from_hidden,MEASURED
ViT-B/16 AugReg,vit_base_patch16_224.augreg_in1k,167c33a7ad88a6ace79d302775d7d89aa3c3967c597fa9e45259a0a14be75d68,Static Feature-PCA q=16,7,98,8,float32,NVIDIA GeForce RTX 5070 Laptop GPU,2.11.0+cu128,12.8,disabled,"{""flash"": true, ""math"": true, ""mem_efficient"": true}",50,100,36.13832092285156,35.7993106842041,36.39338397979736,4.517290115356445,221.37165744580324,436.79150390625,562.0,True,forward_with_carriers -> forward_prefix_only + forward_suffix_from_hidden,MEASURED
ViT-B/16 AugReg,vit_base_patch16_224.augreg_in1k,167c33a7ad88a6ace79d302775d7d89aa3c3967c597fa9e45259a0a14be75d68,Static Feature-PCA q=32,7,98,8,float32,NVIDIA GeForce RTX 5070 Laptop GPU,2.11.0+cu128,12.8,disabled,"{""flash"": true, ""math"": true, ""mem_efficient"": true}",50,100,43.70800018310547,43.53352642059326,43.91672134399414,5.463500022888184,183.03285363058671,511.3388671875,634.0,True,forward_with_carriers -> forward_prefix_only + forward_suffix_from_hidden,MEASURED
ViT-B/16 AugReg,vit_base_patch16_224.augreg_in1k,167c33a7ad88a6ace79d302775d7d89aa3c3967c597fa9e45259a0a14be75d68,Selective Feature-PCA q16 target30,7,98,8,float32,NVIDIA GeForce RTX 5070 Laptop GPU,2.11.0+cu128,12.8,disabled,"{""flash"": true, ""math"": true, ""mem_efficient"": true}",50,100,36.205488204956055,35.92487144470215,36.40324878692627,4.525686025619507,220.96097571486152,439.46484375,562.0,True,forward_with_carriers -> forward_prefix_only + forward_suffix_from_hidden,MEASURED
ViT-B/16 AugReg,vit_base_patch16_224.augreg_in1k,167c33a7ad88a6ace79d302775d7d89aa3c3967c597fa9e45259a0a14be75d68,Clean,7,98,16,float32,NVIDIA GeForce RTX 5070 Laptop GPU,2.11.0+cu128,12.8,disabled,"{""flash"": true, ""math"": true, ""mem_efficient"": true}",50,100,66.5169906616211,66.43427276611328,66.57492256164551,4.157311916351318,240.54004609729984,459.9794921875,548.0,True,model.forward,MEASURED
ViT-B/16 AugReg,vit_base_patch16_224.augreg_in1k,167c33a7ad88a6ace79d302775d7d89aa3c3967c597fa9e45259a0a14be75d68,Hybrid Group Mean,7,98,16,float32,NVIDIA GeForce RTX 5070 Laptop GPU,2.11.0+cu128,12.8,disabled,"{""flash"": true, ""math"": true, ""mem_efficient"": true}",50,100,58.23983955383301,57.979817390441895,58.671518325805664,3.639989972114563,274.7260315717503,450.7451171875,548.0,True,forward_with_carriers -> forward_prefix_only + forward_suffix_from_hidden,MEASURED
ViT-B/16 AugReg,vit_base_patch16_224.augreg_in1k,167c33a7ad88a6ace79d302775d7d89aa3c3967c597fa9e45259a0a14be75d68,Static Feature-PCA q=16,7,98,16,float32,NVIDIA GeForce RTX 5070 Laptop GPU,2.11.0+cu128,12.8,disabled,"{""flash"": true, ""math"": true, ""mem_efficient"": true}",50,100,65.20630264282227,64.86355972290039,65.6543197631836,4.075393915176392,245.37505350736578,534.0888671875,696.0,True,forward_with_carriers -> forward_prefix_only + forward_suffix_from_hidden,MEASURED
ViT-B/16 AugReg,vit_base_patch16_224.augreg_in1k,167c33a7ad88a6ace79d302775d7d89aa3c3967c597fa9e45259a0a14be75d68,Static Feature-PCA q=32,7,98,16,float32,NVIDIA GeForce RTX 5070 Laptop GPU,2.11.0+cu128,12.8,disabled,"{""flash"": true, ""math"": true, ""mem_efficient"": true}",50,100,80.06011199951172,79.69582557678223,80.70949745178223,5.003756999969482,199.8498328368262,682.13671875,844.0,True,forward_with_carriers -> forward_prefix_only + forward_suffix_from_hidden,MEASURED
ViT-B/16 AugReg,vit_base_patch16_224.augreg_in1k,167c33a7ad88a6ace79d302775d7d89aa3c3967c597fa9e45259a0a14be75d68,Selective Feature-PCA q16 target30,7,98,16,float32,NVIDIA GeForce RTX 5070 Laptop GPU,2.11.0+cu128,12.8,disabled,"{""flash"": true, ""math"": true, ""mem_efficient"": true}",50,100,65.48452758789062,65.18595314025879,66.27585792541504,4.092782974243164,244.33252539732322,540.10546875,696.0,True,forward_with_carriers -> forward_prefix_only + forward_suffix_from_hidden,MEASURED
ViT-B/16 AugReg,vit_base_patch16_224.augreg_in1k,167c33a7ad88a6ace79d302775d7d89aa3c3967c597fa9e45259a0a14be75d68,Clean,7,98,32,float32,NVIDIA GeForce RTX 5070 Laptop GPU,2.11.0+cu128,12.8,disabled,"{""flash"": true, ""math"": true, ""mem_efficient"": true}",50,100,132.62783813476562,130.7320442199707,133.01252365112305,4.144619941711426,241.27664636653583,580.2294921875,688.0,True,model.forward,MEASURED
ViT-B/16 AugReg,vit_base_patch16_224.augreg_in1k,167c33a7ad88a6ace79d302775d7d89aa3c3967c597fa9e45259a0a14be75d68,Hybrid Group Mean,7,98,32,float32,NVIDIA GeForce RTX 5070 Laptop GPU,2.11.0+cu128,12.8,disabled,"{""flash"": true, ""math"": true, ""mem_efficient"": true}",50,100,110.10236740112305,108.92648696899414,110.76716613769531,3.440698981285095,290.63861890833056,561.7607421875,688.0,True,forward_with_carriers -> forward_prefix_only + forward_suffix_from_hidden,MEASURED
ViT-B/16 AugReg,vit_base_patch16_224.augreg_in1k,167c33a7ad88a6ace79d302775d7d89aa3c3967c597fa9e45259a0a14be75d68,Static Feature-PCA q=16,7,98,32,float32,NVIDIA GeForce RTX 5070 Laptop GPU,2.11.0+cu128,12.8,disabled,"{""flash"": true, ""math"": true, ""mem_efficient"": true}",50,100,123.15216064453125,122.52045440673828,124.71585464477539,3.8485050201416016,259.8411577395334,728.07421875,984.0,True,forward_with_carriers -> forward_prefix_only + forward_suffix_from_hidden,MEASURED
ViT-B/16 AugReg,vit_base_patch16_224.augreg_in1k,167c33a7ad88a6ace79d302775d7d89aa3c3967c597fa9e45259a0a14be75d68,Static Feature-PCA q=32,7,98,32,float32,NVIDIA GeForce RTX 5070 Laptop GPU,2.11.0+cu128,12.8,disabled,"{""flash"": true, ""math"": true, ""mem_efficient"": true}",50,100,153.16522979736328,152.9114761352539,153.44155502319336,4.7864134311676025,208.9247020510844,1020.123046875,1276.0,True,forward_with_carriers -> forward_prefix_only + forward_suffix_from_hidden,MEASURED
ViT-B/16 AugReg,vit_base_patch16_224.augreg_in1k,167c33a7ad88a6ace79d302775d7d89aa3c3967c597fa9e45259a0a14be75d68,Selective Feature-PCA q16 target30,7,98,32,float32,NVIDIA GeForce RTX 5070 Laptop GPU,2.11.0+cu128,12.8,disabled,"{""flash"": true, ""math"": true, ""mem_efficient"": true}",50,100,123.01804733276367,122.70245742797852,123.56100463867188,3.8443139791488647,260.12443453471536,738.44921875,984.0,True,forward_with_carriers -> forward_prefix_only + forward_suffix_from_hidden,MEASURED
ViT-B/16 AugReg,vit_base_patch16_224.augreg_in1k,167c33a7ad88a6ace79d302775d7d89aa3c3967c597fa9e45259a0a14be75d68,Clean,7,98,64,float32,NVIDIA GeForce RTX 5070 Laptop GPU,2.11.0+cu128,12.8,disabled,"{""flash"": true, ""math"": true, ""mem_efficient"": true}",50,100,267.66416931152344,265.9732666015625,270.50584411621094,4.182252645492554,239.10559326867917,820.4794921875,1002.0,True,model.forward,MEASURED
ViT-B/16 AugReg,vit_base_patch16_224.augreg_in1k,167c33a7ad88a6ace79d302775d7d89aa3c3967c597fa9e45259a0a14be75d68,Hybrid Group Mean,7,98,64,float32,NVIDIA GeForce RTX 5070 Laptop GPU,2.11.0+cu128,12.8,disabled,"{""flash"": true, ""math"": true, ""mem_efficient"": true}",50,100,215.3896484375,213.84408569335938,216.97642135620117,3.3654632568359375,297.1359137464352,783.5419921875,982.0,True,forward_with_carriers -> forward_prefix_only + forward_suffix_from_hidden,MEASURED
ViT-B/16 AugReg,vit_base_patch16_224.augreg_in1k,167c33a7ad88a6ace79d302775d7d89aa3c3967c597fa9e45259a0a14be75d68,Static Feature-PCA q=16,7,98,64,float32,NVIDIA GeForce RTX 5070 Laptop GPU,2.11.0+cu128,12.8,disabled,"{""flash"": true, ""math"": true, ""mem_efficient"": true}",50,100,243.08866119384766,241.52728271484375,245.35033416748047,3.7982603311538696,263.2784255986506,1112.044921875,1570.0,True,forward_with_carriers -> forward_prefix_only + forward_suffix_from_hidden,MEASURED
ViT-B/16 AugReg,vit_base_patch16_224.augreg_in1k,167c33a7ad88a6ace79d302775d7d89aa3c3967c597fa9e45259a0a14be75d68,Static Feature-PCA q=32,7,98,64,float32,NVIDIA GeForce RTX 5070 Laptop GPU,2.11.0+cu128,12.8,disabled,"{""flash"": true, ""math"": true, ""mem_efficient"": true}",50,100,302.2131805419922,301.7418212890625,302.76236724853516,4.722080945968628,211.771041505277,1700.095703125,2158.0,True,forward_with_carriers -> forward_prefix_only + forward_suffix_from_hidden,MEASURED
ViT-B/16 AugReg,vit_base_patch16_224.augreg_in1k,167c33a7ad88a6ace79d302775d7d89aa3c3967c597fa9e45259a0a14be75d68,Selective Feature-PCA q16 target30,7,98,64,float32,NVIDIA GeForce RTX 5070 Laptop GPU,2.11.0+cu128,12.8,disabled,"{""flash"": true, ""math"": true, ""mem_efficient"": true}",50,100,242.7533416748047,241.9530487060547,244.3585090637207,3.7930209636688232,263.64209678207095,1135.66796875,1570.0,True,forward_with_carriers -> forward_prefix_only + forward_suffix_from_hidden,MEASURED
DINOv2 ViT-S/14,dinov2_vits14_lc,4321796b589ff20a5742983c6d3e0f480bf3bbf8255f3f9fad39445ab8ffc2b1,Clean,8,128,1,float32,NVIDIA GeForce RTX 5070 Laptop GPU,2.11.0+cu128,12.8,disabled,"{""flash"": true, ""math"": true, ""mem_efficient"": true}",50,100,8.398288249969482,8.271896123886108,8.68179178237915,8.398288249969482,119.0718834881184,101.8505859375,152.0,True,model.forward,MEASURED
DINOv2 ViT-S/14,dinov2_vits14_lc,4321796b589ff20a5742983c6d3e0f480bf3bbf8255f3f9fad39445ab8ffc2b1,Hybrid Group Mean,8,128,1,float32,NVIDIA GeForce RTX 5070 Laptop GPU,2.11.0+cu128,12.8,disabled,"{""flash"": true, ""math"": true, ""mem_efficient"": true}",50,100,16.920751571655273,16.640392303466797,17.381056308746338,16.920751571655273,59.099029718936706,101.8505859375,116.0,True,forward_with_carriers -> forward_prefix_only + forward_suffix_from_hidden,MEASURED
DINOv2 ViT-S/14,dinov2_vits14_lc,4321796b589ff20a5742983c6d3e0f480bf3bbf8255f3f9fad39445ab8ffc2b1,Static Feature-PCA q=16,8,128,1,float32,NVIDIA GeForce RTX 5070 Laptop GPU,2.11.0+cu128,12.8,disabled,"{""flash"": true, ""math"": true, ""mem_efficient"": true}",50,100,17.87395191192627,17.58631944656372,18.184592247009277,17.87395191192627,55.94733637683992,105.36328125,116.0,True,forward_with_carriers -> forward_prefix_only + forward_suffix_from_hidden,MEASURED
DINOv2 ViT-S/14,dinov2_vits14_lc,4321796b589ff20a5742983c6d3e0f480bf3bbf8255f3f9fad39445ab8ffc2b1,Static Feature-PCA q=32,8,128,1,float32,NVIDIA GeForce RTX 5070 Laptop GPU,2.11.0+cu128,12.8,disabled,"{""flash"": true, ""math"": true, ""mem_efficient"": true}",50,100,18.989360809326172,18.10247230529785,21.238319873809814,18.989360809326172,52.661066901676534,111.38671875,136.0,True,forward_with_carriers -> forward_prefix_only + forward_suffix_from_hidden,MEASURED
DINOv2 ViT-S/14,dinov2_vits14_lc,4321796b589ff20a5742983c6d3e0f480bf3bbf8255f3f9fad39445ab8ffc2b1,Selective Feature-PCA q16 target30,8,128,1,float32,NVIDIA GeForce RTX 5070 Laptop GPU,2.11.0+cu128,12.8,disabled,"{""flash"": true, ""math"": true, ""mem_efficient"": true}",50,100,19.303232192993164,18.671440601348877,20.660663604736328,19.303232192993164,51.804795694421976,105.580078125,116.0,True,forward_with_carriers -> forward_prefix_only + forward_suffix_from_hidden,MEASURED
DINOv2 ViT-S/14,dinov2_vits14_lc,4321796b589ff20a5742983c6d3e0f480bf3bbf8255f3f9fad39445ab8ffc2b1,Clean,8,128,8,float32,NVIDIA GeForce RTX 5070 Laptop GPU,2.11.0+cu128,12.8,disabled,"{""flash"": true, ""math"": true, ""mem_efficient"": true}",50,100,14.067968368530273,13.984263896942139,14.147775888442993,1.7584960460662842,568.6677557433111,134.85791015625,160.0,True,model.forward,MEASURED
DINOv2 ViT-S/14,dinov2_vits14_lc,4321796b589ff20a5742983c6d3e0f480bf3bbf8255f3f9fad39445ab8ffc2b1,Hybrid Group Mean,8,128,8,float32,NVIDIA GeForce RTX 5070 Laptop GPU,2.11.0+cu128,12.8,disabled,"{""flash"": true, ""math"": true, ""mem_efficient"": true}",50,100,19.646016120910645,17.76542329788208,20.255335807800293,2.4557520151138306,407.20723991898967,135.20556640625,160.0,True,forward_with_carriers -> forward_prefix_only + forward_suffix_from_hidden,MEASURED
DINOv2 ViT-S/14,dinov2_vits14_lc,4321796b589ff20a5742983c6d3e0f480bf3bbf8255f3f9fad39445ab8ffc2b1,Static Feature-PCA q=16,8,128,8,float32,NVIDIA GeForce RTX 5070 Laptop GPU,2.11.0+cu128,12.8,disabled,"{""flash"": true, ""math"": true, ""mem_efficient"": true}",50,100,21.369872093200684,21.05838394165039,21.75208806991577,2.6712340116500854,374.3588153035967,165.9052734375,212.0,True,forward_with_carriers -> forward_prefix_only + forward_suffix_from_hidden,MEASURED
DINOv2 ViT-S/14,dinov2_vits14_lc,4321796b589ff20a5742983c6d3e0f480bf3bbf8255f3f9fad39445ab8ffc2b1,Static Feature-PCA q=32,8,128,8,float32,NVIDIA GeForce RTX 5070 Laptop GPU,2.11.0+cu128,12.8,disabled,"{""flash"": true, ""math"": true, ""mem_efficient"": true}",50,100,27.66539192199707,27.33521604537964,28.21235227584839,3.458173990249634,289.1699500428587,209.9169921875,284.0,True,forward_with_carriers -> forward_prefix_only + forward_suffix_from_hidden,MEASURED
DINOv2 ViT-S/14,dinov2_vits14_lc,4321796b589ff20a5742983c6d3e0f480bf3bbf8255f3f9fad39445ab8ffc2b1,Selective Feature-PCA q16 target30,8,128,8,float32,NVIDIA GeForce RTX 5070 Laptop GPU,2.11.0+cu128,12.8,disabled,"{""flash"": true, ""math"": true, ""mem_efficient"": true}",50,100,21.262255668640137,21.084927558898926,21.796144008636475,2.657781958580017,376.2535887384357,165.9052734375,212.0,True,forward_with_carriers -> forward_prefix_only + forward_suffix_from_hidden,MEASURED
DINOv2 ViT-S/14,dinov2_vits14_lc,4321796b589ff20a5742983c6d3e0f480bf3bbf8255f3f9fad39445ab8ffc2b1,Clean,8,128,16,float32,NVIDIA GeForce RTX 5070 Laptop GPU,2.11.0+cu128,12.8,disabled,"{""flash"": true, ""math"": true, ""mem_efficient"": true}",50,100,27.329391479492188,27.20354413986206,27.38366413116455,1.7080869674682617,585.4502838823288,172.58056640625,224.0,True,model.forward,MEASURED
DINOv2 ViT-S/14,dinov2_vits14_lc,4321796b589ff20a5742983c6d3e0f480bf3bbf8255f3f9fad39445ab8ffc2b1,Hybrid Group Mean,8,128,16,float32,NVIDIA GeForce RTX 5070 Laptop GPU,2.11.0+cu128,12.8,disabled,"{""flash"": true, ""math"": true, ""mem_efficient"": true}",50,100,29.91057586669922,29.574264526367188,30.60865545272827,1.8694109916687012,534.9278486414404,172.58056640625,224.0,True,forward_with_carriers -> forward_prefix_only + forward_suffix_from_hidden,MEASURED
DINOv2 ViT-S/14,dinov2_vits14_lc,4321796b589ff20a5742983c6d3e0f480bf3bbf8255f3f9fad39445ab8ffc2b1,Static Feature-PCA q=16,8,128,16,float32,NVIDIA GeForce RTX 5070 Laptop GPU,2.11.0+cu128,12.8,disabled,"{""flash"": true, ""math"": true, ""mem_efficient"": true}",50,100,34.459136962890625,34.263400077819824,34.70379161834717,2.153696060180664,464.31807091485064,226.4990234375,348.0,True,forward_with_carriers -> forward_prefix_only + forward_suffix_from_hidden,MEASURED
DINOv2 ViT-S/14,dinov2_vits14_lc,4321796b589ff20a5742983c6d3e0f480bf3bbf8255f3f9fad39445ab8ffc2b1,Static Feature-PCA q=32,8,128,16,float32,NVIDIA GeForce RTX 5070 Laptop GPU,2.11.0+cu128,12.8,disabled,"{""flash"": true, ""math"": true, ""mem_efficient"": true}",50,100,43.000064849853516,42.730567932128906,43.32338523864746,2.6875040531158447,372.0924620897288,322.7109375,444.0,True,forward_with_carriers -> forward_prefix_only + forward_suffix_from_hidden,MEASURED
DINOv2 ViT-S/14,dinov2_vits14_lc,4321796b589ff20a5742983c6d3e0f480bf3bbf8255f3f9fad39445ab8ffc2b1,Selective Feature-PCA q16 target30,8,128,16,float32,NVIDIA GeForce RTX 5070 Laptop GPU,2.11.0+cu128,12.8,disabled,"{""flash"": true, ""math"": true, ""mem_efficient"": true}",50,100,34.63979148864746,34.401368141174316,34.85084819793701,2.1649869680404663,461.896544765395,229.92333984375,348.0,True,forward_with_carriers -> forward_prefix_only + forward_suffix_from_hidden,MEASURED
DINOv2 ViT-S/14,dinov2_vits14_lc,4321796b589ff20a5742983c6d3e0f480bf3bbf8255f3f9fad39445ab8ffc2b1,Clean,8,128,32,float32,NVIDIA GeForce RTX 5070 Laptop GPU,2.11.0+cu128,12.8,disabled,"{""flash"": true, ""math"": true, ""mem_efficient"": true}",50,100,54.901376724243164,54.85855960845947,54.938167572021484,1.7156680226325989,582.8633434955293,248.02587890625,332.0,True,model.forward,MEASURED
DINOv2 ViT-S/14,dinov2_vits14_lc,4321796b589ff20a5742983c6d3e0f480bf3bbf8255f3f9fad39445ab8ffc2b1,Hybrid Group Mean,8,128,32,float32,NVIDIA GeForce RTX 5070 Laptop GPU,2.11.0+cu128,12.8,disabled,"{""flash"": true, ""math"": true, ""mem_efficient"": true}",50,100,52.35923194885254,52.10308837890625,52.86131191253662,1.6362259984016418,611.1625172664758,248.02587890625,332.0,True,forward_with_carriers -> forward_prefix_only + forward_suffix_from_hidden,MEASURED
DINOv2 ViT-S/14,dinov2_vits14_lc,4321796b589ff20a5742983c6d3e0f480bf3bbf8255f3f9fad39445ab8ffc2b1,Static Feature-PCA q=16,8,128,32,float32,NVIDIA GeForce RTX 5070 Laptop GPU,2.11.0+cu128,12.8,disabled,"{""flash"": true, ""math"": true, ""mem_efficient"": true}",50,100,61.63049507141113,61.36876106262207,62.16158390045166,1.925952970981598,519.2234779701455,355.7109375,524.0,True,forward_with_carriers -> forward_prefix_only + forward_suffix_from_hidden,MEASURED
DINOv2 ViT-S/14,dinov2_vits14_lc,4321796b589ff20a5742983c6d3e0f480bf3bbf8255f3f9fad39445ab8ffc2b1,Static Feature-PCA q=32,8,128,32,float32,NVIDIA GeForce RTX 5070 Laptop GPU,2.11.0+cu128,12.8,disabled,"{""flash"": true, ""math"": true, ""mem_efficient"": true}",50,100,82.12839889526367,81.69543838500977,83.88206481933594,2.5665124654769897,389.63379817995497,547.736328125,716.0,True,forward_with_carriers -> forward_prefix_only + forward_suffix_from_hidden,MEASURED
DINOv2 ViT-S/14,dinov2_vits14_lc,4321796b589ff20a5742983c6d3e0f480bf3bbf8255f3f9fad39445ab8ffc2b1,Selective Feature-PCA q16 target30,8,128,32,float32,NVIDIA GeForce RTX 5070 Laptop GPU,2.11.0+cu128,12.8,disabled,"{""flash"": true, ""math"": true, ""mem_efficient"": true}",50,100,62.18510437011719,61.94144153594971,62.49415111541748,1.943284511566162,514.5926878170117,362.55615234375,524.0,True,forward_with_carriers -> forward_prefix_only + forward_suffix_from_hidden,MEASURED
DINOv2 ViT-S/14,dinov2_vits14_lc,4321796b589ff20a5742983c6d3e0f480bf3bbf8255f3f9fad39445ab8ffc2b1,Clean,8,128,64,float32,NVIDIA GeForce RTX 5070 Laptop GPU,2.11.0+cu128,12.8,disabled,"{""flash"": true, ""math"": true, ""mem_efficient"": true}",50,100,112.89009857177734,112.80975151062012,112.97173500061035,1.763907790184021,566.9230588837494,398.91650390625,568.0,True,model.forward,MEASURED
DINOv2 ViT-S/14,dinov2_vits14_lc,4321796b589ff20a5742983c6d3e0f480bf3bbf8255f3f9fad39445ab8ffc2b1,Hybrid Group Mean,8,128,64,float32,NVIDIA GeForce RTX 5070 Laptop GPU,2.11.0+cu128,12.8,disabled,"{""flash"": true, ""math"": true, ""mem_efficient"": true}",50,100,100.08809661865234,99.82111930847168,100.47742652893066,1.5638765096664429,639.4366779083399,398.91650390625,536.0,True,forward_with_carriers -> forward_prefix_only + forward_suffix_from_hidden,MEASURED
DINOv2 ViT-S/14,dinov2_vits14_lc,4321796b589ff20a5742983c6d3e0f480bf3bbf8255f3f9fad39445ab8ffc2b1,Static Feature-PCA q=16,8,128,64,float32,NVIDIA GeForce RTX 5070 Laptop GPU,2.11.0+cu128,12.8,disabled,"{""flash"": true, ""math"": true, ""mem_efficient"": true}",50,100,119.61139297485352,119.41438293457031,120.19556999206543,1.8689280152320862,535.0660870027242,614.134765625,920.0,True,forward_with_carriers -> forward_prefix_only + forward_suffix_from_hidden,MEASURED
DINOv2 ViT-S/14,dinov2_vits14_lc,4321796b589ff20a5742983c6d3e0f480bf3bbf8255f3f9fad39445ab8ffc2b1,Static Feature-PCA q=32,8,128,64,float32,NVIDIA GeForce RTX 5070 Laptop GPU,2.11.0+cu128,12.8,disabled,"{""flash"": true, ""math"": true, ""mem_efficient"": true}",50,100,153.02971649169922,152.2538604736328,160.72676467895508,2.3910893201828003,418.21942474468057,998.162109375,1304.0,True,forward_with_carriers -> forward_prefix_only + forward_suffix_from_hidden,MEASURED
DINOv2 ViT-S/14,dinov2_vits14_lc,4321796b589ff20a5742983c6d3e0f480bf3bbf8255f3f9fad39445ab8ffc2b1,Selective Feature-PCA q16 target30,8,128,64,float32,NVIDIA GeForce RTX 5070 Laptop GPU,2.11.0+cu128,12.8,disabled,"{""flash"": true, ""math"": true, ""mem_efficient"": true}",50,100,120.2066879272461,119.81106948852539,121.41380882263184,1.8782294988632202,532.4162998213158,627.82177734375,920.0,True,forward_with_carriers -> forward_prefix_only + forward_suffix_from_hidden,MEASURED
