architecture,budget_tokens,method_vs,baseline,n,delta_top1_pp,mcnemar_pvalue,delta_mean_logit_l2,logit_l2_wilcoxon_pvalue,delta_mean_margin_damage,margin_wilcoxon_pvalue,prediction_flips_rescued,prediction_flips_introduced
DeiT-Tiny,32,Static Feature-PCA q=16,Hybrid Group Mean,1000,-0.2,0.9021585000966994,0.84562309241295,4.968646856448212e-40,-0.051809004783630375,0.082010333862828,37,61
DeiT-Tiny,32,Static Feature-PCA q=32,Hybrid Group Mean,1000,0.1,1.0,0.7699827101230632,2.811281954197002e-31,-0.07180024743080138,0.006439511068950233,41,59
DeiT-Tiny,49,Static Feature-PCA q=16,Hybrid Group Mean,1000,-0.2,0.8854334972865135,0.502045073628425,5.134377520989226e-27,-0.05225733923912046,0.024696701071724125,43,44
DeiT-Tiny,49,Static Feature-PCA q=32,Hybrid Group Mean,1000,0.5,0.5681724128491652,0.43771725046634735,8.015657969669352e-18,-0.06789053010940552,0.0012540389410973921,42,46
DeiT-Tiny,98,Static Feature-PCA q=16,Hybrid Group Mean,1000,-0.2,0.8555355519056321,0.4172522952556621,1.0744540582140336e-40,-0.027835959196090693,0.015760605549386544,26,33
DeiT-Tiny,98,Static Feature-PCA q=32,Hybrid Group Mean,1000,0.1,1.0,0.41018212413787847,4.385635548993574e-37,-0.03508227252960204,0.005346491148385508,24,29
DeiT-Tiny,32,Static Feature-PCA q=32,Static Feature-PCA q=16,1000,0.3,0.7283324808813632,-0.07564038228988679,0.0005265100506247492,-0.019991242647171004,0.03345035050524315,23,23
DeiT-Tiny,49,Static Feature-PCA q=32,Static Feature-PCA q=16,1000,0.7000000000000001,0.11846923828124999,-0.06432782316207764,9.900910545396067e-06,-0.015633190870285057,0.0077069943767605524,18,18
DeiT-Tiny,98,Static Feature-PCA q=32,Static Feature-PCA q=16,1000,0.3,0.629058837890625,-0.00707017111778363,0.7308159186531229,-0.007246313333511348,0.05911312874940332,14,14
DeiT-Small,32,Static Feature-PCA q=16,Hybrid Group Mean,1000,-0.8999999999999999,0.3210841356849955,-0.0439985990524292,0.9094940666013174,0.04247701311111446,0.07993380096684684,48,45
DeiT-Small,32,Static Feature-PCA q=32,Hybrid Group Mean,1000,-1.3,0.12373144253809215,0.23402350759506163,1.7376573160109022e-05,0.03275677347183226,0.458590350805798,46,45
DeiT-Small,49,Static Feature-PCA q=16,Hybrid Group Mean,1000,-1.5,0.03998605682605215,-0.20049427604675252,5.7805310211427875e-06,-0.004125126600265511,0.6083755838216578,37,34
DeiT-Small,49,Static Feature-PCA q=32,Hybrid Group Mean,1000,-1.5,0.035697803555194696,-0.08919447445869366,0.07071022010711325,-0.0026147232055664105,0.8370409731379825,37,35
DeiT-Small,98,Static Feature-PCA q=16,Hybrid Group Mean,1000,-0.1,1.0,0.2812438409328468,2.179774469929264e-18,-0.009144561290740955,0.8536650179804094,28,19
DeiT-Small,98,Static Feature-PCA q=32,Hybrid Group Mean,1000,-0.4,0.5234670639038086,0.29601146388053934,2.4155624628662712e-21,-0.00959104013442992,0.7790539000504466,27,19
DeiT-Small,32,Static Feature-PCA q=32,Static Feature-PCA q=16,1000,-0.4,0.5846647117286922,0.27802210664749083,3.4246352090742164e-42,-0.009720239639282202,0.3319094979454882,22,22
DeiT-Small,49,Static Feature-PCA q=32,Static Feature-PCA q=16,1000,0.0,1.0,0.11129980158805886,8.697729353068434e-19,0.0015104033946991002,0.501102519607936,11,11
DeiT-Small,98,Static Feature-PCA q=32,Static Feature-PCA q=16,1000,-0.3,0.375,0.014767622947692516,0.0005073325118425805,-0.00044647884368896606,0.47500970554052335,5,5
ViT-B/16 AugReg,32,Static Feature-PCA q=16,Hybrid Group Mean,1000,0.2,0.8714146793645341,-0.3038056981563564,3.9527488149260045e-14,-0.07924223375320438,5.264978139062295e-05,24,27
ViT-B/16 AugReg,32,Static Feature-PCA q=32,Hybrid Group Mean,1000,0.1,1.0,-0.49643313002586353,3.857561953029998e-34,-0.07634896111488343,4.46148436761881e-05,24,24
ViT-B/16 AugReg,49,Static Feature-PCA q=16,Hybrid Group Mean,1000,0.7000000000000001,0.28104151505976915,0.011813047647477148,0.8706990449392843,-0.04492913246154784,0.0007474594293438153,20,20
ViT-B/16 AugReg,49,Static Feature-PCA q=32,Hybrid Group Mean,1000,0.4,0.557197093963623,-0.15440673613548306,3.5225390443536064e-10,-0.05078696656227111,7.565024181252187e-05,21,17
ViT-B/16 AugReg,98,Static Feature-PCA q=16,Hybrid Group Mean,1000,0.1,1.0,0.31213485503196736,1.2252412009041468e-60,-0.019543921947479254,0.1729260579155224,10,11
ViT-B/16 AugReg,98,Static Feature-PCA q=32,Hybrid Group Mean,1000,-0.1,1.0,0.20595610928535457,2.0281435602498802e-36,-0.023550578355789192,0.009239280797704032,13,18
ViT-B/16 AugReg,32,Static Feature-PCA q=32,Static Feature-PCA q=16,1000,-0.1,1.0,-0.19262743186950715,2.1826651404758894e-23,0.002893272638320954,0.6534604337312089,7,7
ViT-B/16 AugReg,49,Static Feature-PCA q=32,Static Feature-PCA q=16,1000,-0.3,0.6776394844055176,-0.1662197837829602,2.4697365194330567e-39,-0.005857834100723269,0.35921746693267775,13,13
ViT-B/16 AugReg,98,Static Feature-PCA q=32,Static Feature-PCA q=16,1000,-0.2,0.75390625,-0.10617874574661279,1.657034433105075e-41,-0.004006656408309939,0.10824269962750104,9,9
DINOv2 ViT-S/14,42,Static Feature-PCA q=16,Hybrid Group Mean,1000,-4.5,0.0004473475174537033,4.3363035697937065,5.8720154674053495e-61,0.38393312907218924,2.1082878299295768e-09,67,108
DINOv2 ViT-S/14,42,Static Feature-PCA q=32,Hybrid Group Mean,1000,-4.3,0.000811346632047671,3.1797037448883074,4.551396323468085e-35,0.28370248866081216,1.0981477606715089e-05,64,113
DINOv2 ViT-S/14,64,Static Feature-PCA q=16,Hybrid Group Mean,1000,-0.7000000000000001,0.5467134835988132,1.8986937751770014,1.4332305402998973e-33,0.037433890342712495,0.3158588651446139,58,62
DINOv2 ViT-S/14,64,Static Feature-PCA q=32,Hybrid Group Mean,1000,0.2,0.9170405196524722,1.1008253021240222,4.8734758660923716e-11,-0.0030255017280578222,0.8097391264367746,55,56
DINOv2 ViT-S/14,128,Static Feature-PCA q=16,Hybrid Group Mean,1000,-0.5,0.5514843298025198,1.0213357505798335,1.3732446770229507e-44,0.015750205993652344,0.524720297244621,23,34
DINOv2 ViT-S/14,128,Static Feature-PCA q=32,Hybrid Group Mean,1000,0.5,0.5514843298025198,0.6646652040481591,6.478462301505161e-23,0.0034139728546142556,0.933003052914493,25,28
DINOv2 ViT-S/14,42,Static Feature-PCA q=32,Static Feature-PCA q=16,1000,0.2,0.9110721212260932,-1.156599824905399,7.303930871664387e-35,-0.10023064041137708,0.0002863277155538847,48,48
DINOv2 ViT-S/14,64,Static Feature-PCA q=32,Static Feature-PCA q=16,1000,0.8999999999999999,0.14961278438568115,-0.7978684730529793,6.46827441898349e-47,-0.04045939207077032,0.018086576914055304,19,19
DINOv2 ViT-S/14,128,Static Feature-PCA q=32,Static Feature-PCA q=16,1000,1.0,0.052478790283203125,-0.3566705465316744,3.91310202360587e-39,-0.012336233139038089,0.15264930927475895,10,10
