architecture,budget_tokens,method,n,correct_count,top1_accuracy,prediction_flip_rate,mean_logit_l2,mean_margin_damage
DeiT-Tiny,32,Clean,1000,679,67.9,0.0,0.0,0.0
DeiT-Tiny,32,Hybrid Group Mean,1000,618,61.8,0.196,15.85444384264946,0.5701135573387146
DeiT-Tiny,32,Selective Feature-PCA q16 target20,1000,623,62.3,0.201,16.005521760225296,0.5501897954940795
DeiT-Tiny,32,Selective Feature-PCA q16 target30,1000,626,62.6,0.201,16.093286988019944,0.5278970465660096
DeiT-Tiny,32,Selective Feature-PCA q16 target50,1000,625,62.5,0.207,16.215367685079574,0.5166343405246735
DeiT-Tiny,32,Static Feature-PCA q=16,1000,616,61.6,0.22,16.70006693506241,0.5183045525550842
DeiT-Tiny,32,Static Feature-PCA q=32,1000,619,61.9,0.214,16.624426552772523,0.4983133099079132
DeiT-Tiny,49,Clean,1000,679,67.9,0.0,0.0,0.0
DeiT-Tiny,49,Hybrid Group Mean,1000,639,63.9,0.17,12.49667411506176,0.30701206922531127
DeiT-Tiny,49,Selective Feature-PCA q16 target20,1000,641,64.1,0.166,12.531124033808709,0.27224968671798705
DeiT-Tiny,49,Selective Feature-PCA q16 target30,1000,640,64.0,0.165,12.586279678702354,0.26455722165107726
DeiT-Tiny,49,Selective Feature-PCA q16 target50,1000,642,64.2,0.17,12.712110525012017,0.26259308433532713
DeiT-Tiny,49,Static Feature-PCA q=16,1000,637,63.7,0.171,12.998719188690185,0.2547547299861908
DeiT-Tiny,49,Static Feature-PCA q=32,1000,644,64.4,0.174,12.934391365528107,0.23912153911590575
DeiT-Tiny,98,Clean,1000,679,67.9,0.0,0.0,0.0
DeiT-Tiny,98,Hybrid Group Mean,1000,664,66.4,0.101,7.990863762617111,0.14614184617996215
DeiT-Tiny,98,Selective Feature-PCA q16 target20,1000,664,66.4,0.104,8.038336862564087,0.13311379551887512
DeiT-Tiny,98,Selective Feature-PCA q16 target30,1000,665,66.5,0.098,8.055416746616363,0.13075731992721557
DeiT-Tiny,98,Selective Feature-PCA q16 target50,1000,668,66.8,0.104,8.135878627300263,0.12075858783721924
DeiT-Tiny,98,Static Feature-PCA q=16,1000,662,66.2,0.108,8.408116057872773,0.11830588698387146
DeiT-Tiny,98,Static Feature-PCA q=32,1000,665,66.5,0.106,8.40104588675499,0.11105957365036011
DeiT-Small,32,Clean,1000,761,76.1,0.0,0.0,0.0
DeiT-Small,32,Hybrid Group Mean,1000,731,73.1,0.145,13.76390266609192,0.4167848129272461
DeiT-Small,32,Selective Feature-PCA q16 target20,1000,730,73.0,0.145,13.549984419822692,0.4028512942790985
DeiT-Small,32,Selective Feature-PCA q16 target30,1000,728,72.8,0.142,13.504218827724456,0.4032693185806274
DeiT-Small,32,Selective Feature-PCA q16 target50,1000,728,72.8,0.139,13.523846998214722,0.40466307377815247
DeiT-Small,32,Static Feature-PCA q=16,1000,722,72.2,0.142,13.71990406703949,0.4592618260383606
DeiT-Small,32,Static Feature-PCA q=32,1000,718,71.8,0.144,13.997926173686981,0.4495415863990784
DeiT-Small,49,Clean,1000,761,76.1,0.0,0.0,0.0
DeiT-Small,49,Hybrid Group Mean,1000,755,75.5,0.105,10.850210437774658,0.21320040321350098
DeiT-Small,49,Selective Feature-PCA q16 target20,1000,749,74.9,0.101,10.704575792312623,0.21232549285888672
DeiT-Small,49,Selective Feature-PCA q16 target30,1000,746,74.6,0.106,10.6431845703125,0.21625902390480042
DeiT-Small,49,Selective Feature-PCA q16 target50,1000,745,74.5,0.104,10.59493467092514,0.19174407863616943
DeiT-Small,49,Static Feature-PCA q=16,1000,740,74.0,0.102,10.649716161727905,0.20907527661323547
DeiT-Small,49,Static Feature-PCA q=32,1000,740,74.0,0.103,10.761015963315964,0.21058568000793457
DeiT-Small,98,Clean,1000,761,76.1,0.0,0.0,0.0
DeiT-Small,98,Hybrid Group Mean,1000,764,76.4,0.062,6.667693081378936,0.0997550208568573
DeiT-Small,98,Selective Feature-PCA q16 target20,1000,760,76.0,0.055,6.63053110074997,0.09400909972190857
DeiT-Small,98,Selective Feature-PCA q16 target30,1000,758,75.8,0.058,6.636088589429855,0.09605584025382996
DeiT-Small,98,Selective Feature-PCA q16 target50,1000,761,76.1,0.06,6.69563541007042,0.08866986799240112
DeiT-Small,98,Static Feature-PCA q=16,1000,763,76.3,0.053,6.948936922311783,0.09061045956611634
DeiT-Small,98,Static Feature-PCA q=32,1000,760,76.0,0.054,6.963704545259476,0.09016398072242737
ViT-B/16 AugReg,32,Clean,1000,761,76.1,0.0,0.0,0.0
ViT-B/16 AugReg,32,Hybrid Group Mean,1000,682,68.2,0.186,12.133447825670242,0.9440715517997742
ViT-B/16 AugReg,32,Selective Feature-PCA q16 target20,1000,684,68.4,0.186,12.071808288812637,0.9250788390636444
ViT-B/16 AugReg,32,Selective Feature-PCA q16 target30,1000,682,68.2,0.186,12.035706866979599,0.91071173620224
ViT-B/16 AugReg,32,Selective Feature-PCA q16 target50,1000,680,68.0,0.186,11.978577495336532,0.901233514547348
ViT-B/16 AugReg,32,Static Feature-PCA q=16,1000,684,68.4,0.189,11.829642127513885,0.8648293180465698
ViT-B/16 AugReg,32,Static Feature-PCA q=32,1000,683,68.3,0.186,11.637014695644378,0.8677225906848908
ViT-B/16 AugReg,49,Clean,1000,761,76.1,0.0,0.0,0.0
ViT-B/16 AugReg,49,Hybrid Group Mean,1000,712,71.2,0.132,8.918914415121078,0.5266379599571228
ViT-B/16 AugReg,49,Selective Feature-PCA q16 target20,1000,714,71.4,0.131,8.897237189292907,0.5105448541641235
ViT-B/16 AugReg,49,Selective Feature-PCA q16 target30,1000,716,71.6,0.129,8.873930792570114,0.5066961958408356
ViT-B/16 AugReg,49,Selective Feature-PCA q16 target50,1000,714,71.4,0.127,8.891140018701554,0.5053220810890198
ViT-B/16 AugReg,49,Static Feature-PCA q=16,1000,719,71.9,0.132,8.930727462768555,0.481708827495575
ViT-B/16 AugReg,49,Static Feature-PCA q=32,1000,716,71.6,0.128,8.764507678985595,0.4758509933948517
ViT-B/16 AugReg,98,Clean,1000,761,76.1,0.0,0.0,0.0
ViT-B/16 AugReg,98,Hybrid Group Mean,1000,736,73.6,0.082,4.804818987250328,0.2160239107608795
ViT-B/16 AugReg,98,Selective Feature-PCA q16 target20,1000,736,73.6,0.081,4.872271638274193,0.20740164351463317
ViT-B/16 AugReg,98,Selective Feature-PCA q16 target30,1000,735,73.5,0.083,4.9014698611497876,0.207542724609375
ViT-B/16 AugReg,98,Selective Feature-PCA q16 target50,1000,736,73.6,0.084,4.941880858898163,0.2030399374961853
ViT-B/16 AugReg,98,Static Feature-PCA q=16,1000,737,73.7,0.083,5.116953842282295,0.19647998881340026
ViT-B/16 AugReg,98,Static Feature-PCA q=32,1000,735,73.5,0.087,5.010775096535682,0.19247333240509032
DINOv2 ViT-S/14,42,Clean,1000,788,78.8,0.0,0.0,0.0
DINOv2 ViT-S/14,42,Hybrid Group Mean,1000,613,61.3,0.32,49.74666712760925,1.7970804681777954
DINOv2 ViT-S/14,42,Selective Feature-PCA q16 target20,1000,598,59.8,0.337,51.507126035690305,1.9554326775074005
DINOv2 ViT-S/14,42,Selective Feature-PCA q16 target30,1000,585,58.5,0.348,52.17959519004822,2.024034647703171
DINOv2 ViT-S/14,42,Selective Feature-PCA q16 target50,1000,575,57.5,0.358,52.964083854675295,2.0900955884456636
DINOv2 ViT-S/14,42,Static Feature-PCA q=16,1000,568,56.8,0.361,54.082970697402956,2.1810135972499847
DINOv2 ViT-S/14,42,Static Feature-PCA q=32,1000,570,57.0,0.369,52.92637087249756,2.0807829568386076
DINOv2 ViT-S/14,64,Clean,1000,788,78.8,0.0,0.0,0.0
DINOv2 ViT-S/14,64,Hybrid Group Mean,1000,691,69.1,0.207,37.1669953918457,1.0137325587272643
DINOv2 ViT-S/14,64,Selective Feature-PCA q16 target20,1000,688,68.8,0.211,38.058912588119505,1.034742561340332
DINOv2 ViT-S/14,64,Selective Feature-PCA q16 target30,1000,687,68.7,0.21,38.30368030166626,1.0532685627937317
DINOv2 ViT-S/14,64,Selective Feature-PCA q16 target50,1000,680,68.0,0.215,38.51795151519775,1.0568930692672729
DINOv2 ViT-S/14,64,Static Feature-PCA q=16,1000,684,68.4,0.211,39.065689167022704,1.0511664490699768
DINOv2 ViT-S/14,64,Static Feature-PCA q=32,1000,693,69.3,0.208,38.267820693969725,1.0107070569992065
DINOv2 ViT-S/14,128,Clean,1000,788,78.8,0.0,0.0,0.0
DINOv2 ViT-S/14,128,Hybrid Group Mean,1000,754,75.4,0.101,21.743233967781066,0.3683985710144043
DINOv2 ViT-S/14,128,Selective Feature-PCA q16 target20,1000,756,75.6,0.107,22.026067423820496,0.37679123830795286
DINOv2 ViT-S/14,128,Selective Feature-PCA q16 target30,1000,756,75.6,0.105,22.156245161056518,0.37475440120697023
DINOv2 ViT-S/14,128,Selective Feature-PCA q16 target50,1000,755,75.5,0.104,22.267087765693663,0.3695952458381653
DINOv2 ViT-S/14,128,Static Feature-PCA q=16,1000,749,74.9,0.112,22.7645697183609,0.38414877700805666
DINOv2 ViT-S/14,128,Static Feature-PCA q=32,1000,759,75.9,0.104,22.407899171829225,0.3718125438690186
