architecture,image_id,budget,je_group_mean,je_full_oracle_legacy,je_full_oracle_stabilized,je_restricted_q16,gain_restricted,gain_legacy_oracle,gain_stabilized_oracle
deit_tiny,0,98,3.7539515495300293,3.4304251670837402,0.005453785881400108,2.646778106689453,1.1071734428405762,0.32352638244628906,3.748497763648629
deit_tiny,1,98,4.366215705871582,3.9663403034210205,0.007697909604758024,2.7443957328796387,1.6218199729919434,0.3998754024505615,4.358517796266824
deit_tiny,2,98,3.364938735961914,3.054243803024292,0.004549555946141481,2.19109845161438,1.1738402843475342,0.31069493293762207,3.3603891800157726
deit_tiny,3,98,4.770777702331543,4.345831394195557,0.007986050099134445,2.1036739349365234,2.6671037673950195,0.42494630813598633,4.7627916522324085
deit_tiny,4,98,3.456726312637329,3.141622543334961,0.006129364017397165,1.6177078485488892,1.83901846408844,0.31510376930236816,3.450596948619932
deit_tiny,5,98,4.719372749328613,4.30502986907959,0.008411701768636703,2.5425822734832764,2.176790475845337,0.41434288024902344,4.710961047559977
deit_tiny,6,98,3.876056432723999,3.5371623039245605,0.005664582829922438,2.281165599822998,1.594890832901001,0.3388941287994385,3.8703918498940766
deit_tiny,7,98,4.2103657722473145,3.817622184753418,0.00629562558606267,2.7013769149780273,1.508988857269287,0.3927435874938965,4.204070146661252
deit_tiny,8,98,3.7739291191101074,3.420895576477051,0.005582102108746767,2.5958049297332764,1.178124189376831,0.35303354263305664,3.7683470170013607
deit_tiny,9,98,4.746289253234863,4.320346355438232,0.007770099677145481,3.0798838138580322,1.666405439376831,0.42594289779663086,4.738519153557718
deit_tiny,10,98,3.504373073577881,3.1968295574188232,0.00688036298379302,2.5500917434692383,0.9542813301086426,0.3075435161590576,3.497492710594088
deit_tiny,11,98,5.284421443939209,4.817901611328125,0.009543124586343765,2.872901201248169,2.41152024269104,0.466519832611084,5.274878319352865
deit_tiny,12,98,3.141481876373291,2.8729066848754883,0.004804335068911314,2.48693585395813,0.6545460224151611,0.26857519149780273,3.1366775413043797
deit_tiny,13,98,3.890861749649048,3.5103793144226074,0.006239895708858967,2.173487663269043,1.7173740863800049,0.38048243522644043,3.884621853940189
deit_tiny,14,98,5.384767532348633,4.937022686004639,0.00966674368828535,3.394771099090576,1.9899964332580566,0.44774484634399414,5.3751007886603475
deit_tiny,15,98,5.042817115783691,4.580135345458984,0.008191057480871677,3.444025993347168,1.5987911224365234,0.46268177032470703,5.03462605830282
deit_tiny,16,98,3.5455944538116455,3.2183196544647217,0.005876487586647272,2.1081347465515137,1.4374597072601318,0.32727479934692383,3.5397179662249982
deit_tiny,17,98,3.6360220909118652,3.312437057495117,0.006109035108238459,1.8081393241882324,1.8278827667236328,0.32358503341674805,3.6299130558036268
deit_tiny,18,98,3.6533823013305664,3.3243842124938965,0.005890922620892525,2.427767753601074,1.2256145477294922,0.3289980888366699,3.647491378709674
deit_tiny,19,98,2.9365360736846924,2.6798832416534424,0.004778482485562563,2.2768688201904297,0.6596672534942627,0.25665283203125,2.93175759119913
deit_tiny,20,98,3.617112398147583,3.3026795387268066,0.00624813511967659,2.6141257286071777,1.0029866695404053,0.31443285942077637,3.6108642630279064
deit_tiny,21,98,4.070746421813965,3.716113328933716,0.006679415702819824,2.38924503326416,1.6815013885498047,0.354633092880249,4.064067006111145
deit_tiny,22,98,3.9451115131378174,3.6073226928710938,0.0053578633815050125,2.899620532989502,1.0454909801483154,0.33778882026672363,3.9397536497563124
deit_tiny,23,98,3.63443660736084,3.3018956184387207,0.006421077996492386,1.9537358283996582,1.6807007789611816,0.33254098892211914,3.6280155293643475
deit_tiny,24,98,4.45876407623291,4.038702964782715,0.006856745574623346,2.5774569511413574,1.8813071250915527,0.4200611114501953,4.451907330658287
deit_tiny,25,98,4.226926803588867,3.867751121520996,0.006765034049749374,3.112071990966797,1.1148548126220703,0.3591756820678711,4.220161769539118
deit_tiny,26,98,3.5900533199310303,3.277507781982422,0.005419099237769842,1.9704418182373047,1.6196115016937256,0.3125455379486084,3.5846342206932604
deit_tiny,27,98,4.1092400550842285,3.7432641983032227,0.007160286884754896,2.6737701892852783,1.4354698657989502,0.36597585678100586,4.102079768199474
deit_tiny,28,98,5.115147590637207,4.651198863983154,0.008752122521400452,3.589951753616333,1.525195837020874,0.46394872665405273,5.106395468115807
deit_tiny,29,98,4.275326251983643,3.875507354736328,0.006770941894501448,2.73117733001709,1.5441489219665527,0.39981889724731445,4.268555310089141
deit_tiny,30,98,4.359546184539795,3.951434373855591,0.0077039278112351894,2.267052412033081,2.092493772506714,0.4081118106842041,4.35184225672856
deit_tiny,31,98,4.432962894439697,4.033324718475342,0.006878074258565903,2.4397995471954346,1.9931633472442627,0.39963817596435547,4.426084820181131
deit_tiny,32,98,5.102066993713379,4.635155200958252,0.008444197475910187,2.5936100482940674,2.5084569454193115,0.46691179275512695,5.093622796237469
deit_tiny,33,98,5.143277645111084,4.685739994049072,0.007808128371834755,3.441955089569092,1.7013225555419922,0.4575376510620117,5.135469516739249
deit_tiny,34,98,4.592347145080566,4.201323986053467,0.0073095024563372135,3.0238678455352783,1.568479299545288,0.3910231590270996,4.585037642624229
deit_tiny,35,98,3.560979127883911,3.2196404933929443,0.005326871294528246,2.0646190643310547,1.4963600635528564,0.3413386344909668,3.555652256589383
deit_tiny,36,98,3.9956462383270264,3.618774175643921,0.0059936875477433205,2.1253345012664795,1.8703117370605469,0.37687206268310547,3.989652550779283
deit_tiny,37,98,4.307682991027832,3.9338624477386475,0.007247656583786011,2.3127048015594482,1.9949781894683838,0.37382054328918457,4.300435334444046
deit_tiny,38,98,3.3692269325256348,3.060940980911255,0.0047436910681426525,2.33080792427063,1.0384190082550049,0.3082859516143799,3.364483241457492
deit_tiny,39,98,5.331169605255127,4.842916488647461,0.008295700885355473,2.3957791328430176,2.9353904724121094,0.488253116607666,5.3228739043697715
deit_tiny,40,98,4.214470863342285,3.8365156650543213,0.006778743118047714,3.1011905670166016,1.1132802963256836,0.37795519828796387,4.207692120224237
deit_tiny,41,98,4.167309761047363,3.811473846435547,0.006486394442617893,2.481847047805786,1.6854627132415771,0.3558359146118164,4.160823366604745
deit_tiny,42,98,4.687222003936768,4.2715840339660645,0.0077819558791816235,2.392491102218628,2.2947309017181396,0.4156379699707031,4.679440048057586
deit_tiny,43,98,3.4171948432922363,3.1210315227508545,0.005212095566093922,2.0772640705108643,1.339930772781372,0.29616332054138184,3.4119827477261424
deit_tiny,44,98,3.5716664791107178,3.250195264816284,0.006207355298101902,2.0937793254852295,1.4778871536254883,0.3214712142944336,3.565459123812616
deit_tiny,45,98,3.472968816757202,3.161564350128174,0.00615109084174037,1.9960722923278809,1.4768965244293213,0.3114044666290283,3.466817725915462
deit_tiny,46,98,2.672344923019409,2.435542106628418,0.0038737147115170956,1.8835554122924805,0.7887895107269287,0.2368028163909912,2.668471208307892
deit_tiny,47,98,3.4851791858673096,3.1753852367401123,0.005554927047342062,2.815790891647339,0.6693882942199707,0.30979394912719727,3.4796242588199675
deit_tiny,48,98,3.125321865081787,2.84024977684021,0.004674532450735569,2.2004570960998535,0.9248647689819336,0.28507208824157715,3.1206473326310515
deit_tiny,49,98,4.18074893951416,3.788800001144409,0.006692997179925442,2.2743780612945557,1.9063708782196045,0.391948938369751,4.174055942334235
deit_tiny,50,98,3.5143864154815674,3.191864252090454,0.005945695098489523,2.12908673286438,1.3852996826171875,0.3225221633911133,3.508440720383078
deit_tiny,51,98,4.576288223266602,4.129199504852295,0.006861947011202574,3.0226407051086426,1.553647518157959,0.44708871841430664,4.569426276255399
deit_tiny,52,98,3.222571849822998,2.9288723468780518,0.005135091487318277,1.2156882286071777,2.0068836212158203,0.2936995029449463,3.2174367583356798
deit_tiny,53,98,4.31113338470459,3.904982805252075,0.006595675367861986,2.6367788314819336,1.6743545532226562,0.40615057945251465,4.304537709336728
deit_tiny,54,98,5.376682758331299,4.89262580871582,0.009161449037492275,3.746933698654175,1.629749059677124,0.4840569496154785,5.3675213092938066
deit_tiny,55,98,3.7884068489074707,3.432311534881592,0.0058598886243999004,2.365668296813965,1.4227385520935059,0.3560953140258789,3.782546960283071
deit_tiny,56,98,2.9646670818328857,2.690943956375122,0.004056242760270834,2.0385141372680664,0.9261529445648193,0.27372312545776367,2.960610839072615
deit_tiny,57,98,5.572214603424072,5.036757469177246,0.008515178225934505,3.6661627292633057,1.9060518741607666,0.5354571342468262,5.563699425198138
deit_tiny,58,98,5.339254856109619,4.851214408874512,0.008725299499928951,4.0573201179504395,1.2819347381591797,0.4880404472351074,5.33052955660969
deit_tiny,59,98,4.336773872375488,3.9541685581207275,0.006311375182121992,3.0009233951568604,1.335850477218628,0.38260531425476074,4.330462497193366
deit_tiny,60,98,6.821595668792725,6.196367263793945,0.011766939423978329,3.513660430908203,3.3079352378845215,0.6252284049987793,6.809828729368746
deit_tiny,61,98,4.102027893066406,3.685244560241699,0.006085442844778299,3.156167984008789,0.9458599090576172,0.41678333282470703,4.095942450221628
deit_tiny,62,98,3.5446786880493164,3.2233128547668457,0.005381436087191105,2.251875877380371,1.2928028106689453,0.3213658332824707,3.5392972519621253
deit_tiny,63,98,4.312821388244629,3.891573190689087,0.006477246526628733,2.025552988052368,2.2872684001922607,0.421248197555542,4.306344141718
deit_tiny,64,98,4.313669204711914,3.923931360244751,0.007432254031300545,2.6302456855773926,1.6834235191345215,0.3897378444671631,4.3062369506806135
deit_tiny,65,98,2.9009058475494385,2.655154228210449,0.003988974262028933,1.3531392812728882,1.5477665662765503,0.24575161933898926,2.8969168732874095
deit_tiny,66,98,3.7424731254577637,3.435544967651367,0.006405910011380911,2.539940595626831,1.2025325298309326,0.3069281578063965,3.7360672154463828
deit_tiny,67,98,3.4268782138824463,3.1157925128936768,0.005359838251024485,2.6760690212249756,0.7508091926574707,0.31108570098876953,3.421518375631422
deit_tiny,68,98,4.906599044799805,4.4639058113098145,0.008249795064330101,3.170457601547241,1.7361414432525635,0.44269323348999023,4.898349249735475
deit_tiny,69,98,6.129071235656738,5.587108612060547,0.00969321746379137,4.262216091156006,1.8668551445007324,0.5419626235961914,6.119378018192947
deit_tiny,70,98,2.724120855331421,2.481414794921875,0.004544702358543873,1.7821292877197266,0.9419915676116943,0.2427060604095459,2.719576152972877
deit_tiny,71,98,4.623563289642334,4.19299840927124,0.008370578289031982,2.677417039871216,1.9461462497711182,0.43056488037109375,4.615192711353302
deit_tiny,72,98,4.137269973754883,3.777796506881714,0.005792360752820969,2.62703275680542,1.510237216949463,0.35947346687316895,4.131477613002062
deit_tiny,73,98,5.988053321838379,5.460626125335693,0.009504364803433418,3.4207663536071777,2.567286968231201,0.5274271965026855,5.9785489570349455
deit_tiny,74,98,4.173861980438232,3.8044683933258057,0.006584038957953453,2.147597551345825,2.0262644290924072,0.36939358711242676,4.167277941480279
deit_tiny,75,98,5.070006847381592,4.639841556549072,0.008185725659132004,3.276332139968872,1.7936747074127197,0.43016529083251953,5.06182112172246
deit_tiny,76,98,4.237799167633057,3.846081495285034,0.006460603326559067,2.4275779724121094,1.8102211952209473,0.39171767234802246,4.231338564306498
deit_tiny,77,98,4.750102996826172,4.3201398849487305,0.007516719400882721,2.410102128982544,2.340000867843628,0.4299631118774414,4.742586277425289
deit_tiny,78,98,4.5580925941467285,4.163192272186279,0.006919811479747295,3.0523626804351807,1.5057299137115479,0.3949003219604492,4.551172782666981
deit_tiny,79,98,6.782829284667969,6.207940101623535,0.01272758562117815,4.109234809875488,2.6735944747924805,0.5748891830444336,6.770101699046791
deit_tiny,80,98,4.190973281860352,3.836939573287964,0.006844252813607454,2.810481071472168,1.3804922103881836,0.3540337085723877,4.184129029046744
deit_tiny,81,98,3.9153499603271484,3.5563435554504395,0.006349281873553991,2.814690589904785,1.1006593704223633,0.359006404876709,3.9090006784535944
deit_tiny,82,98,4.016974449157715,3.6554653644561768,0.00554807111620903,2.375153064727783,1.6418213844299316,0.3615090847015381,4.011426378041506
deit_tiny,83,98,3.956939220428467,3.6162302494049072,0.006675899028778076,2.7522265911102295,1.2047126293182373,0.34070897102355957,3.9502633213996887
deit_tiny,84,98,2.171496629714966,1.9668573141098022,0.003129975637421012,1.6669957637786865,0.5045008659362793,0.20463931560516357,2.168366654077545
deit_tiny,85,98,4.195121765136719,3.8209989070892334,0.006837500724941492,2.3381388187408447,1.856982946395874,0.37412285804748535,4.188284264411777
deit_tiny,86,98,3.6147847175598145,3.28778076171875,0.005763345863670111,2.2859721183776855,1.328812599182129,0.32700395584106445,3.6090213716961443
deit_tiny,87,98,3.4299638271331787,3.118640184402466,0.005895956885069609,2.0110836029052734,1.4188802242279053,0.3113236427307129,3.424067870248109
deit_tiny,88,98,3.9660298824310303,3.5972893238067627,0.006304437760263681,2.9626564979553223,1.003373384475708,0.3687405586242676,3.9597254446707666
deit_tiny,89,98,4.483725070953369,4.083798885345459,0.006952668074518442,3.0901458263397217,1.3935792446136475,0.39992618560791016,4.476772402878851
deit_tiny,90,98,5.169971942901611,4.682427883148193,0.008590810932219028,3.5728189945220947,1.5971529483795166,0.48754405975341797,5.161381131969392
deit_tiny,91,98,2.343813896179199,2.130974054336548,0.004179186187684536,1.4743340015411377,0.8694798946380615,0.21283984184265137,2.3396347099915147
deit_tiny,92,98,4.277080535888672,3.910275936126709,0.007276205811649561,2.702880620956421,1.574199914932251,0.3668045997619629,4.269804330077022
deit_tiny,93,98,3.6356287002563477,3.300664186477661,0.005516869947314262,2.1416378021240234,1.4939908981323242,0.3349645137786865,3.6301118303090334
deit_tiny,94,98,4.489011287689209,4.091961860656738,0.00780145637691021,3.26188588142395,1.2271254062652588,0.3970494270324707,4.481209831312299
deit_tiny,95,98,4.725691318511963,4.326042175292969,0.0075063155964016914,2.8079874515533447,1.9177038669586182,0.39964914321899414,4.718185002915561
deit_tiny,96,98,3.8939292430877686,3.541552782058716,0.006326591596007347,2.7961578369140625,1.097771406173706,0.35237646102905273,3.887602651491761
deit_tiny,97,98,3.1771352291107178,2.8963708877563477,0.004893849603831768,2.631922483444214,0.5452127456665039,0.2807643413543701,3.172241379506886
deit_tiny,98,98,3.4458107948303223,3.1478679180145264,0.005645366385579109,2.842182159423828,0.6036286354064941,0.2979428768157959,3.440165428444743
deit_tiny,99,98,5.219640731811523,4.750825881958008,0.008908101357519627,2.68473482131958,2.5349059104919434,0.4688148498535156,5.210732630454004
deit_small,0,98,7.404884338378906,6.718200206756592,0.011859475634992123,3.8613698482513428,3.5435144901275635,0.6866841316223145,7.393024862743914
deit_small,1,98,14.098649978637695,12.736771583557129,0.02433052472770214,6.007099628448486,8.091550350189209,1.3618783950805664,14.074319453909993
deit_small,2,98,15.42300796508789,14.10863208770752,0.023606352508068085,6.7833027839660645,8.639705181121826,1.314375877380371,15.399401612579823
deit_small,3,98,12.895112991333008,11.746591567993164,0.021678820252418518,6.93036413192749,5.964748859405518,1.1485214233398438,12.87343417108059
deit_small,4,98,8.348331451416016,7.57920503616333,0.014762108214199543,5.11322021484375,3.2351112365722656,0.7691264152526855,8.333569343201816
deit_small,5,98,10.697541236877441,9.764554977416992,0.016675522550940514,5.298938751220703,5.398602485656738,0.9329862594604492,10.680865714326501
deit_small,6,98,11.515423774719238,10.474555015563965,0.01559598371386528,6.2495880126953125,5.265835762023926,1.0408687591552734,11.499827791005373
deit_small,7,98,18.299453735351562,16.56800079345703,0.026830799877643585,11.32812213897705,6.971331596374512,1.7314529418945312,18.27262293547392
deit_small,8,98,15.785139083862305,14.2731351852417,0.024371961131691933,8.480960845947266,7.304178237915039,1.5120038986206055,15.760767122730613
deit_small,9,98,16.469385147094727,14.886689186096191,0.02641667053103447,8.305633544921875,8.163751602172852,1.5826959609985352,16.442968476563692
deit_small,10,98,6.623627185821533,6.063724517822266,0.013292776420712471,3.8657126426696777,2.7579145431518555,0.5599026679992676,6.610334409400821
deit_small,11,98,14.450425148010254,13.125154495239258,0.022244639694690704,7.719902038574219,6.730523109436035,1.325270652770996,14.428180508315563
deit_small,12,98,12.82677173614502,11.680154800415039,0.018561560660600662,6.347533226013184,6.479238510131836,1.1466169357299805,12.808210175484419
deit_small,13,98,10.483139991760254,9.603992462158203,0.020518185570836067,5.515463352203369,4.967676639556885,0.8791475296020508,10.462621806189418
deit_small,14,98,18.16737937927246,16.495132446289062,0.030470745638012886,10.455799102783203,7.711580276489258,1.6722469329833984,18.136908633634448
deit_small,15,98,14.670973777770996,13.392473220825195,0.02438988909125328,8.875679969787598,5.795293807983398,1.2785005569458008,14.646583888679743
deit_small,16,98,10.945886611938477,9.880536079406738,0.0179648045450449,4.54508113861084,6.400805473327637,1.0653505325317383,10.927921807393432
deit_small,17,98,13.193568229675293,12.040242195129395,0.021912721917033195,6.238438606262207,6.955129623413086,1.1533260345458984,13.17165550775826
deit_small,18,98,9.590226173400879,8.720176696777344,0.01390625350177288,5.717748165130615,3.8724780082702637,0.8700494766235352,9.576319919899106
deit_small,19,98,10.940269470214844,9.949106216430664,0.017856841906905174,5.796931743621826,5.143337726593018,0.9911632537841797,10.922412628307939
deit_small,20,98,10.195012092590332,9.1982421875,0.015127193182706833,5.8023481369018555,4.392663955688477,0.996769905090332,10.179884899407625
deit_small,21,98,9.568511009216309,8.652294158935547,0.014173866249620914,5.317054271697998,4.2514567375183105,0.9162168502807617,9.554337142966688
deit_small,22,98,12.939105987548828,11.753425598144531,0.016743671149015427,9.446564674377441,3.4925413131713867,1.1856803894042969,12.922362316399813
deit_small,23,98,10.597557067871094,9.65806770324707,0.01922902651131153,5.3133039474487305,5.284253120422363,0.9394893646240234,10.578328041359782
deit_small,24,98,14.556570053100586,13.249576568603516,0.022863207384943962,8.966184616088867,5.590385437011719,1.3069934844970703,14.533706845715642
deit_small,25,98,10.411725997924805,9.431154251098633,0.01533422339707613,5.232158184051514,5.179567813873291,0.9805717468261719,10.396391774527729
deit_small,26,98,12.57280445098877,11.436910629272461,0.01875544711947441,7.311054706573486,5.261749744415283,1.1358938217163086,12.554049003869295
deit_small,27,98,11.88622760772705,10.810097694396973,0.019792117178440094,6.352851867675781,5.5333757400512695,1.0761299133300781,11.86643549054861
deit_small,28,98,17.844411849975586,16.124435424804688,0.02831602655351162,9.695549011230469,8.148862838745117,1.7199764251708984,17.816095823422074
deit_small,29,98,11.3179349899292,10.254141807556152,0.01852480135858059,6.1944074630737305,5.123527526855469,1.0637931823730469,11.299410188570619
deit_small,30,98,13.830747604370117,12.581293106079102,0.022575831040740013,5.949602127075195,7.881145477294922,1.2494544982910156,13.808171773329377
deit_small,31,98,10.832401275634766,9.831520080566406,0.016389785334467888,6.6995439529418945,4.132857322692871,1.0008811950683594,10.816011490300298
deit_small,32,98,15.146320343017578,13.640958786010742,0.02303534373641014,5.635541915893555,9.510778427124023,1.505361557006836,15.123284999281168
deit_small,33,98,10.026421546936035,8.970290184020996,0.015093912370502949,4.3571577072143555,5.66926383972168,1.056131362915039,10.011327634565532
deit_small,34,98,12.466111183166504,11.312678337097168,0.017693206667900085,6.528023719787598,5.938087463378906,1.153432846069336,12.448417976498604
deit_small,35,98,16.471786499023438,14.895941734313965,0.02478228136897087,7.296634197235107,9.17515230178833,1.5758447647094727,16.447004217654467
deit_small,36,98,14.611513137817383,13.260478019714355,0.022957362234592438,6.650852680206299,7.960660457611084,1.3510351181030273,14.58855577558279
deit_small,37,98,11.614316940307617,10.47670841217041,0.017810923978686333,5.850341796875,5.763975143432617,1.137608528137207,11.59650601632893
deit_small,38,98,14.739521980285645,13.409770011901855,0.022919634357094765,10.396700859069824,4.34282112121582,1.329751968383789,14.71660234592855
deit_small,39,98,15.85922908782959,14.376822471618652,0.02342117950320244,7.471754550933838,8.387474536895752,1.4824066162109375,15.835807908326387
deit_small,40,98,16.535078048706055,15.083765983581543,0.025341711938381195,9.034615516662598,7.500462532043457,1.4513120651245117,16.509736336767673
deit_small,41,98,13.078192710876465,11.806609153747559,0.01823224499821663,6.201140880584717,6.877051830291748,1.2715835571289062,13.059960465878248
deit_small,42,98,15.1931734085083,13.799163818359375,0.023383375257253647,8.050714492797852,7.142458915710449,1.3940095901489258,15.169790033251047
deit_small,43,98,8.912443161010742,8.102927207946777,0.013598388060927391,5.586756706237793,3.325686454772949,0.8095159530639648,8.898844772949815
deit_small,44,98,8.186918258666992,7.453121662139893,0.013596340082585812,5.904378414154053,2.2825398445129395,0.7337965965270996,8.173321918584406
deit_small,45,98,12.718935012817383,11.588847160339355,0.021291570737957954,7.195838928222656,5.523096084594727,1.1300878524780273,12.697643442079425
deit_small,46,98,9.035066604614258,8.201388359069824,0.011755960062146187,4.663680076599121,4.371386528015137,0.8336782455444336,9.023310644552112
deit_small,47,98,10.578410148620605,9.555620193481445,0.015038833022117615,4.446253776550293,6.1321563720703125,1.0227899551391602,10.563371315598488
deit_small,48,98,8.456459999084473,7.671565532684326,0.011711918748915195,4.360699653625488,4.095760345458984,0.7848944664001465,8.444748080335557
deit_small,49,98,13.351778030395508,12.092379570007324,0.0192792359739542,7.158805847167969,6.192972183227539,1.2593984603881836,13.332498794421554
deit_small,50,98,9.773364067077637,8.869874000549316,0.01554939802736044,4.554983139038086,5.218380928039551,0.9034900665283203,9.757814669050276
deit_small,51,98,19.034957885742188,17.213321685791016,0.027972673997282982,9.161709785461426,9.873248100280762,1.8216361999511719,19.006985211744905
deit_small,52,98,11.039848327636719,10.037602424621582,0.018127664923667908,6.3070878982543945,4.732760429382324,1.0022459030151367,11.02172066271305
deit_small,53,98,11.564501762390137,10.559266090393066,0.020963605493307114,7.013463497161865,4.5510382652282715,1.0052356719970703,11.54353815689683
deit_small,54,98,12.1010103225708,10.987570762634277,0.019232671707868576,5.71301794052124,6.3879923820495605,1.1134395599365234,12.081777650862932
deit_small,55,98,10.779500007629395,9.747334480285645,0.016870809718966484,5.263223171234131,5.516276836395264,1.03216552734375,10.762629197910428
deit_small,56,98,11.535157203674316,10.479355812072754,0.015870310366153717,6.446130275726318,5.089026927947998,1.0558013916015625,11.519286893308163
deit_small,57,98,15.430047035217285,13.936136245727539,0.024896593764424324,7.612799167633057,7.8172478675842285,1.493910789489746,15.40515044145286
deit_small,58,98,14.214314460754395,12.915250778198242,0.021311823278665543,5.75464391708374,8.459670543670654,1.2990636825561523,14.193002637475729
deit_small,59,98,14.944205284118652,13.576850891113281,0.0234560277312994,7.222927570343018,7.721277713775635,1.367354393005371,14.920749256387353
deit_small,60,98,14.450868606567383,13.077105522155762,0.024172430858016014,6.298544883728027,8.152323722839355,1.373763084411621,14.426696175709367
deit_small,61,98,14.55828857421875,13.237259864807129,0.02561892941594124,5.5474700927734375,9.010818481445312,1.321028709411621,14.532669644802809
deit_small,62,98,9.608832359313965,8.69018840789795,0.01436314545571804,3.472973585128784,6.135858774185181,0.9186439514160156,9.594469213858247
deit_small,63,98,10.78103256225586,9.756068229675293,0.017097746953368187,5.482845783233643,5.298186779022217,1.0249643325805664,10.763934815302491
deit_small,64,98,10.375411987304688,9.448004722595215,0.01642255298793316,5.678060054779053,4.697351932525635,0.9274072647094727,10.358989434316754
deit_small,65,98,8.600275993347168,7.899679660797119,0.012286794371902943,4.833517074584961,3.766758918762207,0.7005963325500488,8.587989198975265
deit_small,66,98,11.751493453979492,10.684806823730469,0.0163558442145586,8.062797546386719,3.6886959075927734,1.0666866302490234,11.735137609764934
deit_small,67,98,7.303661346435547,6.635373115539551,0.011151314713060856,4.8577141761779785,2.4459471702575684,0.6682882308959961,7.292510031722486
deit_small,68,98,12.987123489379883,11.79731559753418,0.020383646711707115,8.08309555053711,4.904027938842773,1.1898078918457031,12.966739842668176
deit_small,69,98,12.314214706420898,11.128623962402344,0.01865103840827942,5.9657673835754395,6.348447322845459,1.1855907440185547,12.295563668012619
deit_small,70,98,14.638096809387207,13.32821273803711,0.02434743195772171,8.607731819152832,6.030364990234375,1.3098840713500977,14.613749377429485
deit_small,71,98,17.642776489257812,15.990791320800781,0.031469039618968964,9.95098876953125,7.6917877197265625,1.6519851684570312,17.611307449638844
deit_small,72,98,10.659651756286621,9.654454231262207,0.01634332723915577,6.121065139770508,4.538586616516113,1.005197525024414,10.643308429047465
deit_small,73,98,15.188673973083496,13.795836448669434,0.022533981129527092,7.914340019226074,7.274333953857422,1.3928375244140625,15.166139991953969
deit_small,74,98,11.222620010375977,10.147564888000488,0.015620199032127857,5.544629096984863,5.677990913391113,1.0750551223754883,11.206999811343849
deit_small,75,98,11.72242546081543,10.646167755126953,0.019621336832642555,8.083012580871582,3.6394128799438477,1.0762577056884766,11.702804123982787
deit_small,76,98,14.627803802490234,13.051514625549316,0.02181052230298519,5.342341899871826,9.285461902618408,1.576289176940918,14.60599328018725
deit_small,77,98,12.507752418518066,11.334168434143066,0.018515603616833687,5.953878402709961,6.5538740158081055,1.173583984375,12.489236814901233
deit_small,78,98,15.17134952545166,13.79152774810791,0.02260158583521843,6.719081878662109,8.45226764678955,1.37982177734375,15.148747939616442
deit_small,79,98,16.502056121826172,15.020565032958984,0.028627077117562294,11.022875785827637,5.479180335998535,1.4814910888671875,16.47342904470861
deit_small,80,98,12.895159721374512,11.754138946533203,0.019672879949212074,9.235631942749023,3.6595277786254883,1.1410207748413086,12.8754868414253
deit_small,81,98,9.776440620422363,8.888752937316895,0.01779274083673954,5.650537967681885,4.1259026527404785,0.8876876831054688,9.758647879585624
deit_small,82,98,11.395095825195312,10.313152313232422,0.015855059027671814,6.339108943939209,5.0559868812561035,1.0819435119628906,11.37924076616764
deit_small,83,98,9.82409381866455,8.958869934082031,0.01612601988017559,5.174201488494873,4.649892330169678,0.8652238845825195,9.807967798784375
deit_small,84,98,8.06934642791748,7.3174638748168945,0.010822159238159657,3.442960262298584,4.6263861656188965,0.7518825531005859,8.05852426867932
deit_small,85,98,16.054895401000977,14.605804443359375,0.026116956025362015,8.216453552246094,7.838441848754883,1.4490909576416016,16.028778444975615
deit_small,86,98,13.669746398925781,12.40829849243164,0.02249870076775551,8.203393936157227,5.466352462768555,1.2614479064941406,13.647247698158026
deit_small,87,98,11.929304122924805,10.709402084350586,0.01882118359208107,4.701396465301514,7.227907657623291,1.2199020385742188,11.910482939332724
deit_small,88,98,10.584519386291504,9.675922393798828,0.016739800572395325,5.997552394866943,4.5869669914245605,0.9085969924926758,10.567779585719109
deit_small,89,98,11.092434883117676,10.065546989440918,0.015185213647782803,6.952329635620117,4.140105247497559,1.0268878936767578,11.077249669469893
deit_small,90,98,12.851753234863281,11.6482515335083,0.021907776594161987,5.80509614944458,7.046657085418701,1.2035017013549805,12.82984545826912
deit_small,91,98,10.69143009185791,9.71677017211914,0.01708715781569481,5.614350318908691,5.077079772949219,0.9746599197387695,10.674342934042215
deit_small,92,98,10.74401569366455,9.818228721618652,0.017526617273688316,5.851372241973877,4.892643451690674,0.9257869720458984,10.726489076390862
deit_small,93,98,13.48941421508789,12.214554786682129,0.019704526290297508,5.445580959320068,8.043833255767822,1.2748594284057617,13.469709688797593
deit_small,94,98,14.822429656982422,13.426094055175781,0.023026274517178535,9.07773208618164,5.744697570800781,1.3963356018066406,14.799403382465243
deit_small,95,98,14.486963272094727,13.173683166503906,0.02182992734014988,9.095566749572754,5.391396522521973,1.3132801055908203,14.465133344754577
deit_small,96,98,12.627446174621582,11.414786338806152,0.019281771034002304,7.21059513092041,5.416851043701172,1.2126598358154297,12.60816440358758
deit_small,97,98,14.257761001586914,12.926961898803711,0.022446665912866592,8.18367862701416,6.074082374572754,1.3307991027832031,14.235314335674047
deit_small,98,98,9.333038330078125,8.438672065734863,0.015294418670237064,4.4641032218933105,4.8689351081848145,0.8943662643432617,9.317743911407888
deit_small,99,98,14.349620819091797,12.998489379882812,0.02290627546608448,4.468306541442871,9.881314277648926,1.3511314392089844,14.326714543625712
vit_base,0,98,26.316387176513672,23.88770294189453,0.038612622767686844,15.596736907958984,10.719650268554688,2.4286842346191406,26.277774553745985
vit_base,1,98,26.75602912902832,24.214204788208008,0.044476065784692764,13.413060188293457,13.342968940734863,2.5418243408203125,26.711553063243628
vit_base,2,98,20.15908432006836,18.54335594177246,0.031590983271598816,11.629207611083984,8.529876708984375,1.6157283782958984,20.12749333679676
vit_base,3,98,17.85472297668457,16.25409507751465,0.02952226996421814,9.635065078735352,8.219657897949219,1.6006278991699219,17.825200706720352
vit_base,4,98,12.454426765441895,11.351030349731445,0.02163514494895935,9.049863815307617,3.4045629501342773,1.1033964157104492,12.432791620492935
vit_base,5,98,14.58631706237793,13.225689888000488,0.0197193194180727,9.590794563293457,4.995522499084473,1.3606271743774414,14.566597742959857
vit_base,6,98,8.140741348266602,7.391698837280273,0.010799864307045937,6.054483890533447,2.0862574577331543,0.7490425109863281,8.129941483959556
vit_base,7,98,19.993227005004883,18.10952377319336,0.028265954926609993,11.682613372802734,8.310613632202148,1.8837032318115234,19.964961050078273
vit_base,8,98,22.87452507019043,20.781415939331055,0.034412529319524765,14.9378080368042,7.9367170333862305,2.093109130859375,22.840112540870905
vit_base,9,98,21.389385223388672,19.43634033203125,0.03063553012907505,13.81113052368164,7.578254699707031,1.9530448913574219,21.358749693259597
vit_base,10,98,18.76761245727539,17.033540725708008,0.03041481040418148,10.183235168457031,8.58437728881836,1.7340717315673828,18.73719764687121
vit_base,11,98,17.436092376708984,15.888345718383789,0.028199976310133934,11.693313598632812,5.742778778076172,1.5477466583251953,17.40789240039885
vit_base,12,98,16.704551696777344,15.185972213745117,0.024684956297278404,12.79771900177002,3.906832695007324,1.5185794830322266,16.679866740480065
vit_base,13,98,20.600187301635742,18.76988410949707,0.03184892609715462,15.185699462890625,5.414487838745117,1.8303031921386719,20.568338375538588
vit_base,14,98,18.132246017456055,16.579044342041016,0.0285599734634161,10.772419929504395,7.35982608795166,1.553201675415039,18.10368604399264
vit_base,15,98,21.645771026611328,19.661958694458008,0.033803220838308334,13.806222915649414,7.839548110961914,1.9838123321533203,21.61196780577302
vit_base,16,98,21.053817749023438,19.09237289428711,0.03117940202355385,10.771712303161621,10.282105445861816,1.9614448547363281,21.022638346999884
vit_base,17,98,17.288888931274414,15.710723876953125,0.024574218317866325,13.55172061920166,3.737168312072754,1.578165054321289,17.264314712956548
vit_base,18,98,20.81477928161621,18.854833602905273,0.02889914996922016,11.307873725891113,9.506905555725098,1.9599456787109375,20.78588013164699
vit_base,19,98,19.42619514465332,17.6525821685791,0.02933553047478199,14.39019775390625,5.03599739074707,1.7736129760742188,19.39685961417854
vit_base,20,98,13.251696586608887,12.045490264892578,0.018816791474819183,9.433006286621094,3.818690299987793,1.2062063217163086,13.232879795134068
vit_base,21,98,13.083285331726074,11.827463150024414,0.018184341490268707,7.285149097442627,5.798136234283447,1.2558221817016602,13.065100990235806
vit_base,22,98,15.658753395080566,14.234430313110352,0.02136472426354885,8.884927749633789,6.773825645446777,1.4243230819702148,15.637388670817018
vit_base,23,98,16.766448974609375,15.139236450195312,0.026081200689077377,9.60495376586914,7.161495208740234,1.6272125244140625,16.740367773920298
vit_base,24,98,12.695967674255371,11.551167488098145,0.01827615685760975,10.061511993408203,2.634455680847168,1.1448001861572266,12.677691517397761
vit_base,25,98,14.899550437927246,13.581695556640625,0.021036025136709213,9.23381233215332,5.665738105773926,1.317854881286621,14.878514412790537
vit_base,26,98,16.919219970703125,15.336991310119629,0.022088995203375816,10.108094215393066,6.811125755310059,1.582228660583496,16.89713097549975
vit_base,27,98,15.155433654785156,13.762652397155762,0.022022126242518425,11.009112358093262,4.1463212966918945,1.3927812576293945,15.133411528542638
vit_base,28,98,30.698257446289062,27.881975173950195,0.048902351409196854,12.786365509033203,17.91189193725586,2.816282272338867,30.649355094879866
vit_base,29,98,16.22212791442871,14.732829093933105,0.025545775890350342,8.065731048583984,8.156396865844727,1.4892988204956055,16.19658213853836
vit_base,30,98,17.442068099975586,15.825019836425781,0.02756417728960514,12.035569190979004,5.406498908996582,1.6170482635498047,17.41450392268598
vit_base,31,98,14.20419979095459,12.8743314743042,0.020483748987317085,7.009814739227295,7.194385051727295,1.3298683166503906,14.183716041967273
vit_base,32,98,10.515708923339844,9.598052978515625,0.016835277900099754,7.923202037811279,2.5925068855285645,0.9176559448242188,10.498873645439744
vit_base,33,98,23.68115234375,21.522216796875,0.03311527892947197,13.843417167663574,9.837735176086426,2.158935546875,23.648037064820528
vit_base,34,98,14.701458930969238,13.368223190307617,0.02124756947159767,9.653620719909668,5.04783821105957,1.333235740661621,14.68021136149764
vit_base,35,98,26.603515625,24.34263801574707,0.04107510298490524,15.891258239746094,10.712257385253906,2.2608776092529297,26.562440522015095
vit_base,36,98,20.622787475585938,18.753061294555664,0.03051121160387993,11.207715034484863,9.415072441101074,1.8697261810302734,20.592276263982058
vit_base,37,98,28.317138671875,25.5478572845459,0.04141366854310036,19.036611557006836,9.280527114868164,2.7692813873291016,28.2757250033319
vit_base,38,98,14.346131324768066,13.02521800994873,0.019952524453401566,10.279314041137695,4.066817283630371,1.320913314819336,14.326178800314665
vit_base,39,98,16.976850509643555,15.422871589660645,0.025792868807911873,12.701736450195312,4.275114059448242,1.5539789199829102,16.951057640835643
vit_base,40,98,19.249887466430664,17.48526382446289,0.028388725593686104,10.665300369262695,8.584587097167969,1.7646236419677734,19.221498740836978
vit_base,41,98,25.582433700561523,23.221981048583984,0.0385272353887558,12.808623313903809,12.773810386657715,2.360452651977539,25.543906465172768
vit_base,42,98,24.369272232055664,22.181015014648438,0.035579271614551544,14.086821556091309,10.282450675964355,2.1882572174072266,24.333692960441113
vit_base,43,98,12.541179656982422,11.378162384033203,0.018615959212183952,9.919050216674805,2.622129440307617,1.1630172729492188,12.522563697770238
vit_base,44,98,15.029887199401855,13.625771522521973,0.02483525685966015,8.356146812438965,6.673740386962891,1.4041156768798828,15.005051942542195
vit_base,45,98,17.141254425048828,15.552008628845215,0.024184362962841988,13.75946044921875,3.381793975830078,1.5892457962036133,17.117070062085986
vit_base,46,98,11.862048149108887,10.821173667907715,0.017092591151595116,9.356158256530762,2.505889892578125,1.0408744812011719,11.844955557957292
vit_base,47,98,12.390003204345703,11.252057075500488,0.017562907189130783,8.547242164611816,3.8427610397338867,1.1379461288452148,12.372440297156572
vit_base,48,98,15.507451057434082,14.146139144897461,0.023304397240281105,9.981236457824707,5.526214599609375,1.361311912536621,15.484146660193801
vit_base,49,98,25.55803871154785,23.303146362304688,0.03802219033241272,19.53212547302246,6.025913238525391,2.254892349243164,25.52001652121544
vit_base,50,98,18.817323684692383,17.153667449951172,0.030350537970662117,10.256047248840332,8.56127643585205,1.663656234741211,18.78697314672172
vit_base,51,98,17.15780258178711,15.558837890625,0.02609853446483612,8.281599044799805,8.876203536987305,1.5989646911621094,17.131704047322273
vit_base,52,98,18.721532821655273,16.924226760864258,0.027865035459399223,13.974956512451172,4.746576309204102,1.7973060607910156,18.693667786195874
vit_base,53,98,20.15277671813965,18.304170608520508,0.030445963144302368,13.394784927368164,6.757991790771484,1.8486061096191406,20.122330754995346
vit_base,54,98,17.515886306762695,15.904637336730957,0.025399161502718925,10.002087593078613,7.513798713684082,1.6112489700317383,17.490487145259976
vit_base,55,98,14.273188591003418,12.994300842285156,0.022589093074202538,8.557621002197266,5.715567588806152,1.2788877487182617,14.250599497929215
vit_base,56,98,14.57843017578125,13.31865406036377,0.021743835881352425,10.119606018066406,4.458824157714844,1.2597761154174805,14.556686339899898
vit_base,57,98,25.762493133544922,23.352100372314453,0.03961095213890076,14.269104957580566,11.493388175964355,2.4103927612304688,25.72288218140602
vit_base,58,98,18.463468551635742,16.75449562072754,0.02722558006644249,9.280856132507324,9.182612419128418,1.7089729309082031,18.4362429715693
vit_base,59,98,21.58863067626953,19.69158935546875,0.031176554039120674,13.207755088806152,8.380875587463379,1.8970413208007812,21.55745412223041
vit_base,60,98,15.14321517944336,13.805534362792969,0.023689351975917816,8.422171592712402,6.721043586730957,1.3376808166503906,15.119525827467442
vit_base,61,98,19.177574157714844,17.416316986083984,0.0301579050719738,10.797883033752441,8.379691123962402,1.7612571716308594,19.14741625264287
vit_base,62,98,13.542607307434082,12.31680679321289,0.02031596377491951,10.029828071594238,3.5127792358398438,1.2258005142211914,13.522291343659163
vit_base,63,98,15.430665969848633,14.000276565551758,0.02163744904100895,9.771604537963867,5.659061431884766,1.430389404296875,15.409028520807624
vit_base,64,98,18.513891220092773,16.78975486755371,0.026359321549534798,10.185062408447266,8.328828811645508,1.7241363525390625,18.48753189854324
vit_base,65,98,15.130630493164062,13.817049026489258,0.021819323301315308,9.324882507324219,5.805747985839844,1.3135814666748047,15.108811169862747
vit_base,66,98,11.569513320922852,10.532198905944824,0.016610827296972275,7.056602478027344,4.512910842895508,1.0373144149780273,11.55290249362588
vit_base,67,98,11.048773765563965,10.017059326171875,0.01755441725254059,6.563283920288086,4.485489845275879,1.0317144393920898,11.031219348311424
vit_base,68,98,24.815147399902344,22.609861373901367,0.03609510138630867,13.542325019836426,11.272822380065918,2.2052860260009766,24.779052298516035
vit_base,69,98,19.928831100463867,18.089767456054688,0.028852315619587898,13.708752632141113,6.220078468322754,1.8390636444091797,19.89997878484428
vit_base,70,98,21.037260055541992,19.09527587890625,0.03092348389327526,12.627767562866211,8.409492492675781,1.9419841766357422,21.006336571648717
vit_base,71,98,19.18514633178711,17.509475708007812,0.03412625193595886,16.638427734375,2.5467185974121094,1.6756706237792969,19.15102007985115
vit_base,72,98,16.092435836791992,14.58291244506836,0.02348366752266884,9.542163848876953,6.550271987915039,1.5095233917236328,16.068952169269323
vit_base,73,98,22.208332061767578,20.354019165039062,0.036667004227638245,15.924803733825684,6.2835283279418945,1.8543128967285156,22.17166505753994
vit_base,74,98,11.948288917541504,10.871986389160156,0.016745906323194504,8.664803504943848,3.2834854125976562,1.0763025283813477,11.93154301121831
vit_base,75,98,15.941576957702637,14.512785911560059,0.02404496818780899,9.055007934570312,6.886569023132324,1.4287910461425781,15.917531989514828
vit_base,76,98,21.927026748657227,19.893287658691406,0.03041226975619793,15.371935844421387,6.55509090423584,2.0337390899658203,21.89661447890103
vit_base,77,98,16.500652313232422,14.979532241821289,0.02360301837325096,9.491270065307617,7.009382247924805,1.5211200714111328,16.47704929485917
vit_base,78,98,12.738792419433594,11.578956604003906,0.018285611644387245,7.583067893981934,5.15572452545166,1.1598358154296875,12.720506807789207
vit_base,79,98,26.667543411254883,24.251590728759766,0.041761282831430435,18.494178771972656,8.173364639282227,2.415952682495117,26.625782128423452
vit_base,80,98,26.261430740356445,23.829547882080078,0.038719505071640015,15.169658660888672,11.091772079467773,2.431882858276367,26.222711235284805
vit_base,81,98,18.775527954101562,17.12030792236328,0.027618391439318657,13.593153953552246,5.182374000549316,1.6552200317382812,18.747909562662244
vit_base,82,98,23.819093704223633,21.67731475830078,0.03486170619726181,13.026166915893555,10.792926788330078,2.1417789459228516,23.78423199802637
vit_base,83,98,15.809006690979004,14.385912895202637,0.024242201820015907,9.663139343261719,6.145867347717285,1.4230937957763672,15.784764489158988
vit_base,84,98,9.621573448181152,8.70700454711914,0.012029329314827919,5.809482097625732,3.81209135055542,0.9145689010620117,9.609544118866324
vit_base,85,98,25.773855209350586,23.44441795349121,0.03722400963306427,18.653396606445312,7.120458602905273,2.329437255859375,25.73663119971752
vit_base,86,98,12.696274757385254,11.559865951538086,0.01875123754143715,10.562052726745605,2.1342220306396484,1.136408805847168,12.677523519843817
vit_base,87,98,14.03452205657959,12.772481918334961,0.020087365061044693,10.34154224395752,3.6929798126220703,1.262040138244629,14.014434691518545
vit_base,88,98,23.4149169921875,21.253459930419922,0.03513368219137192,13.993107795715332,9.421809196472168,2.161457061767578,23.379783309996128
vit_base,89,98,17.315750122070312,15.759069442749023,0.024485396221280098,9.441573143005371,7.874176979064941,1.556680679321289,17.291264725849032
vit_base,90,98,35.970027923583984,33.0833854675293,0.0653664618730545,25.832717895507812,10.137310028076172,2.8866424560546875,35.90466146171093
vit_base,91,98,27.680700302124023,25.147380828857422,0.0404793955385685,20.92717933654785,6.753520965576172,2.5333194732666016,27.640220906585455
vit_base,92,98,17.033241271972656,15.533526420593262,0.025904476642608643,10.848077774047852,6.185163497924805,1.4997148513793945,17.007336795330048
vit_base,93,98,18.98564910888672,17.321996688842773,0.02870108373463154,14.000285148620605,4.985363960266113,1.6636524200439453,18.956948025152087
vit_base,94,98,19.372236251831055,17.562488555908203,0.028569906949996948,12.393329620361328,6.978906631469727,1.8097476959228516,19.343666344881058
vit_base,95,98,19.205066680908203,17.494304656982422,0.02928094007074833,10.831557273864746,8.373509407043457,1.7107620239257812,19.175785740837455
vit_base,96,98,26.4855899810791,24.036924362182617,0.040824029594659805,23.251874923706055,3.233715057373047,2.4486656188964844,26.44476595148444
vit_base,97,98,20.00181007385254,18.1672420501709,0.027781622484326363,14.389566421508789,5.61224365234375,1.8345680236816406,19.974028451368213
vit_base,98,98,14.40548038482666,13.069119453430176,0.019050462171435356,10.834770202636719,3.5707101821899414,1.3363609313964844,14.386429922655225
vit_base,99,98,22.26009750366211,20.17282485961914,0.03235233202576637,10.227509498596191,12.032588005065918,2.0872726440429688,22.227745171636343
dinov2,0,128,0.5583754181861877,0.505961000919342,0.0008053908823058009,0.3774500787258148,0.18092533946037292,0.0524144172668457,0.5575700273038819
dinov2,1,128,0.9967635273933411,0.8988232016563416,0.001603596145287156,0.49103865027427673,0.5057248771190643,0.09794032573699951,0.9951599312480539
dinov2,2,128,0.7872487902641296,0.7158627510070801,0.0011964085279032588,0.44119781255722046,0.3460509777069092,0.07138603925704956,0.7860523817362264
dinov2,3,128,0.6870853900909424,0.6259773373603821,0.001175359939225018,0.42352360486984253,0.26356178522109985,0.0611080527305603,0.6859100301517174
dinov2,4,128,0.600208580493927,0.5451870560646057,0.0009695019689388573,0.43218961358070374,0.16801896691322327,0.05502152442932129,0.5992390785249881
dinov2,5,128,0.8943244814872742,0.8112713098526001,0.0013364749029278755,0.5036622285842896,0.3906622529029846,0.08305317163467407,0.8929880065843463
dinov2,6,128,0.580079972743988,0.5282094478607178,0.000834993610624224,0.399933785200119,0.18014618754386902,0.051870524883270264,0.5792449791333638
dinov2,7,128,0.7551621794700623,0.6834208369255066,0.0011754785664379597,0.37828484177589417,0.3768773376941681,0.07174134254455566,0.7539867009036243
dinov2,8,128,0.5785462260246277,0.5257201194763184,0.0010269013000652194,0.44697967171669006,0.13156655430793762,0.052826106548309326,0.5775193247245625
dinov2,9,128,0.7681949138641357,0.7000259160995483,0.0010509792482480407,0.4953685700893402,0.27282634377479553,0.0681689977645874,0.7671439346158877
dinov2,10,128,0.49235764145851135,0.44731488823890686,0.0010120955994352698,0.4329744279384613,0.05938321352005005,0.04504275321960449,0.4913455458590761
dinov2,11,128,0.7056097388267517,0.644766092300415,0.0013081257930025458,0.43279215693473816,0.27281758189201355,0.06084364652633667,0.7043016130337492
dinov2,12,128,0.5647660493850708,0.5163736343383789,0.0008888932643458247,0.4351392090320587,0.12962684035301208,0.048392415046691895,0.563877156120725
dinov2,13,128,0.4769659638404846,0.43287569284439087,0.0007526100962422788,0.2948733866214752,0.1820925772190094,0.04409027099609375,0.47621335374424234
dinov2,14,128,0.6600308418273926,0.6013432741165161,0.0009406711324118078,0.42893120646476746,0.23109963536262512,0.058687567710876465,0.6590901706949808
dinov2,15,128,0.7714928984642029,0.709761917591095,0.0014824764803051949,0.5422078967094421,0.22928500175476074,0.06173098087310791,0.7700104219838977
dinov2,16,128,0.6318162679672241,0.5761251449584961,0.001005447469651699,0.4465881586074829,0.1852281093597412,0.05569112300872803,0.6308108204975724
dinov2,17,128,0.5285833477973938,0.48488929867744446,0.0008149228524416685,0.35189926624298096,0.17668408155441284,0.04369404911994934,0.5277684249449521
dinov2,18,128,0.5602920651435852,0.5113205909729004,0.0014046614523977041,0.49253275990486145,0.06775930523872375,0.048971474170684814,0.5588874036911875
dinov2,19,128,0.5369848608970642,0.4902328550815582,0.001005476457066834,0.32821041345596313,0.20877444744110107,0.04675200581550598,0.5359793844399974
dinov2,20,128,0.668540894985199,0.6120421886444092,0.0012376049999147654,0.536325216293335,0.132215678691864,0.056498706340789795,0.6673032899852842
dinov2,21,128,0.7109726667404175,0.6436595320701599,0.0011106807505711913,0.4676600694656372,0.24331259727478027,0.06731313467025757,0.7098619859898463
dinov2,22,128,0.6337682604789734,0.5779144167900085,0.0009649719577282667,0.3960728645324707,0.23769539594650269,0.055853843688964844,0.6328032885212451
dinov2,23,128,0.8463799357414246,0.7701056003570557,0.0013352977111935616,0.5010344386100769,0.34534549713134766,0.0762743353843689,0.845044638030231
dinov2,24,128,0.6659497618675232,0.6017194986343384,0.001029481296427548,0.4772457778453827,0.1887039840221405,0.06423026323318481,0.6649202805710956
dinov2,25,128,0.5941515564918518,0.5409512519836426,0.001056966371834278,0.3414279520511627,0.2527236044406891,0.05320030450820923,0.5930945901200175
dinov2,26,128,0.7191579937934875,0.6518608331680298,0.0010207111481577158,0.3536744713783264,0.36548352241516113,0.06729716062545776,0.7181372826453298
dinov2,27,128,0.558560848236084,0.5068488121032715,0.0008676693541929126,0.3649090528488159,0.19365179538726807,0.0517120361328125,0.5576931788818911
dinov2,28,128,1.2423433065414429,1.1290757656097412,0.002143280813470483,0.7542024850845337,0.4881408214569092,0.11326754093170166,1.2402000257279724
dinov2,29,128,0.6625814437866211,0.6003143787384033,0.0010750412475317717,0.4630222022533417,0.19955924153327942,0.06226706504821777,0.6615064025390893
dinov2,30,128,0.8620402216911316,0.7810108065605164,0.001382787013426423,0.3941730856895447,0.4678671360015869,0.08102941513061523,0.8606574346777052
dinov2,31,128,0.886593759059906,0.8035329580307007,0.0014160177670419216,0.5155457854270935,0.3710479736328125,0.08306080102920532,0.8851777412928641
dinov2,32,128,0.808057963848114,0.7315287590026855,0.0013523369561880827,0.4273888170719147,0.38066914677619934,0.07652920484542847,0.8067056268919259
dinov2,33,128,0.8808671832084656,0.7994281649589539,0.0012712741736322641,0.4801442623138428,0.4007229208946228,0.08143901824951172,0.8795959090348333
dinov2,34,128,0.6403549909591675,0.5851532816886902,0.001068450277671218,0.44986075162887573,0.19049423933029175,0.055201709270477295,0.6392865406814963
dinov2,35,128,0.6388800740242004,0.5780435800552368,0.0009411210776306689,0.395624577999115,0.24325549602508545,0.06083649396896362,0.6379389529465698
dinov2,36,128,0.7584668397903442,0.6893900632858276,0.001295252237468958,0.5306647419929504,0.2278020977973938,0.0690767765045166,0.7571715875528753
dinov2,37,128,1.1013963222503662,1.0011451244354248,0.0016042350325733423,0.5644062161445618,0.5369901061058044,0.1002511978149414,1.0997920872177929
dinov2,38,128,0.6171839237213135,0.5622097849845886,0.00105303677264601,0.4774909019470215,0.139693021774292,0.054974138736724854,0.6161308869486675
dinov2,39,128,0.7608121633529663,0.6879550814628601,0.0011221581371501088,0.323344349861145,0.4374678134918213,0.0728570818901062,0.7596900052158162
dinov2,40,128,0.9918316602706909,0.9012463688850403,0.0016199700767174363,0.5734372735023499,0.41839438676834106,0.09058529138565063,0.9902116901939735
dinov2,41,128,0.5648802518844604,0.5124089121818542,0.0008481963304802775,0.3728983402252197,0.19198191165924072,0.0524713397026062,0.5640320555539802
dinov2,42,128,0.7995021939277649,0.7264650464057922,0.0012738810619339347,0.522392988204956,0.27710920572280884,0.07303714752197266,0.798228312865831
dinov2,43,128,0.5274732112884521,0.47931522130966187,0.0008566080359742045,0.3829704821109772,0.14450272917747498,0.04815798997879028,0.5266166032524779
dinov2,44,128,0.7158693671226501,0.6531333327293396,0.0012578830355778337,0.5099031329154968,0.20596623420715332,0.06273603439331055,0.7146114840870723
dinov2,45,128,0.6793102025985718,0.6174408793449402,0.0010623587295413017,0.4849347472190857,0.19437545537948608,0.06186932325363159,0.6782478438690305
dinov2,46,128,0.4501076340675354,0.41219040751457214,0.0006866742623969913,0.37530243396759033,0.07480520009994507,0.03791722655296326,0.4494209598051384
dinov2,47,128,0.8366915583610535,0.759139358997345,0.001338210073299706,0.5035608410835266,0.33313071727752686,0.0775521993637085,0.8353533482877538
dinov2,48,128,0.44078749418258667,0.4003348648548126,0.000654146249871701,0.2854170799255371,0.15537041425704956,0.04045262932777405,0.44013334793271497
dinov2,49,128,0.7058705687522888,0.6404642462730408,0.0009757518419064581,0.4025314450263977,0.3033391237258911,0.06540632247924805,0.7048948169103824
dinov2,50,128,0.7163484692573547,0.6517345309257507,0.0011575971730053425,0.41740572452545166,0.2989427447319031,0.064613938331604,0.7151908720843494
dinov2,51,128,0.535025954246521,0.48500311374664307,0.0008213265682570636,0.3577369153499603,0.17728903889656067,0.05002284049987793,0.5342046276782639
dinov2,52,128,0.7982496023178101,0.7261927723884583,0.0012059655273333192,0.5104441046714783,0.2878054976463318,0.0720568299293518,0.7970436367904767
dinov2,53,128,0.703554093837738,0.6375195384025574,0.0010068968404084444,0.31888291239738464,0.3846711814403534,0.06603455543518066,0.7025471969973296
dinov2,54,128,0.8592310547828674,0.7803518772125244,0.0013131900923326612,0.4283170700073242,0.4309139847755432,0.07887917757034302,0.8579178646905348
dinov2,55,128,0.6947861909866333,0.630169153213501,0.0011221145978197455,0.4855602979660034,0.20922589302062988,0.06461703777313232,0.6936640763888136
dinov2,56,128,0.6287588477134705,0.5699670314788818,0.0009119850001297891,0.46584993600845337,0.1629089117050171,0.05879181623458862,0.6278468627133407
dinov2,57,128,1.1058762073516846,1.001234769821167,0.0017515765503048897,0.7243136167526245,0.38156259059906006,0.10464143753051758,1.1041246308013797
dinov2,58,128,0.6391915082931519,0.5826628804206848,0.0010413691634312272,0.40780410170555115,0.2313874065876007,0.05652862787246704,0.6381501391297206
dinov2,59,128,0.7292012572288513,0.6621105074882507,0.0010867147939279675,0.3669583797454834,0.3622428774833679,0.06709074974060059,0.7281145424349234
dinov2,60,128,0.9279870986938477,0.8394604325294495,0.0013891087146475911,0.46325334906578064,0.464733749628067,0.0885266661643982,0.9265979899792001
dinov2,61,128,1.2785933017730713,1.1642683744430542,0.0022699269466102123,0.9481779336929321,0.33041536808013916,0.11432492733001709,1.276323374826461
dinov2,62,128,0.6718333959579468,0.6124059557914734,0.001188867841847241,0.4839256703853607,0.18790772557258606,0.05942744016647339,0.6706445281160995
dinov2,63,128,0.5811152458190918,0.5275856256484985,0.0008380346116609871,0.37589165568351746,0.20522359013557434,0.05352962017059326,0.5802772112074308
dinov2,64,128,0.8383049368858337,0.7637265920639038,0.0013838509330525994,0.6090171933174133,0.2292877435684204,0.07457834482192993,0.8369210859527811
dinov2,65,128,0.5687909722328186,0.518554151058197,0.0009136783191934228,0.3549517095088959,0.21383926272392273,0.05023682117462158,0.5678772939136252
dinov2,66,128,0.8935332894325256,0.8103836178779602,0.0012485076440498233,0.4485574960708618,0.4449757933616638,0.08314967155456543,0.8922847817884758
dinov2,67,128,0.5808764100074768,0.5292404294013977,0.0008572229417040944,0.45310091972351074,0.12777549028396606,0.0516359806060791,0.5800191870657727
dinov2,68,128,1.042700171470642,0.9449617266654968,0.0015504376497119665,0.5814163684844971,0.461283802986145,0.09773844480514526,1.0411497338209301
dinov2,69,128,1.1155128479003906,1.01565682888031,0.001776877441443503,0.7749728560447693,0.34053999185562134,0.09985601902008057,1.1137359704589471
dinov2,70,128,0.6579810380935669,0.5978633165359497,0.001061234506778419,0.47532835602760315,0.18265268206596375,0.06011772155761719,0.6569198035867885
dinov2,71,128,0.604079008102417,0.554466187953949,0.0013325802283361554,0.518390953540802,0.08568805456161499,0.04961282014846802,0.6027464278740808
dinov2,72,128,0.7905796766281128,0.717473566532135,0.0011251221876591444,0.48150739073753357,0.3090722858905792,0.07310611009597778,0.7894545544404536
dinov2,73,128,0.66608065366745,0.6047276258468628,0.001027654972858727,0.48151710629463196,0.184563547372818,0.06135302782058716,0.6650529986945912
dinov2,74,128,0.7067247629165649,0.6437102556228638,0.0010390995303168893,0.4545609951019287,0.25216376781463623,0.06301450729370117,0.705685663386248
dinov2,75,128,0.654746949672699,0.5944840312004089,0.0009903735481202602,0.4552265703678131,0.19952037930488586,0.06026291847229004,0.6537565761245787
dinov2,76,128,0.7212724089622498,0.6562011241912842,0.001143718953244388,0.5787386894226074,0.14253371953964233,0.06507128477096558,0.7201286900090054
dinov2,77,128,0.6525773406028748,0.5957027673721313,0.0009835805976763368,0.3523101210594177,0.30026721954345703,0.05687457323074341,0.6515937600051984
dinov2,78,128,0.6539908051490784,0.5951036214828491,0.0009987984085455537,0.44127756357192993,0.21271324157714844,0.05888718366622925,0.6529920067405328
dinov2,79,128,1.1439216136932373,1.038561463356018,0.0018738099606707692,0.7841585278511047,0.35976308584213257,0.10536015033721924,1.1420478037325665
dinov2,80,128,0.9191403985023499,0.8334817290306091,0.0014628631761297584,0.6594260931015015,0.2597143054008484,0.08565866947174072,0.9176775353262201
dinov2,81,128,0.7628476023674011,0.6965978145599365,0.0013491001445800066,0.5353857278823853,0.22746187448501587,0.0662497878074646,0.7614985022228211
dinov2,82,128,0.5370883941650391,0.4885880947113037,0.0007438244647346437,0.31213098764419556,0.2249574065208435,0.04850029945373535,0.5363445697003044
dinov2,83,128,0.6858506798744202,0.6275383234024048,0.0012696628691628575,0.5164307951927185,0.16941988468170166,0.05831235647201538,0.6845810170052573
dinov2,84,128,0.7254447340965271,0.6642846465110779,0.0012831584317609668,0.38714078068733215,0.33830395340919495,0.06116008758544922,0.7241615756647661
dinov2,85,128,0.8259767889976501,0.752350926399231,0.0013651539338752627,0.5620269179344177,0.2639498710632324,0.07362586259841919,0.8246116350637749
dinov2,86,128,0.7700952291488647,0.6993106603622437,0.001131033874116838,0.5352856516838074,0.23480957746505737,0.0707845687866211,0.7689641952747479
dinov2,87,128,0.6760711669921875,0.61420738697052,0.001235133851878345,0.4097229540348053,0.2663482129573822,0.06186378002166748,0.6748360331403092
dinov2,88,128,0.5469104647636414,0.4975334107875824,0.0007366029894910753,0.3338533341884613,0.21305713057518005,0.04937705397605896,0.5461738617741503
dinov2,89,128,0.5952979326248169,0.5415544509887695,0.0008794021559879184,0.40369027853012085,0.19160765409469604,0.05374348163604736,0.594418530468829
dinov2,90,128,0.8496146202087402,0.7688224911689758,0.0013403883203864098,0.6008855700492859,0.24872905015945435,0.0807921290397644,0.8482742318883538
dinov2,91,128,0.5187803506851196,0.4713468551635742,0.0008568028570152819,0.4415349066257477,0.07724544405937195,0.04743349552154541,0.5179235478281043
dinov2,92,128,0.47988685965538025,0.4381183385848999,0.0007393289124593139,0.29419177770614624,0.185695081949234,0.04176852107048035,0.47914753074292094
dinov2,93,128,0.656960666179657,0.5949485898017883,0.0009719642112031579,0.45650210976600647,0.2004585564136505,0.06201207637786865,0.6559887019684538
dinov2,94,128,0.6738051772117615,0.6115164160728455,0.0009931197855621576,0.4795864522457123,0.1942187249660492,0.062288761138916016,0.6728120574261993
dinov2,95,128,0.8014854788780212,0.7286748886108398,0.001370716723613441,0.6068553328514099,0.19463014602661133,0.0728105902671814,0.8001147621544078
dinov2,96,128,0.6658911108970642,0.6039215326309204,0.001081011607311666,0.3371087610721588,0.3287823498249054,0.0619695782661438,0.6648100992897525
dinov2,97,128,0.7391141653060913,0.6714512705802917,0.001131547731347382,0.4375908076763153,0.301523357629776,0.06766289472579956,0.7379826175747439
dinov2,98,128,0.5577732920646667,0.5123918056488037,0.0010147115681320429,0.49304836988449097,0.06472492218017578,0.04538148641586304,0.5567585804965347
dinov2,99,128,0.9471776485443115,0.8526427149772644,0.0016221960540860891,0.5068764686584473,0.44030117988586426,0.09453493356704712,0.9455554524902254
