architecture,q,mean_je,carrier_delta_norm,objective_value,hessian_condition_number,gain_vs_group_mean,recovery_vs_legacy_pct,recovery_vs_stabilized_pct,denominator_inflation_factor
deit_tiny,1,3.766087293624878,6.826107501983643,14.230009246831395,1.0,0.3925020694732666,104.9269903184892,9.453592734117962,11.099165499250702
deit_tiny,2,3.6937248706817627,9.012097358703613,13.724821319095756,4.353024005889893,0.46486449241638184,124.27152845497365,11.196474947901546,11.099165499250702
deit_tiny,4,3.489990234375,11.932761192321777,12.322422625705848,7.776907920837402,0.6685991287231445,178.7356036125611,16.10351729818133,11.099165499250702
deit_tiny,8,3.201139450073242,16.150632858276367,10.508136720538056,13.78804874420166,0.9574499130249023,255.95365112143637,23.060621191630634,11.099165499250702
deit_tiny,16,2.6028521060943604,23.823461532592773,7.342396405594775,46.19254684448242,1.5557372570037842,415.89291063563996,37.47064683950488,11.099165499250702
deit_tiny,32,1.2877951860427856,34.97280502319336,2.881513532385272,536115.6875,2.870794177055359,767.4451072996934,69.14439714873187,11.099165499250702
deit_tiny,64,0.29007837176322937,25.571456909179688,0.7380448702228399,15910064.0,3.868510991334915,1034.163248819289,93.17486516343097,11.099165499250702
deit_small,1,10.330248832702637,42.35464096069336,108.50795655646343,1.0,2.19315242767334,189.16068673029912,17.539870133053633,10.784611590357704
deit_small,2,9.268854141235352,34.254764556884766,87.08504598634333,8.305010795593262,3.254547119140625,280.70660310002535,26.0284388313993,10.784611590357702
deit_small,4,8.781050682067871,37.09836959838867,78.48314010790327,14.109233856201172,3.7423505783081055,322.779938341674,29.929676709939635,10.784611590357702
deit_small,8,8.066271781921387,47.22434616088867,67.29487933014467,29.492155075073242,4.45712947845459,384.4300388572481,35.64616450359316,10.784611590357702
deit_small,16,6.60230016708374,66.9624252319336,48.074333889216284,91.9697265625,5.921101093292236,510.6984516324322,47.35436666898946,10.784611590357702
deit_small,32,3.5163824558258057,95.04811096191406,21.399088973067855,783215.3125,9.007018804550171,776.8606691277354,72.0341815390283,10.784611590357702
deit_small,64,0.9936704635620117,75.62958526611328,6.707215157679842,18287048.0,11.529730796813965,994.4460621255341,92.20972436454252,10.7846115903577
vit_base,1,17.264013290405273,62.265663146972656,301.92316769842216,1.0,1.3248825073242188,78.46712236384154,7.137972251327517,10.99291501858224
vit_base,2,17.04535675048828,64.94171905517578,294.7616136252578,4.202427387237549,1.543539047241211,91.4172136953155,8.316012044192586,10.992915018582243
vit_base,4,16.08745002746582,81.76775360107422,265.492013915176,6.075976371765137,2.501445770263672,148.14993047059716,13.476855794861232,10.992915018582242
vit_base,8,14.687078475952148,103.20669555664062,226.36189616649798,11.463187217712402,3.9018173217773438,231.08794593990086,21.021534829412726,10.992915018582243
vit_base,16,11.808582305908203,136.98342895507812,158.20707588369925,40.522132873535156,6.780313491821289,401.56895836934063,36.529797391368454,10.99291501858224
vit_base,32,6.516563415527344,178.67245483398438,74.38944486499159,397186.90625,12.072332382202148,714.9925952033184,65.04121918478464,10.99291501858224
vit_base,64,2.02036452293396,144.14306640625,24.859096398526766,8815662.0,16.568531274795532,981.2832185053269,89.26505998150462,10.992915018582243
dinov2,1,0.6625341773033142,1.7876546382904053,0.4421472452007806,1.0,0.0594748854637146,90.54342953691253,8.250636953516636,10.974113883210018
dinov2,2,0.648829460144043,2.3711559772491455,0.4266020490192546,3.7729179859161377,0.07317960262298584,111.40722915180783,10.151820031889475,10.974113883210014
dinov2,4,0.6030904054641724,3.2060928344726562,0.37399706842619673,6.945969104766846,0.11891865730285645,181.03949228610992,16.49695767811318,10.974113883210016
dinov2,8,0.5514792799949646,4.228007793426514,0.3220054461650399,15.795136451721191,0.1705297827720642,259.611283821429,23.656696712308094,10.974113883210018
dinov2,16,0.46512171626091003,5.671875,0.2485083769531195,73.69780731201172,0.2568873465061188,391.0803892424762,35.63662573620769,10.974113883210016
dinov2,32,0.3002760708332062,7.273963451385498,0.14307626300712067,383822.71875,0.42173299193382263,642.0382509496043,58.504792075458475,10.974113883210018
dinov2,64,0.15039649605751038,6.847622394561768,0.06950903848488058,6240979.0,0.5716125667095184,870.2120525789493,79.29679442367926,10.974113883210018
