architecture,batch_size,gate_ms,basis_ms,predictor_ms,carrier_apply_ms,total_operator_ms,overhead_per_image_ms,sub_0_25ms_confirmed
deit_tiny,8,0.2899865531921387,0.9397977447509765,0.3416115188598633,0.1697203254699707,1.741116142272949,0.21763951778411864,True
deit_tiny,16,0.7077977752685547,1.1075405120849608,0.41975425720214843,0.09794560432434082,2.333038148880005,0.1458148843050003,True
deit_tiny,32,0.5501926422119141,2.9293722534179687,0.40720382690429685,0.1289420795440674,4.015710802078248,0.12549096256494524,True
deit_tiny,64,0.6169369506835938,6.334157104492188,0.4085094451904297,0.25436159133911135,7.613965091705323,0.11896820455789567,True
deit_small,8,0.6692364501953125,1.1020403289794922,0.35491966247558593,0.09738495826721191,2.2235813999176024,0.2779476749897003,False
deit_small,16,0.5667046356201172,2.8120806884765623,0.3696985626220703,0.11628671646118165,3.8647706031799314,0.2415481626987457,True
deit_small,32,0.5823462295532227,6.079508666992187,0.4577638244628906,0.22814720153808593,7.347765922546387,0.22961768507957458,True
deit_small,64,0.5916672134399414,12.274442138671875,0.510835189819336,0.455338249206543,13.832282791137695,0.21612941861152649,True
vit_base,8,0.67364990234375,2.8176177978515624,0.36736000061035157,0.11169919967651368,3.9703269004821777,0.4962908625602722,False
vit_base,16,0.6986649322509766,6.075408935546875,0.3697843170166016,0.22626688003540038,7.370125064849853,0.46063281655311583,False
vit_base,32,0.6391142272949218,12.264207763671875,0.3906150436401367,0.44986366271972655,13.74380069732666,0.42949377179145815,False
vit_base,64,1.6135142517089844,26.55150390625,0.42382465362548827,0.8980249786376953,29.48686779022217,0.4607323092222214,False
dinov2,8,0.6851097869873047,1.244074249267578,0.3969036865234375,0.09579135894775391,2.4218790817260745,0.3027348852157593,False
dinov2,16,0.6886348724365234,3.9254336547851563,0.43017601013183593,0.14847999572753906,5.192724533081054,0.3245452833175659,False
dinov2,32,0.589794578552246,7.974978637695313,0.37992191314697266,0.2974515151977539,9.242146644592285,0.2888170826435089,False
dinov2,64,0.7998041534423828,16.105638427734377,0.38552448272705075,0.5908390426635742,17.881806106567385,0.2794032204151154,False
